Using device: mps
============================================================
  CNN-RNN Invernadero 4
  Train: ['T13', 'T14', 'T15'] | Val: T16 | Test: T17
  HORIZON=4 (doc) | seq_len=6 | eff_horizon = gap - seq_len (per temporada)
============================================================
    T13: sensor ISO sem 26 → prod ISO sem 36  gap=10 sem
    T14: sensor ISO sem 25 → prod ISO sem 35  gap=10 sem
    T15: sensor ISO sem 26 → prod ISO sem 34  gap=8 sem
    T16: sensor ISO sem 25 → prod ISO sem 31  gap=6 sem
    T17: sensor ISO sem 21 → prod ISO sem 32  gap=11 sem
  Invernadero 4:
    Train samples: 110 (T13,T14,T15)
    Val samples:   41 (T16)
    Test samples:  39 (T17)
    Features (29): ['temp_prom_int', 'temp_min_int', 'temp_max_int', 'hr_prom_int', 'co2_ppm', 'deficit_humedad', 'deficit_presion_vapor', 'humedad_abs_int', 'temp_prom_ext', 'temp_max_ext', 'temp_min_ext', 'hr_prom_ext', 'rad_sum', 'rad_max', 'dh_ext', 'humedad_abs_ext', 'riego_total', 'ph_promedio', 'ce_promedio', 'dias_desde_transplante', 'week_in_season', 'RACIMOS PUESTOS', 'FLORES EN RACIMO ABIERTAS', 'CANTIDAD DE RACIMOS EN PLANTA', 'CANTIDAD DE TOMATES', 'Nº DE RACIMO EN COSECHA', 'TOMATES MADUROS (COLOR 2)', 'DIAMETRO DEL FRUTO cm', 'CRECIMIENTO PLANTA (cm)']
  Temporal features (2): ['dias_desde_transplante', 'week_in_season']
  Sensor features (19): ['temp_prom_int', 'temp_min_int', 'temp_max_int', 'hr_prom_int', 'co2_ppm', 'deficit_humedad', 'deficit_presion_vapor', 'humedad_abs_int', 'temp_prom_ext', 'temp_max_ext', 'temp_min_ext', 'hr_prom_ext', 'rad_sum', 'rad_max', 'dh_ext', 'humedad_abs_ext', 'riego_total', 'ph_promedio', 'ce_promedio']
  Phenology features (8): ['RACIMOS PUESTOS', 'FLORES EN RACIMO ABIERTAS', 'CANTIDAD DE RACIMOS EN PLANTA', 'CANTIDAD DE TOMATES', 'Nº DE RACIMO EN COSECHA', 'TOMATES MADUROS (COLOR 2)', 'DIAMETRO DEL FRUTO cm', 'CRECIMIENTO PLANTA (cm)']
  Box-Cox λ = 1.1921
  Gap-norm applied (HORIZON=4, seq_len=6): sensor frames trimmed per season
  PCA (sensor only): 19 -> 6 components
  CNN input: 6 PCA + 8 pheno = 14 channels
  HORIZON=4 (doc) | seq_len=6 | eff_horizon = gap - seq_len (per temporada, shown above)
  Sequences — train: 110, val: 41, test: 39
  Train y variance (scaled boxcox): 0.129041

  216 runs (54 seeds × 4 inits)
  Epoch    1/1000 | Train: 0.131027 | Val Loss: 0.173898 | Val Corr: 0.2165
  Epoch   20/1000 | Train: 0.066185 | Val Loss: 0.171009 | Val Corr: 0.5442
  Epoch   40/1000 | Train: 0.049670 | Val Loss: 0.175769 | Val Corr: 0.5683
  Epoch   60/1000 | Train: 0.043957 | Val Loss: 0.155412 | Val Corr: 0.6264
  Epoch   80/1000 | Train: 0.035766 | Val Loss: 0.178611 | Val Corr: 0.6105
  Epoch  100/1000 | Train: 0.030563 | Val Loss: 0.168664 | Val Corr: 0.6331
  Epoch  120/1000 | Train: 0.028781 | Val Loss: 0.169958 | Val Corr: 0.6400
  Epoch  140/1000 | Train: 0.026540 | Val Loss: 0.164101 | Val Corr: 0.6590
  Epoch  160/1000 | Train: 0.024843 | Val Loss: 0.181121 | Val Corr: 0.6168
  Epoch  180/1000 | Train: 0.025733 | Val Loss: 0.201518 | Val Corr: 0.5274
  Epoch  200/1000 | Train: 0.026445 | Val Loss: 0.191122 | Val Corr: 0.6022
  Epoch  220/1000 | Train: 0.020768 | Val Loss: 0.190516 | Val Corr: 0.6203
  Epoch  240/1000 | Train: 0.022297 | Val Loss: 0.196296 | Val Corr: 0.5681
  Epoch  260/1000 | Train: 0.018826 | Val Loss: 0.194762 | Val Corr: 0.5827
  Epoch  280/1000 | Train: 0.018619 | Val Loss: 0.196661 | Val Corr: 0.5794
  Epoch  300/1000 | Train: 0.019799 | Val Loss: 0.193486 | Val Corr: 0.5886
  Epoch  320/1000 | Train: 0.018745 | Val Loss: 0.202615 | Val Corr: 0.5737
  Epoch  340/1000 | Train: 0.019506 | Val Loss: 0.203646 | Val Corr: 0.5133
  Early stopping at epoch 358
    [default] s42: R²=0.1951, MAPE=21.43%
  Epoch    1/1000 | Train: 0.117210 | Val Loss: 0.173038 | Val Corr: 0.0552
  Epoch   20/1000 | Train: 0.055629 | Val Loss: 0.172441 | Val Corr: 0.5973
  Epoch   40/1000 | Train: 0.050318 | Val Loss: 0.161283 | Val Corr: 0.6029
  Epoch   60/1000 | Train: 0.041951 | Val Loss: 0.149821 | Val Corr: 0.6327
  Epoch   80/1000 | Train: 0.032812 | Val Loss: 0.142820 | Val Corr: 0.6473
  Epoch  100/1000 | Train: 0.036839 | Val Loss: 0.157854 | Val Corr: 0.6518
  Epoch  120/1000 | Train: 0.034644 | Val Loss: 0.170752 | Val Corr: 0.5985
  Epoch  140/1000 | Train: 0.025435 | Val Loss: 0.173560 | Val Corr: 0.6190
  Epoch  160/1000 | Train: 0.023817 | Val Loss: 0.172203 | Val Corr: 0.6190
  Epoch  180/1000 | Train: 0.023992 | Val Loss: 0.143776 | Val Corr: 0.6253
  Epoch  200/1000 | Train: 0.020587 | Val Loss: 0.158501 | Val Corr: 0.6809
  Epoch  220/1000 | Train: 0.024467 | Val Loss: 0.173682 | Val Corr: 0.6261
  Epoch  240/1000 | Train: 0.020217 | Val Loss: 0.173764 | Val Corr: 0.6411
  Epoch  260/1000 | Train: 0.023125 | Val Loss: 0.172736 | Val Corr: 0.6438
  Epoch  280/1000 | Train: 0.021027 | Val Loss: 0.159696 | Val Corr: 0.6299
  Epoch  300/1000 | Train: 0.021955 | Val Loss: 0.153004 | Val Corr: 0.6158
  Epoch  320/1000 | Train: 0.022722 | Val Loss: 0.171341 | Val Corr: 0.6558
  Epoch  340/1000 | Train: 0.022436 | Val Loss: 0.173709 | Val Corr: 0.6563
  Epoch  360/1000 | Train: 0.018337 | Val Loss: 0.162825 | Val Corr: 0.6508
  Epoch  380/1000 | Train: 0.022266 | Val Loss: 0.171395 | Val Corr: 0.6402
  Epoch  400/1000 | Train: 0.018900 | Val Loss: 0.165745 | Val Corr: 0.6605
  Epoch  420/1000 | Train: 0.017586 | Val Loss: 0.179943 | Val Corr: 0.6450
  Epoch  440/1000 | Train: 0.017015 | Val Loss: 0.173752 | Val Corr: 0.6482
  Epoch  460/1000 | Train: 0.016788 | Val Loss: 0.184892 | Val Corr: 0.6314
  Epoch  480/1000 | Train: 0.022019 | Val Loss: 0.174520 | Val Corr: 0.6422
  Epoch  500/1000 | Train: 0.021449 | Val Loss: 0.182152 | Val Corr: 0.6526
  Epoch  520/1000 | Train: 0.021029 | Val Loss: 0.171659 | Val Corr: 0.6771
  Epoch  540/1000 | Train: 0.019631 | Val Loss: 0.153974 | Val Corr: 0.6704
  Epoch  560/1000 | Train: 0.018309 | Val Loss: 0.171951 | Val Corr: 0.6937
  Epoch  580/1000 | Train: 0.014085 | Val Loss: 0.155799 | Val Corr: 0.6558
  Epoch  600/1000 | Train: 0.019889 | Val Loss: 0.172219 | Val Corr: 0.6362
  Epoch  620/1000 | Train: 0.016520 | Val Loss: 0.171091 | Val Corr: 0.5919
  Epoch  640/1000 | Train: 0.018080 | Val Loss: 0.158383 | Val Corr: 0.6587
  Epoch  660/1000 | Train: 0.018595 | Val Loss: 0.152469 | Val Corr: 0.6662
  Epoch  680/1000 | Train: 0.019546 | Val Loss: 0.173172 | Val Corr: 0.6644
  Epoch  700/1000 | Train: 0.017561 | Val Loss: 0.170487 | Val Corr: 0.6793
  Epoch  720/1000 | Train: 0.014832 | Val Loss: 0.155291 | Val Corr: 0.6558
  Epoch  740/1000 | Train: 0.016135 | Val Loss: 0.158895 | Val Corr: 0.6529
  Epoch  760/1000 | Train: 0.015159 | Val Loss: 0.175866 | Val Corr: 0.6578
  Epoch  780/1000 | Train: 0.015492 | Val Loss: 0.166199 | Val Corr: 0.6820
  Epoch  800/1000 | Train: 0.019101 | Val Loss: 0.160348 | Val Corr: 0.6338
  Early stopping at epoch 815
    [default] s7: R²=0.3251, MAPE=18.62%
  Epoch    1/1000 | Train: 0.128689 | Val Loss: 0.178541 | Val Corr: 0.1703
  Epoch   20/1000 | Train: 0.056534 | Val Loss: 0.157985 | Val Corr: 0.5915
  Epoch   40/1000 | Train: 0.050718 | Val Loss: 0.163082 | Val Corr: 0.6153
  Epoch   60/1000 | Train: 0.045771 | Val Loss: 0.183725 | Val Corr: 0.5428
  Epoch   80/1000 | Train: 0.037720 | Val Loss: 0.193250 | Val Corr: 0.4970
  Epoch  100/1000 | Train: 0.037442 | Val Loss: 0.207401 | Val Corr: 0.5336
  Epoch  120/1000 | Train: 0.030578 | Val Loss: 0.211759 | Val Corr: 0.5133
  Epoch  140/1000 | Train: 0.029588 | Val Loss: 0.211815 | Val Corr: 0.4711
  Epoch  160/1000 | Train: 0.024321 | Val Loss: 0.217266 | Val Corr: 0.4874
  Epoch  180/1000 | Train: 0.024315 | Val Loss: 0.208415 | Val Corr: 0.5240
  Epoch  200/1000 | Train: 0.022653 | Val Loss: 0.224129 | Val Corr: 0.4716
  Epoch  220/1000 | Train: 0.025628 | Val Loss: 0.214891 | Val Corr: 0.4315
  Epoch  240/1000 | Train: 0.020453 | Val Loss: 0.198094 | Val Corr: 0.5569
  Epoch  260/1000 | Train: 0.023296 | Val Loss: 0.194744 | Val Corr: 0.5999
  Epoch  280/1000 | Train: 0.017920 | Val Loss: 0.197559 | Val Corr: 0.5153
  Early stopping at epoch 294
    [default] s123: R²=0.2931, MAPE=18.94%
  Epoch    1/1000 | Train: 0.094153 | Val Loss: 0.168062 | Val Corr: 0.1405
  Epoch   20/1000 | Train: 0.053575 | Val Loss: 0.145722 | Val Corr: 0.6009
  Epoch   40/1000 | Train: 0.049738 | Val Loss: 0.181112 | Val Corr: 0.5591
  Epoch   60/1000 | Train: 0.039934 | Val Loss: 0.169137 | Val Corr: 0.6442
  Epoch   80/1000 | Train: 0.032803 | Val Loss: 0.200466 | Val Corr: 0.5604
  Epoch  100/1000 | Train: 0.027940 | Val Loss: 0.184062 | Val Corr: 0.6314
  Epoch  120/1000 | Train: 0.025626 | Val Loss: 0.195077 | Val Corr: 0.6124
  Epoch  140/1000 | Train: 0.028394 | Val Loss: 0.210713 | Val Corr: 0.5447
  Epoch  160/1000 | Train: 0.021892 | Val Loss: 0.219693 | Val Corr: 0.5303
  Epoch  180/1000 | Train: 0.025218 | Val Loss: 0.208004 | Val Corr: 0.5699
  Epoch  200/1000 | Train: 0.022046 | Val Loss: 0.207161 | Val Corr: 0.5490
  Epoch  220/1000 | Train: 0.022261 | Val Loss: 0.216566 | Val Corr: 0.5583
  Epoch  240/1000 | Train: 0.018226 | Val Loss: 0.207097 | Val Corr: 0.5588
  Epoch  260/1000 | Train: 0.026441 | Val Loss: 0.199404 | Val Corr: 0.5765
  Epoch  280/1000 | Train: 0.020721 | Val Loss: 0.194813 | Val Corr: 0.6472
  Early stopping at epoch 282
    [default] s2024: R²=0.0942, MAPE=20.70%
  Epoch    1/1000 | Train: 0.141734 | Val Loss: 0.182419 | Val Corr: 0.4065
  Epoch   20/1000 | Train: 0.058982 | Val Loss: 0.169392 | Val Corr: 0.5736
  Epoch   40/1000 | Train: 0.047563 | Val Loss: 0.162228 | Val Corr: 0.5888
  Epoch   60/1000 | Train: 0.042322 | Val Loss: 0.174465 | Val Corr: 0.6022
  Epoch   80/1000 | Train: 0.033661 | Val Loss: 0.177662 | Val Corr: 0.6089
  Epoch  100/1000 | Train: 0.032987 | Val Loss: 0.187915 | Val Corr: 0.5618
  Epoch  120/1000 | Train: 0.029741 | Val Loss: 0.198547 | Val Corr: 0.5285
  Epoch  140/1000 | Train: 0.029516 | Val Loss: 0.187336 | Val Corr: 0.5959
  Epoch  160/1000 | Train: 0.022080 | Val Loss: 0.198410 | Val Corr: 0.5986
  Epoch  180/1000 | Train: 0.024676 | Val Loss: 0.183176 | Val Corr: 0.5886
  Epoch  200/1000 | Train: 0.027618 | Val Loss: 0.180466 | Val Corr: 0.6130
  Epoch  220/1000 | Train: 0.022442 | Val Loss: 0.169761 | Val Corr: 0.6604
  Epoch  240/1000 | Train: 0.024746 | Val Loss: 0.187236 | Val Corr: 0.6290
  Epoch  260/1000 | Train: 0.022122 | Val Loss: 0.198524 | Val Corr: 0.6190
  Epoch  280/1000 | Train: 0.022383 | Val Loss: 0.189222 | Val Corr: 0.6557
  Epoch  300/1000 | Train: 0.022472 | Val Loss: 0.180648 | Val Corr: 0.6579
  Epoch  320/1000 | Train: 0.020461 | Val Loss: 0.172645 | Val Corr: 0.6502
  Epoch  340/1000 | Train: 0.017852 | Val Loss: 0.182435 | Val Corr: 0.6647
  Epoch  360/1000 | Train: 0.020661 | Val Loss: 0.174614 | Val Corr: 0.6696
  Epoch  380/1000 | Train: 0.019262 | Val Loss: 0.178877 | Val Corr: 0.6531
  Epoch  400/1000 | Train: 0.017739 | Val Loss: 0.174098 | Val Corr: 0.6346
  Epoch  420/1000 | Train: 0.019626 | Val Loss: 0.188582 | Val Corr: 0.5998
  Epoch  440/1000 | Train: 0.018068 | Val Loss: 0.191776 | Val Corr: 0.6334
  Epoch  460/1000 | Train: 0.018242 | Val Loss: 0.178160 | Val Corr: 0.6163
  Epoch  480/1000 | Train: 0.021523 | Val Loss: 0.172891 | Val Corr: 0.6516
  Epoch  500/1000 | Train: 0.016432 | Val Loss: 0.173235 | Val Corr: 0.6724
  Epoch  520/1000 | Train: 0.017773 | Val Loss: 0.177626 | Val Corr: 0.6749
  Epoch  540/1000 | Train: 0.021175 | Val Loss: 0.194116 | Val Corr: 0.5951
  Epoch  560/1000 | Train: 0.021853 | Val Loss: 0.165594 | Val Corr: 0.6691
  Epoch  580/1000 | Train: 0.018092 | Val Loss: 0.187147 | Val Corr: 0.6443
  Early stopping at epoch 599
    [default] s99: R²=0.4015, MAPE=17.38%
  Epoch    1/1000 | Train: 0.122970 | Val Loss: 0.180805 | Val Corr: 0.2694
  Epoch   20/1000 | Train: 0.054356 | Val Loss: 0.164886 | Val Corr: 0.5469
  Epoch   40/1000 | Train: 0.048558 | Val Loss: 0.175465 | Val Corr: 0.5929
  Epoch   60/1000 | Train: 0.037305 | Val Loss: 0.172675 | Val Corr: 0.6382
  Epoch   80/1000 | Train: 0.036874 | Val Loss: 0.166608 | Val Corr: 0.6753
  Epoch  100/1000 | Train: 0.031986 | Val Loss: 0.181715 | Val Corr: 0.6442
  Epoch  120/1000 | Train: 0.031593 | Val Loss: 0.179650 | Val Corr: 0.6452
  Epoch  140/1000 | Train: 0.029543 | Val Loss: 0.176813 | Val Corr: 0.6603
  Epoch  160/1000 | Train: 0.024799 | Val Loss: 0.167730 | Val Corr: 0.7126
  Epoch  180/1000 | Train: 0.022735 | Val Loss: 0.179919 | Val Corr: 0.6655
  Epoch  200/1000 | Train: 0.025080 | Val Loss: 0.192654 | Val Corr: 0.6205
  Epoch  220/1000 | Train: 0.017717 | Val Loss: 0.184691 | Val Corr: 0.6383
  Epoch  240/1000 | Train: 0.020060 | Val Loss: 0.189032 | Val Corr: 0.6642
  Epoch  260/1000 | Train: 0.024823 | Val Loss: 0.174080 | Val Corr: 0.6837
  Epoch  280/1000 | Train: 0.024280 | Val Loss: 0.160772 | Val Corr: 0.7137
  Epoch  300/1000 | Train: 0.021204 | Val Loss: 0.167894 | Val Corr: 0.6296
  Epoch  320/1000 | Train: 0.021133 | Val Loss: 0.189189 | Val Corr: 0.6339
  Epoch  340/1000 | Train: 0.021875 | Val Loss: 0.176993 | Val Corr: 0.6809
  Epoch  360/1000 | Train: 0.022126 | Val Loss: 0.179053 | Val Corr: 0.6739
  Early stopping at epoch 362
    [default] s13: R²=0.1162, MAPE=23.18%
  Epoch    1/1000 | Train: 0.104509 | Val Loss: 0.161458 | Val Corr: 0.2168
  Epoch   20/1000 | Train: 0.055179 | Val Loss: 0.159645 | Val Corr: 0.6132
  Epoch   40/1000 | Train: 0.050813 | Val Loss: 0.151107 | Val Corr: 0.6818
  Epoch   60/1000 | Train: 0.039126 | Val Loss: 0.177723 | Val Corr: 0.5875
  Epoch   80/1000 | Train: 0.034111 | Val Loss: 0.178206 | Val Corr: 0.6083
  Epoch  100/1000 | Train: 0.025820 | Val Loss: 0.186740 | Val Corr: 0.5831
  Epoch  120/1000 | Train: 0.024250 | Val Loss: 0.188386 | Val Corr: 0.5996
  Epoch  140/1000 | Train: 0.026190 | Val Loss: 0.170209 | Val Corr: 0.6134
  Epoch  160/1000 | Train: 0.024715 | Val Loss: 0.184260 | Val Corr: 0.5872
  Epoch  180/1000 | Train: 0.022390 | Val Loss: 0.193623 | Val Corr: 0.5520
  Epoch  200/1000 | Train: 0.021742 | Val Loss: 0.214982 | Val Corr: 0.4916
  Epoch  220/1000 | Train: 0.021724 | Val Loss: 0.212219 | Val Corr: 0.5257
  Epoch  240/1000 | Train: 0.019767 | Val Loss: 0.191004 | Val Corr: 0.6089
  Epoch  260/1000 | Train: 0.024447 | Val Loss: 0.205400 | Val Corr: 0.5360
  Early stopping at epoch 262
    [default] s55: R²=0.3195, MAPE=18.92%
  Epoch    1/1000 | Train: 0.131695 | Val Loss: 0.193437 | Val Corr: 0.2442
  Epoch   20/1000 | Train: 0.059713 | Val Loss: 0.164276 | Val Corr: 0.6210
  Epoch   40/1000 | Train: 0.049427 | Val Loss: 0.166299 | Val Corr: 0.6456
  Epoch   60/1000 | Train: 0.044364 | Val Loss: 0.185262 | Val Corr: 0.5914
  Epoch   80/1000 | Train: 0.036680 | Val Loss: 0.193060 | Val Corr: 0.5515
  Epoch  100/1000 | Train: 0.033269 | Val Loss: 0.192944 | Val Corr: 0.5840
  Epoch  120/1000 | Train: 0.031498 | Val Loss: 0.195649 | Val Corr: 0.5868
  Epoch  140/1000 | Train: 0.027554 | Val Loss: 0.204504 | Val Corr: 0.5201
  Epoch  160/1000 | Train: 0.027623 | Val Loss: 0.198044 | Val Corr: 0.5957
  Epoch  180/1000 | Train: 0.021408 | Val Loss: 0.194954 | Val Corr: 0.6296
  Epoch  200/1000 | Train: 0.023783 | Val Loss: 0.198382 | Val Corr: 0.5204
  Epoch  220/1000 | Train: 0.025382 | Val Loss: 0.201083 | Val Corr: 0.5977
  Epoch  240/1000 | Train: 0.022167 | Val Loss: 0.199064 | Val Corr: 0.5967
  Epoch  260/1000 | Train: 0.020079 | Val Loss: 0.205314 | Val Corr: 0.5822
  Epoch  280/1000 | Train: 0.020930 | Val Loss: 0.211179 | Val Corr: 0.5658
  Epoch  300/1000 | Train: 0.023603 | Val Loss: 0.193450 | Val Corr: 0.5937
  Epoch  320/1000 | Train: 0.023775 | Val Loss: 0.197485 | Val Corr: 0.6286
  Epoch  340/1000 | Train: 0.020110 | Val Loss: 0.209296 | Val Corr: 0.5850
  Epoch  360/1000 | Train: 0.017667 | Val Loss: 0.209416 | Val Corr: 0.5894
  Epoch  380/1000 | Train: 0.021138 | Val Loss: 0.188729 | Val Corr: 0.6192
  Epoch  400/1000 | Train: 0.018751 | Val Loss: 0.210567 | Val Corr: 0.5807
  Epoch  420/1000 | Train: 0.023340 | Val Loss: 0.186724 | Val Corr: 0.6126
  Epoch  440/1000 | Train: 0.017734 | Val Loss: 0.199860 | Val Corr: 0.6119
  Epoch  460/1000 | Train: 0.018726 | Val Loss: 0.197191 | Val Corr: 0.5977
  Epoch  480/1000 | Train: 0.021699 | Val Loss: 0.202654 | Val Corr: 0.5767
  Epoch  500/1000 | Train: 0.017771 | Val Loss: 0.204934 | Val Corr: 0.5884
  Epoch  520/1000 | Train: 0.019393 | Val Loss: 0.212961 | Val Corr: 0.5660
  Epoch  540/1000 | Train: 0.019081 | Val Loss: 0.214087 | Val Corr: 0.5608
  Epoch  560/1000 | Train: 0.016612 | Val Loss: 0.220185 | Val Corr: 0.5495
  Epoch  580/1000 | Train: 0.019529 | Val Loss: 0.186000 | Val Corr: 0.6394
  Epoch  600/1000 | Train: 0.017540 | Val Loss: 0.225538 | Val Corr: 0.5373
  Epoch  620/1000 | Train: 0.021251 | Val Loss: 0.226539 | Val Corr: 0.5049
  Epoch  640/1000 | Train: 0.017229 | Val Loss: 0.214085 | Val Corr: 0.5872
  Epoch  660/1000 | Train: 0.018441 | Val Loss: 0.214863 | Val Corr: 0.5749
  Early stopping at epoch 662
    [default] s777: R²=0.1911, MAPE=19.11%
  Epoch    1/1000 | Train: 0.113064 | Val Loss: 0.178575 | Val Corr: 0.1420
  Epoch   20/1000 | Train: 0.055730 | Val Loss: 0.172174 | Val Corr: 0.5244
  Epoch   40/1000 | Train: 0.044366 | Val Loss: 0.183721 | Val Corr: 0.5295
  Epoch   60/1000 | Train: 0.037815 | Val Loss: 0.199036 | Val Corr: 0.5022
  Epoch   80/1000 | Train: 0.034218 | Val Loss: 0.190809 | Val Corr: 0.5606
  Epoch  100/1000 | Train: 0.027968 | Val Loss: 0.195661 | Val Corr: 0.5807
  Epoch  120/1000 | Train: 0.031012 | Val Loss: 0.164705 | Val Corr: 0.6410
  Epoch  140/1000 | Train: 0.024744 | Val Loss: 0.179699 | Val Corr: 0.5952
  Epoch  160/1000 | Train: 0.025190 | Val Loss: 0.186986 | Val Corr: 0.5865
  Epoch  180/1000 | Train: 0.024847 | Val Loss: 0.198614 | Val Corr: 0.5762
  Epoch  200/1000 | Train: 0.023292 | Val Loss: 0.186080 | Val Corr: 0.6231
  Epoch  220/1000 | Train: 0.020519 | Val Loss: 0.173028 | Val Corr: 0.6512
  Epoch  240/1000 | Train: 0.021127 | Val Loss: 0.180892 | Val Corr: 0.6476
  Epoch  260/1000 | Train: 0.021169 | Val Loss: 0.183712 | Val Corr: 0.6398
  Epoch  280/1000 | Train: 0.017622 | Val Loss: 0.191600 | Val Corr: 0.6478
  Epoch  300/1000 | Train: 0.020468 | Val Loss: 0.185278 | Val Corr: 0.6283
  Epoch  320/1000 | Train: 0.023080 | Val Loss: 0.187277 | Val Corr: 0.5939
  Epoch  340/1000 | Train: 0.022048 | Val Loss: 0.168337 | Val Corr: 0.6577
  Epoch  360/1000 | Train: 0.022561 | Val Loss: 0.175829 | Val Corr: 0.6779
  Epoch  380/1000 | Train: 0.018634 | Val Loss: 0.179024 | Val Corr: 0.6502
  Epoch  400/1000 | Train: 0.020450 | Val Loss: 0.164121 | Val Corr: 0.6738
  Epoch  420/1000 | Train: 0.019369 | Val Loss: 0.157002 | Val Corr: 0.6809
  Epoch  440/1000 | Train: 0.019840 | Val Loss: 0.157232 | Val Corr: 0.6831
  Epoch  460/1000 | Train: 0.019483 | Val Loss: 0.159689 | Val Corr: 0.6728
  Epoch  480/1000 | Train: 0.018829 | Val Loss: 0.171722 | Val Corr: 0.6644
  Epoch  500/1000 | Train: 0.017086 | Val Loss: 0.156931 | Val Corr: 0.6519
  Epoch  520/1000 | Train: 0.018565 | Val Loss: 0.154134 | Val Corr: 0.6838
  Epoch  540/1000 | Train: 0.017743 | Val Loss: 0.178832 | Val Corr: 0.6690
  Epoch  560/1000 | Train: 0.021002 | Val Loss: 0.165540 | Val Corr: 0.6549
  Epoch  580/1000 | Train: 0.018728 | Val Loss: 0.160552 | Val Corr: 0.6384
  Epoch  600/1000 | Train: 0.021927 | Val Loss: 0.182014 | Val Corr: 0.6391
  Epoch  620/1000 | Train: 0.014678 | Val Loss: 0.167194 | Val Corr: 0.6630
  Epoch  640/1000 | Train: 0.019692 | Val Loss: 0.149782 | Val Corr: 0.6933
  Epoch  660/1000 | Train: 0.016601 | Val Loss: 0.174405 | Val Corr: 0.6289
  Early stopping at epoch 671
    [default] s314: R²=0.2523, MAPE=18.86%
  Epoch    1/1000 | Train: 0.107547 | Val Loss: 0.158729 | Val Corr: 0.3019
  Epoch   20/1000 | Train: 0.058107 | Val Loss: 0.159213 | Val Corr: 0.5680
  Epoch   40/1000 | Train: 0.045841 | Val Loss: 0.174248 | Val Corr: 0.5514
  Epoch   60/1000 | Train: 0.038251 | Val Loss: 0.178515 | Val Corr: 0.6024
  Epoch   80/1000 | Train: 0.035627 | Val Loss: 0.180698 | Val Corr: 0.5974
  Epoch  100/1000 | Train: 0.032074 | Val Loss: 0.167089 | Val Corr: 0.6479
  Epoch  120/1000 | Train: 0.024459 | Val Loss: 0.156968 | Val Corr: 0.6267
  Epoch  140/1000 | Train: 0.022848 | Val Loss: 0.170564 | Val Corr: 0.6110
  Epoch  160/1000 | Train: 0.023239 | Val Loss: 0.187801 | Val Corr: 0.6074
  Epoch  180/1000 | Train: 0.018348 | Val Loss: 0.191509 | Val Corr: 0.5789
  Epoch  200/1000 | Train: 0.023227 | Val Loss: 0.198240 | Val Corr: 0.5500
  Epoch  220/1000 | Train: 0.021695 | Val Loss: 0.167533 | Val Corr: 0.6245
  Epoch  240/1000 | Train: 0.025816 | Val Loss: 0.178385 | Val Corr: 0.6241
  Epoch  260/1000 | Train: 0.024011 | Val Loss: 0.175494 | Val Corr: 0.6037
  Epoch  280/1000 | Train: 0.021102 | Val Loss: 0.176799 | Val Corr: 0.5631
  Epoch  300/1000 | Train: 0.022229 | Val Loss: 0.194368 | Val Corr: 0.5287
  Epoch  320/1000 | Train: 0.019434 | Val Loss: 0.175323 | Val Corr: 0.5997
  Epoch  340/1000 | Train: 0.018015 | Val Loss: 0.204128 | Val Corr: 0.5404
  Epoch  360/1000 | Train: 0.018699 | Val Loss: 0.180376 | Val Corr: 0.5987
  Early stopping at epoch 372
    [default] s2025: R²=0.2474, MAPE=21.26%
  Epoch    1/1000 | Train: 0.099434 | Val Loss: 0.178378 | Val Corr: 0.1966
  Epoch   20/1000 | Train: 0.054020 | Val Loss: 0.168698 | Val Corr: 0.5936
  Epoch   40/1000 | Train: 0.049724 | Val Loss: 0.169484 | Val Corr: 0.6175
  Epoch   60/1000 | Train: 0.042830 | Val Loss: 0.181561 | Val Corr: 0.5617
  Epoch   80/1000 | Train: 0.033667 | Val Loss: 0.160232 | Val Corr: 0.6472
  Epoch  100/1000 | Train: 0.033684 | Val Loss: 0.177377 | Val Corr: 0.6190
  Epoch  120/1000 | Train: 0.024948 | Val Loss: 0.184618 | Val Corr: 0.5743
  Epoch  140/1000 | Train: 0.022458 | Val Loss: 0.192262 | Val Corr: 0.5561
  Epoch  160/1000 | Train: 0.027017 | Val Loss: 0.185869 | Val Corr: 0.5609
  Epoch  180/1000 | Train: 0.023734 | Val Loss: 0.177590 | Val Corr: 0.5847
  Epoch  200/1000 | Train: 0.022658 | Val Loss: 0.212797 | Val Corr: 0.5092
  Epoch  220/1000 | Train: 0.023301 | Val Loss: 0.185601 | Val Corr: 0.5764
  Epoch  240/1000 | Train: 0.019635 | Val Loss: 0.182151 | Val Corr: 0.5695
  Epoch  260/1000 | Train: 0.020737 | Val Loss: 0.180480 | Val Corr: 0.6367
  Epoch  280/1000 | Train: 0.020787 | Val Loss: 0.175405 | Val Corr: 0.5967
  Epoch  300/1000 | Train: 0.019473 | Val Loss: 0.200163 | Val Corr: 0.5512
  Epoch  320/1000 | Train: 0.019501 | Val Loss: 0.171815 | Val Corr: 0.5789
  Early stopping at epoch 322
    [default] s0: R²=0.4668, MAPE=14.40%
  Epoch    1/1000 | Train: 0.111720 | Val Loss: 0.156857 | Val Corr: 0.1944
  Epoch   20/1000 | Train: 0.065843 | Val Loss: 0.152385 | Val Corr: 0.6550
  Epoch   40/1000 | Train: 0.047380 | Val Loss: 0.146734 | Val Corr: 0.6019
  Epoch   60/1000 | Train: 0.039267 | Val Loss: 0.159591 | Val Corr: 0.6329
  Epoch   80/1000 | Train: 0.036069 | Val Loss: 0.177561 | Val Corr: 0.5528
  Epoch  100/1000 | Train: 0.031509 | Val Loss: 0.179555 | Val Corr: 0.5321
  Epoch  120/1000 | Train: 0.026114 | Val Loss: 0.188915 | Val Corr: 0.5331
  Epoch  140/1000 | Train: 0.025963 | Val Loss: 0.197644 | Val Corr: 0.5381
  Epoch  160/1000 | Train: 0.023447 | Val Loss: 0.204389 | Val Corr: 0.4977
  Epoch  180/1000 | Train: 0.022824 | Val Loss: 0.197849 | Val Corr: 0.5414
  Epoch  200/1000 | Train: 0.022940 | Val Loss: 0.205957 | Val Corr: 0.5277
  Epoch  220/1000 | Train: 0.021985 | Val Loss: 0.221528 | Val Corr: 0.5178
  Epoch  240/1000 | Train: 0.018494 | Val Loss: 0.195677 | Val Corr: 0.5360
  Epoch  260/1000 | Train: 0.021625 | Val Loss: 0.193029 | Val Corr: 0.5846
  Early stopping at epoch 270
    [default] s1: R²=0.3257, MAPE=17.23%
  Epoch    1/1000 | Train: 0.124502 | Val Loss: 0.182215 | Val Corr: 0.2461
  Epoch   20/1000 | Train: 0.060655 | Val Loss: 0.177179 | Val Corr: 0.5475
  Epoch   40/1000 | Train: 0.050139 | Val Loss: 0.172223 | Val Corr: 0.5997
  Epoch   60/1000 | Train: 0.036511 | Val Loss: 0.200009 | Val Corr: 0.4758
  Epoch   80/1000 | Train: 0.034815 | Val Loss: 0.193079 | Val Corr: 0.5011
  Epoch  100/1000 | Train: 0.030947 | Val Loss: 0.202541 | Val Corr: 0.4643
  Epoch  120/1000 | Train: 0.026610 | Val Loss: 0.207769 | Val Corr: 0.4832
  Epoch  140/1000 | Train: 0.026788 | Val Loss: 0.199327 | Val Corr: 0.5377
  Epoch  160/1000 | Train: 0.024321 | Val Loss: 0.197480 | Val Corr: 0.5216
  Epoch  180/1000 | Train: 0.023020 | Val Loss: 0.203192 | Val Corr: 0.5397
  Epoch  200/1000 | Train: 0.022309 | Val Loss: 0.198381 | Val Corr: 0.5421
  Epoch  220/1000 | Train: 0.021800 | Val Loss: 0.195707 | Val Corr: 0.5891
  Epoch  240/1000 | Train: 0.021460 | Val Loss: 0.196733 | Val Corr: 0.5693
  Epoch  260/1000 | Train: 0.019341 | Val Loss: 0.199308 | Val Corr: 0.5423
  Early stopping at epoch 278
    [default] s2: R²=0.2951, MAPE=18.03%
  Epoch    1/1000 | Train: 0.097503 | Val Loss: 0.168038 | Val Corr: 0.2419
  Epoch   20/1000 | Train: 0.052949 | Val Loss: 0.178918 | Val Corr: 0.5388
  Epoch   40/1000 | Train: 0.044365 | Val Loss: 0.180795 | Val Corr: 0.4972
  Epoch   60/1000 | Train: 0.041333 | Val Loss: 0.193074 | Val Corr: 0.4454
  Epoch   80/1000 | Train: 0.031427 | Val Loss: 0.190994 | Val Corr: 0.5265
  Epoch  100/1000 | Train: 0.028039 | Val Loss: 0.194803 | Val Corr: 0.5199
  Epoch  120/1000 | Train: 0.025756 | Val Loss: 0.203050 | Val Corr: 0.4652
  Epoch  140/1000 | Train: 0.027953 | Val Loss: 0.202668 | Val Corr: 0.5134
  Epoch  160/1000 | Train: 0.022851 | Val Loss: 0.213428 | Val Corr: 0.4557
  Epoch  180/1000 | Train: 0.022802 | Val Loss: 0.215126 | Val Corr: 0.4748
  Epoch  200/1000 | Train: 0.022444 | Val Loss: 0.212249 | Val Corr: 0.5072
  Epoch  220/1000 | Train: 0.020116 | Val Loss: 0.211404 | Val Corr: 0.5143
  Epoch  240/1000 | Train: 0.024152 | Val Loss: 0.200760 | Val Corr: 0.5304
  Epoch  260/1000 | Train: 0.023688 | Val Loss: 0.203850 | Val Corr: 0.5594
  Epoch  280/1000 | Train: 0.019974 | Val Loss: 0.205288 | Val Corr: 0.5347
  Epoch  300/1000 | Train: 0.027022 | Val Loss: 0.185217 | Val Corr: 0.5063
  Epoch  320/1000 | Train: 0.019910 | Val Loss: 0.188732 | Val Corr: 0.5715
  Epoch  340/1000 | Train: 0.026567 | Val Loss: 0.191972 | Val Corr: 0.5783
  Epoch  360/1000 | Train: 0.021948 | Val Loss: 0.189192 | Val Corr: 0.5883
  Epoch  380/1000 | Train: 0.016308 | Val Loss: 0.183196 | Val Corr: 0.5539
  Epoch  400/1000 | Train: 0.021213 | Val Loss: 0.197062 | Val Corr: 0.5750
  Epoch  420/1000 | Train: 0.019609 | Val Loss: 0.188358 | Val Corr: 0.6086
  Epoch  440/1000 | Train: 0.018895 | Val Loss: 0.187830 | Val Corr: 0.6107
  Epoch  460/1000 | Train: 0.016775 | Val Loss: 0.191277 | Val Corr: 0.5959
  Epoch  480/1000 | Train: 0.015239 | Val Loss: 0.193529 | Val Corr: 0.6014
  Epoch  500/1000 | Train: 0.016388 | Val Loss: 0.188985 | Val Corr: 0.5807
  Epoch  520/1000 | Train: 0.021693 | Val Loss: 0.184154 | Val Corr: 0.6016
  Epoch  540/1000 | Train: 0.015091 | Val Loss: 0.185146 | Val Corr: 0.5970
  Epoch  560/1000 | Train: 0.019177 | Val Loss: 0.192596 | Val Corr: 0.5872
  Epoch  580/1000 | Train: 0.020431 | Val Loss: 0.184623 | Val Corr: 0.5984
  Epoch  600/1000 | Train: 0.015615 | Val Loss: 0.205911 | Val Corr: 0.5156
  Epoch  620/1000 | Train: 0.018381 | Val Loss: 0.166790 | Val Corr: 0.6747
  Epoch  640/1000 | Train: 0.018560 | Val Loss: 0.172071 | Val Corr: 0.6662
  Epoch  660/1000 | Train: 0.019838 | Val Loss: 0.196204 | Val Corr: 0.6138
  Epoch  680/1000 | Train: 0.019041 | Val Loss: 0.161766 | Val Corr: 0.6127
  Epoch  700/1000 | Train: 0.017614 | Val Loss: 0.164837 | Val Corr: 0.5994
  Epoch  720/1000 | Train: 0.019286 | Val Loss: 0.175456 | Val Corr: 0.5747
  Epoch  740/1000 | Train: 0.015846 | Val Loss: 0.180993 | Val Corr: 0.6105
  Epoch  760/1000 | Train: 0.016830 | Val Loss: 0.169930 | Val Corr: 0.6088
  Epoch  780/1000 | Train: 0.015899 | Val Loss: 0.157879 | Val Corr: 0.5838
  Epoch  800/1000 | Train: 0.019527 | Val Loss: 0.177066 | Val Corr: 0.6381
  Epoch  820/1000 | Train: 0.018729 | Val Loss: 0.194691 | Val Corr: 0.5892
  Epoch  840/1000 | Train: 0.018165 | Val Loss: 0.165820 | Val Corr: 0.6418
  Epoch  860/1000 | Train: 0.016792 | Val Loss: 0.163127 | Val Corr: 0.6225
  Epoch  880/1000 | Train: 0.019053 | Val Loss: 0.163153 | Val Corr: 0.6227
  Epoch  900/1000 | Train: 0.019325 | Val Loss: 0.160476 | Val Corr: 0.6039
  Epoch  920/1000 | Train: 0.018126 | Val Loss: 0.155722 | Val Corr: 0.6278
  Epoch  940/1000 | Train: 0.017314 | Val Loss: 0.167069 | Val Corr: 0.6226
  Epoch  960/1000 | Train: 0.016854 | Val Loss: 0.158268 | Val Corr: 0.6907
  Epoch  980/1000 | Train: 0.014176 | Val Loss: 0.169919 | Val Corr: 0.5827
  Epoch 1000/1000 | Train: 0.016572 | Val Loss: 0.164825 | Val Corr: 0.5872
    [default] s3: R²=0.2935, MAPE=18.85%
  Epoch    1/1000 | Train: 0.102227 | Val Loss: 0.168399 | Val Corr: 0.2740
  Epoch   20/1000 | Train: 0.055631 | Val Loss: 0.160280 | Val Corr: 0.6063
  Epoch   40/1000 | Train: 0.048167 | Val Loss: 0.174742 | Val Corr: 0.6419
  Epoch   60/1000 | Train: 0.047108 | Val Loss: 0.177544 | Val Corr: 0.6268
  Epoch   80/1000 | Train: 0.037795 | Val Loss: 0.195928 | Val Corr: 0.5887
  Epoch  100/1000 | Train: 0.033617 | Val Loss: 0.194772 | Val Corr: 0.5371
  Epoch  120/1000 | Train: 0.030824 | Val Loss: 0.194912 | Val Corr: 0.5666
  Epoch  140/1000 | Train: 0.031629 | Val Loss: 0.199756 | Val Corr: 0.5650
  Epoch  160/1000 | Train: 0.024529 | Val Loss: 0.192495 | Val Corr: 0.5980
  Epoch  180/1000 | Train: 0.025021 | Val Loss: 0.186945 | Val Corr: 0.6350
  Epoch  200/1000 | Train: 0.021742 | Val Loss: 0.181756 | Val Corr: 0.6475
  Epoch  220/1000 | Train: 0.025009 | Val Loss: 0.194182 | Val Corr: 0.6156
  Epoch  240/1000 | Train: 0.022525 | Val Loss: 0.201376 | Val Corr: 0.5911
  Epoch  260/1000 | Train: 0.021139 | Val Loss: 0.215376 | Val Corr: 0.5757
  Early stopping at epoch 268
    [default] s4: R²=0.4214, MAPE=16.86%
  Epoch    1/1000 | Train: 0.101300 | Val Loss: 0.175659 | Val Corr: 0.2837
  Epoch   20/1000 | Train: 0.051619 | Val Loss: 0.159849 | Val Corr: 0.5812
  Epoch   40/1000 | Train: 0.045506 | Val Loss: 0.179224 | Val Corr: 0.5819
  Epoch   60/1000 | Train: 0.037331 | Val Loss: 0.193825 | Val Corr: 0.5018
  Epoch   80/1000 | Train: 0.035284 | Val Loss: 0.180116 | Val Corr: 0.6114
  Epoch  100/1000 | Train: 0.029080 | Val Loss: 0.180471 | Val Corr: 0.6068
  Epoch  120/1000 | Train: 0.028700 | Val Loss: 0.165565 | Val Corr: 0.6643
  Epoch  140/1000 | Train: 0.028538 | Val Loss: 0.173291 | Val Corr: 0.6889
  Epoch  160/1000 | Train: 0.024321 | Val Loss: 0.175564 | Val Corr: 0.6197
  Epoch  180/1000 | Train: 0.021400 | Val Loss: 0.178987 | Val Corr: 0.6321
  Epoch  200/1000 | Train: 0.023436 | Val Loss: 0.176587 | Val Corr: 0.6832
  Epoch  220/1000 | Train: 0.022813 | Val Loss: 0.180383 | Val Corr: 0.6503
  Epoch  240/1000 | Train: 0.021582 | Val Loss: 0.187340 | Val Corr: 0.6338
  Epoch  260/1000 | Train: 0.019300 | Val Loss: 0.184106 | Val Corr: 0.6416
  Epoch  280/1000 | Train: 0.021570 | Val Loss: 0.182618 | Val Corr: 0.6233
  Epoch  300/1000 | Train: 0.021437 | Val Loss: 0.179811 | Val Corr: 0.6549
  Epoch  320/1000 | Train: 0.021198 | Val Loss: 0.183783 | Val Corr: 0.6035
  Epoch  340/1000 | Train: 0.021625 | Val Loss: 0.175033 | Val Corr: 0.6227
  Epoch  360/1000 | Train: 0.022153 | Val Loss: 0.184831 | Val Corr: 0.6068
  Epoch  380/1000 | Train: 0.020016 | Val Loss: 0.188543 | Val Corr: 0.5954
  Epoch  400/1000 | Train: 0.019482 | Val Loss: 0.179416 | Val Corr: 0.6297
  Epoch  420/1000 | Train: 0.020431 | Val Loss: 0.185871 | Val Corr: 0.5918
  Early stopping at epoch 428
    [default] s5: R²=0.1897, MAPE=20.87%
  Epoch    1/1000 | Train: 0.102220 | Val Loss: 0.153536 | Val Corr: 0.2976
  Epoch   20/1000 | Train: 0.059033 | Val Loss: 0.173954 | Val Corr: 0.4809
  Epoch   40/1000 | Train: 0.047440 | Val Loss: 0.165703 | Val Corr: 0.5745
  Epoch   60/1000 | Train: 0.042120 | Val Loss: 0.162404 | Val Corr: 0.5951
  Epoch   80/1000 | Train: 0.038640 | Val Loss: 0.143493 | Val Corr: 0.6478
  Epoch  100/1000 | Train: 0.028149 | Val Loss: 0.141403 | Val Corr: 0.6732
  Epoch  120/1000 | Train: 0.026347 | Val Loss: 0.153082 | Val Corr: 0.6627
  Epoch  140/1000 | Train: 0.028998 | Val Loss: 0.154411 | Val Corr: 0.7147
  Epoch  160/1000 | Train: 0.025808 | Val Loss: 0.157063 | Val Corr: 0.6974
  Epoch  180/1000 | Train: 0.022375 | Val Loss: 0.152856 | Val Corr: 0.6922
  Epoch  200/1000 | Train: 0.022206 | Val Loss: 0.158872 | Val Corr: 0.6999
  Epoch  220/1000 | Train: 0.022235 | Val Loss: 0.156566 | Val Corr: 0.7063
  Epoch  240/1000 | Train: 0.022409 | Val Loss: 0.155096 | Val Corr: 0.6662
  Epoch  260/1000 | Train: 0.019420 | Val Loss: 0.165652 | Val Corr: 0.6609
  Epoch  280/1000 | Train: 0.019273 | Val Loss: 0.158346 | Val Corr: 0.6631
  Epoch  300/1000 | Train: 0.018569 | Val Loss: 0.169328 | Val Corr: 0.6791
  Epoch  320/1000 | Train: 0.019129 | Val Loss: 0.154556 | Val Corr: 0.7009
  Epoch  340/1000 | Train: 0.020260 | Val Loss: 0.162643 | Val Corr: 0.6756
  Epoch  360/1000 | Train: 0.020715 | Val Loss: 0.156589 | Val Corr: 0.6861
  Epoch  380/1000 | Train: 0.018698 | Val Loss: 0.164011 | Val Corr: 0.6676
  Early stopping at epoch 388
    [default] s6: R²=0.0668, MAPE=23.36%
  Epoch    1/1000 | Train: 0.142231 | Val Loss: 0.165845 | Val Corr: 0.2496
  Epoch   20/1000 | Train: 0.057039 | Val Loss: 0.169913 | Val Corr: 0.5140
  Epoch   40/1000 | Train: 0.053641 | Val Loss: 0.159207 | Val Corr: 0.6110
  Epoch   60/1000 | Train: 0.047056 | Val Loss: 0.188293 | Val Corr: 0.5308
  Epoch   80/1000 | Train: 0.034783 | Val Loss: 0.181477 | Val Corr: 0.5997
  Epoch  100/1000 | Train: 0.042508 | Val Loss: 0.183883 | Val Corr: 0.5426
  Epoch  120/1000 | Train: 0.034391 | Val Loss: 0.166439 | Val Corr: 0.6723
  Epoch  140/1000 | Train: 0.029241 | Val Loss: 0.162335 | Val Corr: 0.6436
  Epoch  160/1000 | Train: 0.025931 | Val Loss: 0.185124 | Val Corr: 0.6125
  Epoch  180/1000 | Train: 0.028829 | Val Loss: 0.163977 | Val Corr: 0.5787
  Epoch  200/1000 | Train: 0.023235 | Val Loss: 0.165738 | Val Corr: 0.6082
  Epoch  220/1000 | Train: 0.023818 | Val Loss: 0.160139 | Val Corr: 0.6473
  Epoch  240/1000 | Train: 0.024511 | Val Loss: 0.179803 | Val Corr: 0.5883
  Epoch  260/1000 | Train: 0.020971 | Val Loss: 0.167946 | Val Corr: 0.6423
  Epoch  280/1000 | Train: 0.025531 | Val Loss: 0.176926 | Val Corr: 0.6251
  Epoch  300/1000 | Train: 0.016807 | Val Loss: 0.191887 | Val Corr: 0.5996
  Epoch  320/1000 | Train: 0.020970 | Val Loss: 0.168552 | Val Corr: 0.6258
  Epoch  340/1000 | Train: 0.020746 | Val Loss: 0.200712 | Val Corr: 0.5334
  Epoch  360/1000 | Train: 0.023857 | Val Loss: 0.171150 | Val Corr: 0.6160
  Early stopping at epoch 369
    [default] s8: R²=0.2524, MAPE=19.68%
  Epoch    1/1000 | Train: 0.110326 | Val Loss: 0.175609 | Val Corr: 0.1738
  Epoch   20/1000 | Train: 0.053167 | Val Loss: 0.160141 | Val Corr: 0.6314
  Epoch   40/1000 | Train: 0.049710 | Val Loss: 0.171938 | Val Corr: 0.6114
  Epoch   60/1000 | Train: 0.043329 | Val Loss: 0.165123 | Val Corr: 0.6628
  Epoch   80/1000 | Train: 0.033971 | Val Loss: 0.193116 | Val Corr: 0.6033
  Epoch  100/1000 | Train: 0.030321 | Val Loss: 0.197011 | Val Corr: 0.5703
  Epoch  120/1000 | Train: 0.030908 | Val Loss: 0.189657 | Val Corr: 0.5930
  Epoch  140/1000 | Train: 0.029602 | Val Loss: 0.192577 | Val Corr: 0.5909
  Epoch  160/1000 | Train: 0.029270 | Val Loss: 0.183042 | Val Corr: 0.6099
  Epoch  180/1000 | Train: 0.025002 | Val Loss: 0.188886 | Val Corr: 0.5875
  Epoch  200/1000 | Train: 0.020621 | Val Loss: 0.187953 | Val Corr: 0.6040
  Epoch  220/1000 | Train: 0.020061 | Val Loss: 0.196698 | Val Corr: 0.5920
  Epoch  240/1000 | Train: 0.024214 | Val Loss: 0.195888 | Val Corr: 0.5809
  Epoch  260/1000 | Train: 0.023724 | Val Loss: 0.189862 | Val Corr: 0.6231
  Epoch  280/1000 | Train: 0.021592 | Val Loss: 0.189999 | Val Corr: 0.5929
  Early stopping at epoch 282
    [default] s9: R²=0.2349, MAPE=21.05%
  Epoch    1/1000 | Train: 0.107488 | Val Loss: 0.165975 | Val Corr: -0.1614
  Epoch   20/1000 | Train: 0.062371 | Val Loss: 0.163422 | Val Corr: 0.6029
  Epoch   40/1000 | Train: 0.046024 | Val Loss: 0.191662 | Val Corr: 0.5032
  Epoch   60/1000 | Train: 0.047631 | Val Loss: 0.180024 | Val Corr: 0.6126
  Epoch   80/1000 | Train: 0.035568 | Val Loss: 0.174809 | Val Corr: 0.6331
  Epoch  100/1000 | Train: 0.030077 | Val Loss: 0.180295 | Val Corr: 0.6274
  Epoch  120/1000 | Train: 0.029336 | Val Loss: 0.161420 | Val Corr: 0.6588
  Epoch  140/1000 | Train: 0.027797 | Val Loss: 0.158866 | Val Corr: 0.6616
  Epoch  160/1000 | Train: 0.028261 | Val Loss: 0.174210 | Val Corr: 0.6165
  Epoch  180/1000 | Train: 0.024230 | Val Loss: 0.175849 | Val Corr: 0.6448
  Epoch  200/1000 | Train: 0.024376 | Val Loss: 0.157011 | Val Corr: 0.6844
  Epoch  220/1000 | Train: 0.022459 | Val Loss: 0.164604 | Val Corr: 0.6843
  Epoch  240/1000 | Train: 0.020646 | Val Loss: 0.161531 | Val Corr: 0.6258
  Epoch  260/1000 | Train: 0.023320 | Val Loss: 0.159588 | Val Corr: 0.6363
  Epoch  280/1000 | Train: 0.020799 | Val Loss: 0.157576 | Val Corr: 0.6693
  Epoch  300/1000 | Train: 0.024271 | Val Loss: 0.162825 | Val Corr: 0.6893
  Epoch  320/1000 | Train: 0.019814 | Val Loss: 0.174468 | Val Corr: 0.6459
  Epoch  340/1000 | Train: 0.020216 | Val Loss: 0.178308 | Val Corr: 0.6329
  Epoch  360/1000 | Train: 0.022198 | Val Loss: 0.161285 | Val Corr: 0.6572
  Early stopping at epoch 375
    [default] s10: R²=0.3091, MAPE=20.14%
  Epoch    1/1000 | Train: 0.137183 | Val Loss: 0.179356 | Val Corr: 0.0451
  Epoch   20/1000 | Train: 0.059197 | Val Loss: 0.177076 | Val Corr: 0.5547
  Epoch   40/1000 | Train: 0.052405 | Val Loss: 0.180844 | Val Corr: 0.5748
  Epoch   60/1000 | Train: 0.042533 | Val Loss: 0.189077 | Val Corr: 0.5614
  Epoch   80/1000 | Train: 0.032049 | Val Loss: 0.190282 | Val Corr: 0.5920
  Epoch  100/1000 | Train: 0.029747 | Val Loss: 0.191529 | Val Corr: 0.5923
  Epoch  120/1000 | Train: 0.031606 | Val Loss: 0.205221 | Val Corr: 0.5322
  Epoch  140/1000 | Train: 0.024539 | Val Loss: 0.195297 | Val Corr: 0.5788
  Epoch  160/1000 | Train: 0.026435 | Val Loss: 0.206359 | Val Corr: 0.5495
  Epoch  180/1000 | Train: 0.025805 | Val Loss: 0.219497 | Val Corr: 0.4890
  Epoch  200/1000 | Train: 0.024860 | Val Loss: 0.200728 | Val Corr: 0.5820
  Epoch  220/1000 | Train: 0.022588 | Val Loss: 0.209427 | Val Corr: 0.5601
  Epoch  240/1000 | Train: 0.021579 | Val Loss: 0.211118 | Val Corr: 0.5003
  Epoch  260/1000 | Train: 0.026127 | Val Loss: 0.197540 | Val Corr: 0.5454
  Early stopping at epoch 277
    [default] s11: R²=0.3211, MAPE=18.65%
  Epoch    1/1000 | Train: 0.099133 | Val Loss: 0.166496 | Val Corr: 0.3529
  Epoch   20/1000 | Train: 0.055928 | Val Loss: 0.160077 | Val Corr: 0.6076
  Epoch   40/1000 | Train: 0.049671 | Val Loss: 0.162455 | Val Corr: 0.5450
  Epoch   60/1000 | Train: 0.037525 | Val Loss: 0.173105 | Val Corr: 0.6163
  Epoch   80/1000 | Train: 0.040445 | Val Loss: 0.178713 | Val Corr: 0.4590
  Epoch  100/1000 | Train: 0.033394 | Val Loss: 0.167346 | Val Corr: 0.5856
  Epoch  120/1000 | Train: 0.025782 | Val Loss: 0.197804 | Val Corr: 0.5820
  Epoch  140/1000 | Train: 0.028432 | Val Loss: 0.205685 | Val Corr: 0.5767
  Epoch  160/1000 | Train: 0.024518 | Val Loss: 0.187170 | Val Corr: 0.5581
  Epoch  180/1000 | Train: 0.028917 | Val Loss: 0.186528 | Val Corr: 0.5408
  Epoch  200/1000 | Train: 0.024846 | Val Loss: 0.183396 | Val Corr: 0.5401
  Epoch  220/1000 | Train: 0.021708 | Val Loss: 0.179886 | Val Corr: 0.5543
  Epoch  240/1000 | Train: 0.021519 | Val Loss: 0.173577 | Val Corr: 0.5469
  Epoch  260/1000 | Train: 0.024551 | Val Loss: 0.188050 | Val Corr: 0.5574
  Early stopping at epoch 271
    [default] s12: R²=0.2602, MAPE=19.06%
  Epoch    1/1000 | Train: 0.125552 | Val Loss: 0.184761 | Val Corr: 0.2183
  Epoch   20/1000 | Train: 0.059776 | Val Loss: 0.169657 | Val Corr: 0.5416
  Epoch   40/1000 | Train: 0.047522 | Val Loss: 0.152981 | Val Corr: 0.6020
  Epoch   60/1000 | Train: 0.040028 | Val Loss: 0.180663 | Val Corr: 0.5297
  Epoch   80/1000 | Train: 0.034850 | Val Loss: 0.166250 | Val Corr: 0.5902
  Epoch  100/1000 | Train: 0.034501 | Val Loss: 0.183392 | Val Corr: 0.5464
  Epoch  120/1000 | Train: 0.029346 | Val Loss: 0.206265 | Val Corr: 0.4739
  Epoch  140/1000 | Train: 0.023563 | Val Loss: 0.171042 | Val Corr: 0.5541
  Epoch  160/1000 | Train: 0.023946 | Val Loss: 0.190499 | Val Corr: 0.4824
  Epoch  180/1000 | Train: 0.021716 | Val Loss: 0.190189 | Val Corr: 0.5181
  Epoch  200/1000 | Train: 0.022031 | Val Loss: 0.172098 | Val Corr: 0.5625
  Epoch  220/1000 | Train: 0.024765 | Val Loss: 0.188526 | Val Corr: 0.5324
  Epoch  240/1000 | Train: 0.020481 | Val Loss: 0.191879 | Val Corr: 0.5037
  Epoch  260/1000 | Train: 0.017985 | Val Loss: 0.179763 | Val Corr: 0.5413
  Epoch  280/1000 | Train: 0.018878 | Val Loss: 0.198285 | Val Corr: 0.5245
  Early stopping at epoch 290
    [default] s14: R²=0.3976, MAPE=17.22%
  Epoch    1/1000 | Train: 0.106182 | Val Loss: 0.175841 | Val Corr: 0.1576
  Epoch   20/1000 | Train: 0.059588 | Val Loss: 0.150269 | Val Corr: 0.6282
  Epoch   40/1000 | Train: 0.050201 | Val Loss: 0.172381 | Val Corr: 0.5789
  Epoch   60/1000 | Train: 0.039197 | Val Loss: 0.167717 | Val Corr: 0.6434
  Epoch   80/1000 | Train: 0.033413 | Val Loss: 0.161072 | Val Corr: 0.6438
  Epoch  100/1000 | Train: 0.031418 | Val Loss: 0.167893 | Val Corr: 0.6320
  Epoch  120/1000 | Train: 0.032751 | Val Loss: 0.184969 | Val Corr: 0.5468
  Epoch  140/1000 | Train: 0.030609 | Val Loss: 0.178901 | Val Corr: 0.5319
  Epoch  160/1000 | Train: 0.024989 | Val Loss: 0.185105 | Val Corr: 0.5957
  Epoch  180/1000 | Train: 0.021073 | Val Loss: 0.196214 | Val Corr: 0.5355
  Epoch  200/1000 | Train: 0.024417 | Val Loss: 0.179398 | Val Corr: 0.5533
  Epoch  220/1000 | Train: 0.021234 | Val Loss: 0.181990 | Val Corr: 0.5682
  Epoch  240/1000 | Train: 0.020989 | Val Loss: 0.185850 | Val Corr: 0.5588
  Early stopping at epoch 259
    [default] s15: R²=0.2649, MAPE=18.90%
  Epoch    1/1000 | Train: 0.151573 | Val Loss: 0.195446 | Val Corr: 0.1916
  Epoch   20/1000 | Train: 0.059293 | Val Loss: 0.158929 | Val Corr: 0.6127
  Epoch   40/1000 | Train: 0.049186 | Val Loss: 0.184427 | Val Corr: 0.5277
  Epoch   60/1000 | Train: 0.043649 | Val Loss: 0.171009 | Val Corr: 0.5510
  Epoch   80/1000 | Train: 0.033683 | Val Loss: 0.155689 | Val Corr: 0.6792
  Epoch  100/1000 | Train: 0.034331 | Val Loss: 0.152141 | Val Corr: 0.6837
  Epoch  120/1000 | Train: 0.027530 | Val Loss: 0.173437 | Val Corr: 0.6430
  Epoch  140/1000 | Train: 0.023680 | Val Loss: 0.183978 | Val Corr: 0.6474
  Epoch  160/1000 | Train: 0.023434 | Val Loss: 0.191747 | Val Corr: 0.6164
  Epoch  180/1000 | Train: 0.022337 | Val Loss: 0.187138 | Val Corr: 0.6292
  Epoch  200/1000 | Train: 0.023240 | Val Loss: 0.193018 | Val Corr: 0.6250
  Epoch  220/1000 | Train: 0.022565 | Val Loss: 0.190395 | Val Corr: 0.5968
  Epoch  240/1000 | Train: 0.019227 | Val Loss: 0.194112 | Val Corr: 0.6164
  Epoch  260/1000 | Train: 0.023005 | Val Loss: 0.181880 | Val Corr: 0.6403
  Epoch  280/1000 | Train: 0.019246 | Val Loss: 0.181883 | Val Corr: 0.6288
  Epoch  300/1000 | Train: 0.019038 | Val Loss: 0.196421 | Val Corr: 0.5509
  Epoch  320/1000 | Train: 0.020746 | Val Loss: 0.196468 | Val Corr: 0.5990
  Early stopping at epoch 339
    [default] s16: R²=0.4450, MAPE=15.65%
  Epoch    1/1000 | Train: 0.114314 | Val Loss: 0.168707 | Val Corr: 0.2441
  Epoch   20/1000 | Train: 0.063350 | Val Loss: 0.172138 | Val Corr: 0.5127
  Epoch   40/1000 | Train: 0.044431 | Val Loss: 0.167530 | Val Corr: 0.6337
  Epoch   60/1000 | Train: 0.038342 | Val Loss: 0.174911 | Val Corr: 0.6152
  Epoch   80/1000 | Train: 0.029450 | Val Loss: 0.181637 | Val Corr: 0.6154
  Epoch  100/1000 | Train: 0.030380 | Val Loss: 0.172042 | Val Corr: 0.6085
  Epoch  120/1000 | Train: 0.027192 | Val Loss: 0.181711 | Val Corr: 0.6085
  Epoch  140/1000 | Train: 0.028670 | Val Loss: 0.188149 | Val Corr: 0.6232
  Epoch  160/1000 | Train: 0.024504 | Val Loss: 0.197851 | Val Corr: 0.5662
  Epoch  180/1000 | Train: 0.023837 | Val Loss: 0.172895 | Val Corr: 0.6110
  Epoch  200/1000 | Train: 0.020331 | Val Loss: 0.182989 | Val Corr: 0.6423
  Epoch  220/1000 | Train: 0.024339 | Val Loss: 0.184843 | Val Corr: 0.6347
  Epoch  240/1000 | Train: 0.021074 | Val Loss: 0.185412 | Val Corr: 0.6061
  Epoch  260/1000 | Train: 0.020512 | Val Loss: 0.189460 | Val Corr: 0.6120
  Epoch  280/1000 | Train: 0.020393 | Val Loss: 0.190976 | Val Corr: 0.6145
  Epoch  300/1000 | Train: 0.020328 | Val Loss: 0.182368 | Val Corr: 0.6194
  Epoch  320/1000 | Train: 0.017467 | Val Loss: 0.194178 | Val Corr: 0.6181
  Early stopping at epoch 334
    [default] s17: R²=0.0460, MAPE=21.77%
  Epoch    1/1000 | Train: 0.117616 | Val Loss: 0.176142 | Val Corr: 0.1726
  Epoch   20/1000 | Train: 0.057245 | Val Loss: 0.169796 | Val Corr: 0.4974
  Epoch   40/1000 | Train: 0.052686 | Val Loss: 0.160111 | Val Corr: 0.4951
  Epoch   60/1000 | Train: 0.039268 | Val Loss: 0.149885 | Val Corr: 0.6550
  Epoch   80/1000 | Train: 0.034742 | Val Loss: 0.161339 | Val Corr: 0.5591
  Epoch  100/1000 | Train: 0.028682 | Val Loss: 0.174585 | Val Corr: 0.5944
  Epoch  120/1000 | Train: 0.033087 | Val Loss: 0.196954 | Val Corr: 0.4694
  Epoch  140/1000 | Train: 0.025226 | Val Loss: 0.200886 | Val Corr: 0.4972
  Epoch  160/1000 | Train: 0.025166 | Val Loss: 0.207758 | Val Corr: 0.4931
  Epoch  180/1000 | Train: 0.022982 | Val Loss: 0.180858 | Val Corr: 0.5086
  Epoch  200/1000 | Train: 0.022077 | Val Loss: 0.182611 | Val Corr: 0.5559
  Epoch  220/1000 | Train: 0.021307 | Val Loss: 0.208608 | Val Corr: 0.5004
  Epoch  240/1000 | Train: 0.020256 | Val Loss: 0.181037 | Val Corr: 0.5130
  Epoch  260/1000 | Train: 0.022411 | Val Loss: 0.187562 | Val Corr: 0.5680
  Epoch  280/1000 | Train: 0.024529 | Val Loss: 0.192717 | Val Corr: 0.5486
  Epoch  300/1000 | Train: 0.020765 | Val Loss: 0.207781 | Val Corr: 0.4833
  Early stopping at epoch 310
    [default] s18: R²=0.3341, MAPE=16.68%
  Epoch    1/1000 | Train: 0.127528 | Val Loss: 0.176009 | Val Corr: 0.2492
  Epoch   20/1000 | Train: 0.061366 | Val Loss: 0.167619 | Val Corr: 0.5393
  Epoch   40/1000 | Train: 0.045814 | Val Loss: 0.166005 | Val Corr: 0.6174
  Epoch   60/1000 | Train: 0.045932 | Val Loss: 0.173566 | Val Corr: 0.6170
  Epoch   80/1000 | Train: 0.042465 | Val Loss: 0.190033 | Val Corr: 0.5037
  Epoch  100/1000 | Train: 0.032269 | Val Loss: 0.177080 | Val Corr: 0.6554
  Epoch  120/1000 | Train: 0.028636 | Val Loss: 0.190986 | Val Corr: 0.5827
  Epoch  140/1000 | Train: 0.027333 | Val Loss: 0.190530 | Val Corr: 0.5556
  Epoch  160/1000 | Train: 0.027744 | Val Loss: 0.194190 | Val Corr: 0.5503
  Epoch  180/1000 | Train: 0.027519 | Val Loss: 0.191493 | Val Corr: 0.5824
  Epoch  200/1000 | Train: 0.025425 | Val Loss: 0.190437 | Val Corr: 0.5547
  Epoch  220/1000 | Train: 0.022156 | Val Loss: 0.190615 | Val Corr: 0.5553
  Epoch  240/1000 | Train: 0.024521 | Val Loss: 0.185098 | Val Corr: 0.5851
  Epoch  260/1000 | Train: 0.021303 | Val Loss: 0.190603 | Val Corr: 0.5774
  Epoch  280/1000 | Train: 0.022700 | Val Loss: 0.195897 | Val Corr: 0.5493
  Epoch  300/1000 | Train: 0.020232 | Val Loss: 0.190875 | Val Corr: 0.5431
  Epoch  320/1000 | Train: 0.024866 | Val Loss: 0.189420 | Val Corr: 0.5671
  Epoch  340/1000 | Train: 0.019221 | Val Loss: 0.196066 | Val Corr: 0.5751
  Early stopping at epoch 344
    [default] s19: R²=-0.0698, MAPE=24.20%
  Epoch    1/1000 | Train: 0.106030 | Val Loss: 0.173648 | Val Corr: 0.3473
  Epoch   20/1000 | Train: 0.058988 | Val Loss: 0.171130 | Val Corr: 0.5942
  Epoch   40/1000 | Train: 0.050221 | Val Loss: 0.181742 | Val Corr: 0.5554
  Epoch   60/1000 | Train: 0.037476 | Val Loss: 0.205513 | Val Corr: 0.4482
  Epoch   80/1000 | Train: 0.033549 | Val Loss: 0.203594 | Val Corr: 0.5123
  Epoch  100/1000 | Train: 0.030897 | Val Loss: 0.226434 | Val Corr: 0.4367
  Epoch  120/1000 | Train: 0.027064 | Val Loss: 0.211939 | Val Corr: 0.4888
  Epoch  140/1000 | Train: 0.025084 | Val Loss: 0.229040 | Val Corr: 0.4234
  Epoch  160/1000 | Train: 0.024232 | Val Loss: 0.230182 | Val Corr: 0.4290
  Epoch  180/1000 | Train: 0.023481 | Val Loss: 0.224348 | Val Corr: 0.4847
  Epoch  200/1000 | Train: 0.022056 | Val Loss: 0.217162 | Val Corr: 0.5224
  Epoch  220/1000 | Train: 0.019679 | Val Loss: 0.228727 | Val Corr: 0.4520
  Epoch  240/1000 | Train: 0.025284 | Val Loss: 0.221676 | Val Corr: 0.4445
  Early stopping at epoch 259
    [default] s20: R²=0.2752, MAPE=17.93%
  Epoch    1/1000 | Train: 0.129664 | Val Loss: 0.171244 | Val Corr: 0.4171
  Epoch   20/1000 | Train: 0.059344 | Val Loss: 0.149974 | Val Corr: 0.5986
  Epoch   40/1000 | Train: 0.047913 | Val Loss: 0.175986 | Val Corr: 0.5355
  Epoch   60/1000 | Train: 0.041552 | Val Loss: 0.184047 | Val Corr: 0.5170
  Epoch   80/1000 | Train: 0.032110 | Val Loss: 0.178933 | Val Corr: 0.5998
  Epoch  100/1000 | Train: 0.025166 | Val Loss: 0.187225 | Val Corr: 0.5804
  Epoch  120/1000 | Train: 0.027388 | Val Loss: 0.189325 | Val Corr: 0.5564
  Epoch  140/1000 | Train: 0.026690 | Val Loss: 0.157337 | Val Corr: 0.5831
  Epoch  160/1000 | Train: 0.025617 | Val Loss: 0.178667 | Val Corr: 0.6140
  Epoch  180/1000 | Train: 0.023837 | Val Loss: 0.178419 | Val Corr: 0.6062
  Epoch  200/1000 | Train: 0.020380 | Val Loss: 0.168624 | Val Corr: 0.6014
  Epoch  220/1000 | Train: 0.018379 | Val Loss: 0.166587 | Val Corr: 0.6184
  Epoch  240/1000 | Train: 0.022429 | Val Loss: 0.165554 | Val Corr: 0.6617
  Epoch  260/1000 | Train: 0.019784 | Val Loss: 0.179759 | Val Corr: 0.6644
  Epoch  280/1000 | Train: 0.019182 | Val Loss: 0.170317 | Val Corr: 0.6080
  Epoch  300/1000 | Train: 0.019622 | Val Loss: 0.172372 | Val Corr: 0.5986
  Epoch  320/1000 | Train: 0.019310 | Val Loss: 0.171795 | Val Corr: 0.5966
  Epoch  340/1000 | Train: 0.019558 | Val Loss: 0.167882 | Val Corr: 0.5698
  Epoch  360/1000 | Train: 0.019475 | Val Loss: 0.179618 | Val Corr: 0.6676
  Epoch  380/1000 | Train: 0.020372 | Val Loss: 0.182163 | Val Corr: 0.6490
  Epoch  400/1000 | Train: 0.018889 | Val Loss: 0.174745 | Val Corr: 0.5748
  Epoch  420/1000 | Train: 0.021444 | Val Loss: 0.171964 | Val Corr: 0.6152
  Epoch  440/1000 | Train: 0.020925 | Val Loss: 0.178092 | Val Corr: 0.6287
  Epoch  460/1000 | Train: 0.019853 | Val Loss: 0.182079 | Val Corr: 0.6178
  Epoch  480/1000 | Train: 0.021939 | Val Loss: 0.182941 | Val Corr: 0.6214
  Epoch  500/1000 | Train: 0.020008 | Val Loss: 0.170043 | Val Corr: 0.6129
  Epoch  520/1000 | Train: 0.016370 | Val Loss: 0.172973 | Val Corr: 0.5990
  Epoch  540/1000 | Train: 0.020245 | Val Loss: 0.170863 | Val Corr: 0.5931
  Epoch  560/1000 | Train: 0.016909 | Val Loss: 0.160242 | Val Corr: 0.6353
  Epoch  580/1000 | Train: 0.018679 | Val Loss: 0.174636 | Val Corr: 0.6306
  Epoch  600/1000 | Train: 0.015722 | Val Loss: 0.167543 | Val Corr: 0.6430
  Epoch  620/1000 | Train: 0.018204 | Val Loss: 0.178352 | Val Corr: 0.6305
  Epoch  640/1000 | Train: 0.017682 | Val Loss: 0.168757 | Val Corr: 0.6378
  Epoch  660/1000 | Train: 0.016132 | Val Loss: 0.170658 | Val Corr: 0.6792
  Epoch  680/1000 | Train: 0.021384 | Val Loss: 0.168446 | Val Corr: 0.6006
  Epoch  700/1000 | Train: 0.020181 | Val Loss: 0.200215 | Val Corr: 0.5972
  Epoch  720/1000 | Train: 0.018772 | Val Loss: 0.173668 | Val Corr: 0.6751
  Epoch  740/1000 | Train: 0.016280 | Val Loss: 0.180785 | Val Corr: 0.6212
  Epoch  760/1000 | Train: 0.016198 | Val Loss: 0.171741 | Val Corr: 0.6477
  Epoch  780/1000 | Train: 0.016319 | Val Loss: 0.171723 | Val Corr: 0.6379
  Epoch  800/1000 | Train: 0.015240 | Val Loss: 0.168558 | Val Corr: 0.6671
  Epoch  820/1000 | Train: 0.018251 | Val Loss: 0.167535 | Val Corr: 0.6731
  Epoch  840/1000 | Train: 0.015966 | Val Loss: 0.169421 | Val Corr: 0.6045
  Epoch  860/1000 | Train: 0.015669 | Val Loss: 0.165607 | Val Corr: 0.6539
  Epoch  880/1000 | Train: 0.017538 | Val Loss: 0.173196 | Val Corr: 0.6394
  Early stopping at epoch 885
    [default] s21: R²=0.2091, MAPE=19.56%
  Epoch    1/1000 | Train: 0.096987 | Val Loss: 0.166431 | Val Corr: 0.2337
  Epoch   20/1000 | Train: 0.057675 | Val Loss: 0.139621 | Val Corr: 0.6710
  Epoch   40/1000 | Train: 0.045123 | Val Loss: 0.173359 | Val Corr: 0.5674
  Epoch   60/1000 | Train: 0.044314 | Val Loss: 0.161566 | Val Corr: 0.5892
  Epoch   80/1000 | Train: 0.033918 | Val Loss: 0.162711 | Val Corr: 0.6195
  Epoch  100/1000 | Train: 0.023709 | Val Loss: 0.162028 | Val Corr: 0.6714
  Epoch  120/1000 | Train: 0.027186 | Val Loss: 0.170687 | Val Corr: 0.6143
  Epoch  140/1000 | Train: 0.025051 | Val Loss: 0.179678 | Val Corr: 0.6411
  Epoch  160/1000 | Train: 0.026748 | Val Loss: 0.164616 | Val Corr: 0.5514
  Epoch  180/1000 | Train: 0.023865 | Val Loss: 0.177954 | Val Corr: 0.5786
  Epoch  200/1000 | Train: 0.022134 | Val Loss: 0.178225 | Val Corr: 0.6221
  Epoch  220/1000 | Train: 0.019390 | Val Loss: 0.172531 | Val Corr: 0.6522
  Epoch  240/1000 | Train: 0.021039 | Val Loss: 0.179817 | Val Corr: 0.6306
  Epoch  260/1000 | Train: 0.021072 | Val Loss: 0.184355 | Val Corr: 0.5801
  Early stopping at epoch 270
    [default] s22: R²=0.4079, MAPE=16.90%
  Epoch    1/1000 | Train: 0.104748 | Val Loss: 0.179761 | Val Corr: 0.2753
  Epoch   20/1000 | Train: 0.057307 | Val Loss: 0.162674 | Val Corr: 0.5589
  Epoch   40/1000 | Train: 0.046134 | Val Loss: 0.183484 | Val Corr: 0.4917
  Epoch   60/1000 | Train: 0.039153 | Val Loss: 0.187751 | Val Corr: 0.5376
  Epoch   80/1000 | Train: 0.034246 | Val Loss: 0.191750 | Val Corr: 0.5499
  Epoch  100/1000 | Train: 0.033703 | Val Loss: 0.177311 | Val Corr: 0.5288
  Epoch  120/1000 | Train: 0.029307 | Val Loss: 0.186082 | Val Corr: 0.5727
  Epoch  140/1000 | Train: 0.024089 | Val Loss: 0.202567 | Val Corr: 0.5435
  Epoch  160/1000 | Train: 0.026369 | Val Loss: 0.173212 | Val Corr: 0.6663
  Epoch  180/1000 | Train: 0.026121 | Val Loss: 0.182756 | Val Corr: 0.6625
  Epoch  200/1000 | Train: 0.021135 | Val Loss: 0.175536 | Val Corr: 0.6373
  Epoch  220/1000 | Train: 0.026175 | Val Loss: 0.211625 | Val Corr: 0.5336
  Epoch  240/1000 | Train: 0.023339 | Val Loss: 0.190220 | Val Corr: 0.5806
  Epoch  260/1000 | Train: 0.023671 | Val Loss: 0.201011 | Val Corr: 0.5653
  Epoch  280/1000 | Train: 0.023308 | Val Loss: 0.191606 | Val Corr: 0.5972
  Epoch  300/1000 | Train: 0.022912 | Val Loss: 0.195970 | Val Corr: 0.5485
  Epoch  320/1000 | Train: 0.018023 | Val Loss: 0.194492 | Val Corr: 0.5527
  Epoch  340/1000 | Train: 0.019172 | Val Loss: 0.184593 | Val Corr: 0.5405
  Epoch  360/1000 | Train: 0.020096 | Val Loss: 0.196785 | Val Corr: 0.5857
  Epoch  380/1000 | Train: 0.020826 | Val Loss: 0.195570 | Val Corr: 0.5581
  Epoch  400/1000 | Train: 0.018315 | Val Loss: 0.196312 | Val Corr: 0.5693
  Epoch  420/1000 | Train: 0.018380 | Val Loss: 0.197457 | Val Corr: 0.5319
  Early stopping at epoch 425
    [default] s23: R²=0.3476, MAPE=18.34%
  Epoch    1/1000 | Train: 0.111473 | Val Loss: 0.164423 | Val Corr: 0.0810
  Epoch   20/1000 | Train: 0.064401 | Val Loss: 0.149278 | Val Corr: 0.6442
  Epoch   40/1000 | Train: 0.050053 | Val Loss: 0.154940 | Val Corr: 0.5678
  Epoch   60/1000 | Train: 0.040496 | Val Loss: 0.148174 | Val Corr: 0.6079
  Epoch   80/1000 | Train: 0.038647 | Val Loss: 0.146352 | Val Corr: 0.7087
  Epoch  100/1000 | Train: 0.036272 | Val Loss: 0.144666 | Val Corr: 0.6296
  Epoch  120/1000 | Train: 0.028533 | Val Loss: 0.166825 | Val Corr: 0.6284
  Epoch  140/1000 | Train: 0.031025 | Val Loss: 0.175677 | Val Corr: 0.6091
  Epoch  160/1000 | Train: 0.025490 | Val Loss: 0.152310 | Val Corr: 0.6386
  Epoch  180/1000 | Train: 0.024936 | Val Loss: 0.174487 | Val Corr: 0.6172
  Epoch  200/1000 | Train: 0.023191 | Val Loss: 0.175021 | Val Corr: 0.6025
  Epoch  220/1000 | Train: 0.022617 | Val Loss: 0.178970 | Val Corr: 0.5979
  Epoch  240/1000 | Train: 0.023316 | Val Loss: 0.181408 | Val Corr: 0.6088
  Epoch  260/1000 | Train: 0.023740 | Val Loss: 0.180748 | Val Corr: 0.6156
  Epoch  280/1000 | Train: 0.021011 | Val Loss: 0.179675 | Val Corr: 0.6452
  Epoch  300/1000 | Train: 0.020006 | Val Loss: 0.184635 | Val Corr: 0.5972
  Epoch  320/1000 | Train: 0.021567 | Val Loss: 0.183644 | Val Corr: 0.6242
  Early stopping at epoch 330
    [default] s24: R²=0.4224, MAPE=17.76%
  Epoch    1/1000 | Train: 0.138875 | Val Loss: 0.166370 | Val Corr: 0.2653
  Epoch   20/1000 | Train: 0.062574 | Val Loss: 0.163633 | Val Corr: 0.5589
  Epoch   40/1000 | Train: 0.053526 | Val Loss: 0.180371 | Val Corr: 0.5775
  Epoch   60/1000 | Train: 0.039270 | Val Loss: 0.175178 | Val Corr: 0.5919
  Epoch   80/1000 | Train: 0.033235 | Val Loss: 0.205301 | Val Corr: 0.4873
  Epoch  100/1000 | Train: 0.031017 | Val Loss: 0.170708 | Val Corr: 0.6049
  Epoch  120/1000 | Train: 0.029862 | Val Loss: 0.179628 | Val Corr: 0.6135
  Epoch  140/1000 | Train: 0.024664 | Val Loss: 0.186825 | Val Corr: 0.5927
  Epoch  160/1000 | Train: 0.026107 | Val Loss: 0.178907 | Val Corr: 0.6038
  Epoch  180/1000 | Train: 0.023463 | Val Loss: 0.163661 | Val Corr: 0.6616
  Epoch  200/1000 | Train: 0.020200 | Val Loss: 0.197667 | Val Corr: 0.5852
  Epoch  220/1000 | Train: 0.023838 | Val Loss: 0.186895 | Val Corr: 0.6258
  Epoch  240/1000 | Train: 0.018095 | Val Loss: 0.186168 | Val Corr: 0.6125
  Epoch  260/1000 | Train: 0.024150 | Val Loss: 0.173836 | Val Corr: 0.6578
  Epoch  280/1000 | Train: 0.024655 | Val Loss: 0.184595 | Val Corr: 0.6107
  Epoch  300/1000 | Train: 0.017122 | Val Loss: 0.202423 | Val Corr: 0.6248
  Epoch  320/1000 | Train: 0.017960 | Val Loss: 0.192665 | Val Corr: 0.6236
  Epoch  340/1000 | Train: 0.022014 | Val Loss: 0.175968 | Val Corr: 0.6453
  Epoch  360/1000 | Train: 0.020849 | Val Loss: 0.206511 | Val Corr: 0.5457
  Epoch  380/1000 | Train: 0.020143 | Val Loss: 0.191889 | Val Corr: 0.5963
  Epoch  400/1000 | Train: 0.020209 | Val Loss: 0.179687 | Val Corr: 0.6326
  Epoch  420/1000 | Train: 0.018663 | Val Loss: 0.191402 | Val Corr: 0.6337
  Early stopping at epoch 439
    [default] s25: R²=0.3895, MAPE=18.56%
  Epoch    1/1000 | Train: 0.128892 | Val Loss: 0.164454 | Val Corr: 0.3776
  Epoch   20/1000 | Train: 0.054293 | Val Loss: 0.153657 | Val Corr: 0.6034
  Epoch   40/1000 | Train: 0.056349 | Val Loss: 0.141892 | Val Corr: 0.6355
  Epoch   60/1000 | Train: 0.044618 | Val Loss: 0.161079 | Val Corr: 0.6019
  Epoch   80/1000 | Train: 0.037782 | Val Loss: 0.155158 | Val Corr: 0.6641
  Epoch  100/1000 | Train: 0.032250 | Val Loss: 0.172531 | Val Corr: 0.6378
  Epoch  120/1000 | Train: 0.032430 | Val Loss: 0.165096 | Val Corr: 0.6407
  Epoch  140/1000 | Train: 0.026965 | Val Loss: 0.172070 | Val Corr: 0.6212
  Epoch  160/1000 | Train: 0.028585 | Val Loss: 0.165773 | Val Corr: 0.6278
  Epoch  180/1000 | Train: 0.023691 | Val Loss: 0.162152 | Val Corr: 0.6633
  Epoch  200/1000 | Train: 0.022467 | Val Loss: 0.169837 | Val Corr: 0.6110
  Epoch  220/1000 | Train: 0.022410 | Val Loss: 0.176254 | Val Corr: 0.6482
  Epoch  240/1000 | Train: 0.019393 | Val Loss: 0.186101 | Val Corr: 0.5971
  Epoch  260/1000 | Train: 0.020757 | Val Loss: 0.169917 | Val Corr: 0.6395
  Epoch  280/1000 | Train: 0.018875 | Val Loss: 0.175636 | Val Corr: 0.6359
  Epoch  300/1000 | Train: 0.018766 | Val Loss: 0.166500 | Val Corr: 0.6846
  Epoch  320/1000 | Train: 0.022488 | Val Loss: 0.165652 | Val Corr: 0.6816
  Early stopping at epoch 337
    [default] s26: R²=0.4768, MAPE=16.00%
  Epoch    1/1000 | Train: 0.112293 | Val Loss: 0.167822 | Val Corr: 0.2567
  Epoch   20/1000 | Train: 0.055760 | Val Loss: 0.162181 | Val Corr: 0.5025
  Epoch   40/1000 | Train: 0.048079 | Val Loss: 0.183152 | Val Corr: 0.5168
  Epoch   60/1000 | Train: 0.040352 | Val Loss: 0.197104 | Val Corr: 0.5391
  Epoch   80/1000 | Train: 0.031712 | Val Loss: 0.197469 | Val Corr: 0.5707
  Epoch  100/1000 | Train: 0.026913 | Val Loss: 0.196687 | Val Corr: 0.5667
  Epoch  120/1000 | Train: 0.030947 | Val Loss: 0.194357 | Val Corr: 0.5597
  Epoch  140/1000 | Train: 0.025681 | Val Loss: 0.201867 | Val Corr: 0.5708
  Epoch  160/1000 | Train: 0.028348 | Val Loss: 0.201077 | Val Corr: 0.5424
  Epoch  180/1000 | Train: 0.024166 | Val Loss: 0.198319 | Val Corr: 0.5809
  Epoch  200/1000 | Train: 0.023565 | Val Loss: 0.193240 | Val Corr: 0.5707
  Epoch  220/1000 | Train: 0.022140 | Val Loss: 0.205119 | Val Corr: 0.5606
  Epoch  240/1000 | Train: 0.019174 | Val Loss: 0.201824 | Val Corr: 0.5507
  Epoch  260/1000 | Train: 0.019339 | Val Loss: 0.207779 | Val Corr: 0.5267
  Early stopping at epoch 276
    [default] s27: R²=0.3405, MAPE=18.32%
  Epoch    1/1000 | Train: 0.122206 | Val Loss: 0.188184 | Val Corr: 0.1390
  Epoch   20/1000 | Train: 0.056442 | Val Loss: 0.174635 | Val Corr: 0.5508
  Epoch   40/1000 | Train: 0.051398 | Val Loss: 0.179487 | Val Corr: 0.5855
  Epoch   60/1000 | Train: 0.040746 | Val Loss: 0.186298 | Val Corr: 0.5388
  Epoch   80/1000 | Train: 0.029975 | Val Loss: 0.181024 | Val Corr: 0.5806
  Epoch  100/1000 | Train: 0.031679 | Val Loss: 0.176069 | Val Corr: 0.5843
  Epoch  120/1000 | Train: 0.027434 | Val Loss: 0.191107 | Val Corr: 0.5406
  Epoch  140/1000 | Train: 0.028031 | Val Loss: 0.191783 | Val Corr: 0.5887
  Epoch  160/1000 | Train: 0.023355 | Val Loss: 0.177562 | Val Corr: 0.6477
  Epoch  180/1000 | Train: 0.021331 | Val Loss: 0.184553 | Val Corr: 0.5560
  Epoch  200/1000 | Train: 0.024231 | Val Loss: 0.198232 | Val Corr: 0.4775
  Epoch  220/1000 | Train: 0.023353 | Val Loss: 0.185590 | Val Corr: 0.5565
  Epoch  240/1000 | Train: 0.019801 | Val Loss: 0.183336 | Val Corr: 0.5527
  Epoch  260/1000 | Train: 0.021677 | Val Loss: 0.180889 | Val Corr: 0.5831
  Epoch  280/1000 | Train: 0.020132 | Val Loss: 0.169469 | Val Corr: 0.5945
  Epoch  300/1000 | Train: 0.019447 | Val Loss: 0.196014 | Val Corr: 0.5771
  Epoch  320/1000 | Train: 0.019624 | Val Loss: 0.184001 | Val Corr: 0.5883
  Early stopping at epoch 336
    [default] s28: R²=0.1604, MAPE=22.64%
  Epoch    1/1000 | Train: 0.127924 | Val Loss: 0.185494 | Val Corr: 0.3732
  Epoch   20/1000 | Train: 0.056555 | Val Loss: 0.155791 | Val Corr: 0.6326
  Epoch   40/1000 | Train: 0.047991 | Val Loss: 0.152096 | Val Corr: 0.6530
  Epoch   60/1000 | Train: 0.046193 | Val Loss: 0.152368 | Val Corr: 0.6516
  Epoch   80/1000 | Train: 0.039963 | Val Loss: 0.139197 | Val Corr: 0.6643
  Epoch  100/1000 | Train: 0.030868 | Val Loss: 0.143456 | Val Corr: 0.6494
  Epoch  120/1000 | Train: 0.028718 | Val Loss: 0.158092 | Val Corr: 0.6814
  Epoch  140/1000 | Train: 0.026016 | Val Loss: 0.150552 | Val Corr: 0.6564
  Epoch  160/1000 | Train: 0.020791 | Val Loss: 0.161054 | Val Corr: 0.6144
  Epoch  180/1000 | Train: 0.022859 | Val Loss: 0.147827 | Val Corr: 0.7111
  Epoch  200/1000 | Train: 0.023489 | Val Loss: 0.158730 | Val Corr: 0.6445
  Epoch  220/1000 | Train: 0.019701 | Val Loss: 0.155850 | Val Corr: 0.6241
  Epoch  240/1000 | Train: 0.024140 | Val Loss: 0.138979 | Val Corr: 0.6706
  Epoch  260/1000 | Train: 0.021393 | Val Loss: 0.159235 | Val Corr: 0.6803
  Early stopping at epoch 272
    [default] s29: R²=0.3785, MAPE=17.87%
  Epoch    1/1000 | Train: 0.110757 | Val Loss: 0.165831 | Val Corr: 0.1664
  Epoch   20/1000 | Train: 0.060504 | Val Loss: 0.155330 | Val Corr: 0.6088
  Epoch   40/1000 | Train: 0.047831 | Val Loss: 0.174096 | Val Corr: 0.5493
  Epoch   60/1000 | Train: 0.040034 | Val Loss: 0.182919 | Val Corr: 0.5801
  Epoch   80/1000 | Train: 0.035229 | Val Loss: 0.187830 | Val Corr: 0.5897
  Epoch  100/1000 | Train: 0.028578 | Val Loss: 0.194241 | Val Corr: 0.6121
  Epoch  120/1000 | Train: 0.024372 | Val Loss: 0.195199 | Val Corr: 0.6211
  Epoch  140/1000 | Train: 0.029731 | Val Loss: 0.208932 | Val Corr: 0.5705
  Epoch  160/1000 | Train: 0.021593 | Val Loss: 0.208065 | Val Corr: 0.5666
  Epoch  180/1000 | Train: 0.021021 | Val Loss: 0.202365 | Val Corr: 0.5983
  Epoch  200/1000 | Train: 0.020267 | Val Loss: 0.209747 | Val Corr: 0.5877
  Epoch  220/1000 | Train: 0.020737 | Val Loss: 0.210887 | Val Corr: 0.5584
  Epoch  240/1000 | Train: 0.018727 | Val Loss: 0.204275 | Val Corr: 0.5966
  Epoch  260/1000 | Train: 0.021626 | Val Loss: 0.213957 | Val Corr: 0.5881
  Early stopping at epoch 269
    [default] s30: R²=0.0069, MAPE=18.71%
  Epoch    1/1000 | Train: 0.098994 | Val Loss: 0.175579 | Val Corr: 0.1951
  Epoch   20/1000 | Train: 0.062346 | Val Loss: 0.168294 | Val Corr: 0.5375
  Epoch   40/1000 | Train: 0.051114 | Val Loss: 0.181561 | Val Corr: 0.3993
  Epoch   60/1000 | Train: 0.036990 | Val Loss: 0.180370 | Val Corr: 0.5994
  Epoch   80/1000 | Train: 0.036480 | Val Loss: 0.172182 | Val Corr: 0.6142
  Epoch  100/1000 | Train: 0.029249 | Val Loss: 0.200645 | Val Corr: 0.5488
  Epoch  120/1000 | Train: 0.030225 | Val Loss: 0.195652 | Val Corr: 0.5899
  Epoch  140/1000 | Train: 0.029082 | Val Loss: 0.180903 | Val Corr: 0.5504
  Epoch  160/1000 | Train: 0.030142 | Val Loss: 0.183184 | Val Corr: 0.5924
  Epoch  180/1000 | Train: 0.029280 | Val Loss: 0.173989 | Val Corr: 0.6651
  Epoch  200/1000 | Train: 0.025171 | Val Loss: 0.168642 | Val Corr: 0.6412
  Epoch  220/1000 | Train: 0.024301 | Val Loss: 0.168574 | Val Corr: 0.6413
  Epoch  240/1000 | Train: 0.022629 | Val Loss: 0.179563 | Val Corr: 0.6038
  Epoch  260/1000 | Train: 0.020317 | Val Loss: 0.182779 | Val Corr: 0.6557
  Epoch  280/1000 | Train: 0.017928 | Val Loss: 0.178956 | Val Corr: 0.6305
  Epoch  300/1000 | Train: 0.023425 | Val Loss: 0.161664 | Val Corr: 0.6700
  Epoch  320/1000 | Train: 0.019084 | Val Loss: 0.175329 | Val Corr: 0.6927
  Epoch  340/1000 | Train: 0.019249 | Val Loss: 0.165020 | Val Corr: 0.7127
  Epoch  360/1000 | Train: 0.022026 | Val Loss: 0.173766 | Val Corr: 0.6543
  Epoch  380/1000 | Train: 0.022020 | Val Loss: 0.188140 | Val Corr: 0.5955
  Epoch  400/1000 | Train: 0.020522 | Val Loss: 0.172350 | Val Corr: 0.6470
  Epoch  420/1000 | Train: 0.018478 | Val Loss: 0.174522 | Val Corr: 0.6685
  Epoch  440/1000 | Train: 0.019106 | Val Loss: 0.152566 | Val Corr: 0.6776
  Epoch  460/1000 | Train: 0.018088 | Val Loss: 0.169538 | Val Corr: 0.7010
  Epoch  480/1000 | Train: 0.020295 | Val Loss: 0.178797 | Val Corr: 0.6590
  Epoch  500/1000 | Train: 0.016817 | Val Loss: 0.178006 | Val Corr: 0.6609
  Epoch  520/1000 | Train: 0.018376 | Val Loss: 0.170959 | Val Corr: 0.6630
  Epoch  540/1000 | Train: 0.016166 | Val Loss: 0.188708 | Val Corr: 0.6190
  Epoch  560/1000 | Train: 0.018211 | Val Loss: 0.178463 | Val Corr: 0.6518
  Early stopping at epoch 566
    [default] s31: R²=0.3573, MAPE=18.05%
  Epoch    1/1000 | Train: 0.109709 | Val Loss: 0.157151 | Val Corr: 0.1936
  Epoch   20/1000 | Train: 0.060724 | Val Loss: 0.165683 | Val Corr: 0.5463
  Epoch   40/1000 | Train: 0.047345 | Val Loss: 0.178846 | Val Corr: 0.5395
  Epoch   60/1000 | Train: 0.039028 | Val Loss: 0.183198 | Val Corr: 0.5346
  Epoch   80/1000 | Train: 0.035753 | Val Loss: 0.178622 | Val Corr: 0.5884
  Epoch  100/1000 | Train: 0.037046 | Val Loss: 0.176116 | Val Corr: 0.6295
  Epoch  120/1000 | Train: 0.032617 | Val Loss: 0.181902 | Val Corr: 0.6192
  Epoch  140/1000 | Train: 0.026924 | Val Loss: 0.184791 | Val Corr: 0.6152
  Epoch  160/1000 | Train: 0.023514 | Val Loss: 0.181560 | Val Corr: 0.6199
  Epoch  180/1000 | Train: 0.025231 | Val Loss: 0.190886 | Val Corr: 0.6347
  Epoch  200/1000 | Train: 0.022878 | Val Loss: 0.198310 | Val Corr: 0.5974
  Epoch  220/1000 | Train: 0.023581 | Val Loss: 0.180101 | Val Corr: 0.6510
  Epoch  240/1000 | Train: 0.021756 | Val Loss: 0.200375 | Val Corr: 0.6241
  Epoch  260/1000 | Train: 0.019827 | Val Loss: 0.199473 | Val Corr: 0.6260
  Epoch  280/1000 | Train: 0.019950 | Val Loss: 0.197889 | Val Corr: 0.6078
  Early stopping at epoch 295
    [default] s32: R²=0.1665, MAPE=20.90%
  Epoch    1/1000 | Train: 0.115506 | Val Loss: 0.161769 | Val Corr: 0.2774
  Epoch   20/1000 | Train: 0.058582 | Val Loss: 0.169537 | Val Corr: 0.5309
  Epoch   40/1000 | Train: 0.046556 | Val Loss: 0.170764 | Val Corr: 0.6269
  Epoch   60/1000 | Train: 0.043462 | Val Loss: 0.181915 | Val Corr: 0.5899
  Epoch   80/1000 | Train: 0.036577 | Val Loss: 0.181864 | Val Corr: 0.5414
  Epoch  100/1000 | Train: 0.029623 | Val Loss: 0.192300 | Val Corr: 0.5675
  Epoch  120/1000 | Train: 0.028307 | Val Loss: 0.192561 | Val Corr: 0.6220
  Epoch  140/1000 | Train: 0.026506 | Val Loss: 0.198636 | Val Corr: 0.5752
  Epoch  160/1000 | Train: 0.027559 | Val Loss: 0.196871 | Val Corr: 0.5883
  Epoch  180/1000 | Train: 0.022306 | Val Loss: 0.190563 | Val Corr: 0.6444
  Epoch  200/1000 | Train: 0.022121 | Val Loss: 0.190313 | Val Corr: 0.6141
  Epoch  220/1000 | Train: 0.022118 | Val Loss: 0.202509 | Val Corr: 0.5616
  Epoch  240/1000 | Train: 0.021404 | Val Loss: 0.193063 | Val Corr: 0.6344
  Epoch  260/1000 | Train: 0.020217 | Val Loss: 0.199964 | Val Corr: 0.5497
  Early stopping at epoch 261
    [default] s33: R²=0.2416, MAPE=17.78%
  Epoch    1/1000 | Train: 0.141729 | Val Loss: 0.194451 | Val Corr: 0.1771
  Epoch   20/1000 | Train: 0.060167 | Val Loss: 0.178856 | Val Corr: 0.5247
  Epoch   40/1000 | Train: 0.056488 | Val Loss: 0.164256 | Val Corr: 0.5773
  Epoch   60/1000 | Train: 0.042757 | Val Loss: 0.163317 | Val Corr: 0.5656
  Epoch   80/1000 | Train: 0.033837 | Val Loss: 0.172224 | Val Corr: 0.5674
  Epoch  100/1000 | Train: 0.028209 | Val Loss: 0.169447 | Val Corr: 0.5629
  Epoch  120/1000 | Train: 0.028089 | Val Loss: 0.176322 | Val Corr: 0.5647
  Epoch  140/1000 | Train: 0.027820 | Val Loss: 0.177373 | Val Corr: 0.5585
  Epoch  160/1000 | Train: 0.025778 | Val Loss: 0.176302 | Val Corr: 0.6148
  Epoch  180/1000 | Train: 0.023486 | Val Loss: 0.183812 | Val Corr: 0.5369
  Epoch  200/1000 | Train: 0.024135 | Val Loss: 0.174204 | Val Corr: 0.5745
  Epoch  220/1000 | Train: 0.026556 | Val Loss: 0.180425 | Val Corr: 0.5711
  Epoch  240/1000 | Train: 0.026032 | Val Loss: 0.187068 | Val Corr: 0.5575
  Epoch  260/1000 | Train: 0.021137 | Val Loss: 0.195410 | Val Corr: 0.5667
  Epoch  280/1000 | Train: 0.020913 | Val Loss: 0.186546 | Val Corr: 0.5488
  Epoch  300/1000 | Train: 0.016677 | Val Loss: 0.186553 | Val Corr: 0.6011
  Epoch  320/1000 | Train: 0.021974 | Val Loss: 0.179688 | Val Corr: 0.5565
  Early stopping at epoch 339
    [default] s34: R²=0.2864, MAPE=16.97%
  Epoch    1/1000 | Train: 0.095145 | Val Loss: 0.174051 | Val Corr: 0.1688
  Epoch   20/1000 | Train: 0.052353 | Val Loss: 0.155572 | Val Corr: 0.6010
  Epoch   40/1000 | Train: 0.048193 | Val Loss: 0.157912 | Val Corr: 0.6810
  Epoch   60/1000 | Train: 0.043883 | Val Loss: 0.143769 | Val Corr: 0.6652
  Epoch   80/1000 | Train: 0.034044 | Val Loss: 0.162229 | Val Corr: 0.6179
  Epoch  100/1000 | Train: 0.031847 | Val Loss: 0.153708 | Val Corr: 0.6849
  Epoch  120/1000 | Train: 0.029317 | Val Loss: 0.150063 | Val Corr: 0.7126
  Epoch  140/1000 | Train: 0.023784 | Val Loss: 0.173276 | Val Corr: 0.6156
  Epoch  160/1000 | Train: 0.025376 | Val Loss: 0.168733 | Val Corr: 0.6208
  Epoch  180/1000 | Train: 0.024971 | Val Loss: 0.178260 | Val Corr: 0.6115
  Epoch  200/1000 | Train: 0.021374 | Val Loss: 0.154946 | Val Corr: 0.7016
  Epoch  220/1000 | Train: 0.019509 | Val Loss: 0.161034 | Val Corr: 0.6400
  Epoch  240/1000 | Train: 0.020963 | Val Loss: 0.164924 | Val Corr: 0.6232
  Epoch  260/1000 | Train: 0.022944 | Val Loss: 0.166899 | Val Corr: 0.6518
  Epoch  280/1000 | Train: 0.020538 | Val Loss: 0.170451 | Val Corr: 0.6546
  Epoch  300/1000 | Train: 0.019914 | Val Loss: 0.188883 | Val Corr: 0.6407
  Epoch  320/1000 | Train: 0.017943 | Val Loss: 0.178541 | Val Corr: 0.6653
  Epoch  340/1000 | Train: 0.018853 | Val Loss: 0.176562 | Val Corr: 0.6193
  Early stopping at epoch 355
    [default] s35: R²=0.4175, MAPE=18.47%
  Epoch    1/1000 | Train: 0.145904 | Val Loss: 0.170835 | Val Corr: 0.2617
  Epoch   20/1000 | Train: 0.054158 | Val Loss: 0.161373 | Val Corr: 0.5592
  Epoch   40/1000 | Train: 0.047908 | Val Loss: 0.152684 | Val Corr: 0.6196
  Epoch   60/1000 | Train: 0.045276 | Val Loss: 0.173112 | Val Corr: 0.5784
  Epoch   80/1000 | Train: 0.037934 | Val Loss: 0.193690 | Val Corr: 0.5089
  Epoch  100/1000 | Train: 0.033280 | Val Loss: 0.174341 | Val Corr: 0.5727
  Epoch  120/1000 | Train: 0.031237 | Val Loss: 0.181320 | Val Corr: 0.5880
  Epoch  140/1000 | Train: 0.031623 | Val Loss: 0.190603 | Val Corr: 0.5412
  Epoch  160/1000 | Train: 0.026971 | Val Loss: 0.192139 | Val Corr: 0.5547
  Epoch  180/1000 | Train: 0.025496 | Val Loss: 0.182490 | Val Corr: 0.5694
  Epoch  200/1000 | Train: 0.023296 | Val Loss: 0.199536 | Val Corr: 0.5747
  Epoch  220/1000 | Train: 0.024044 | Val Loss: 0.180026 | Val Corr: 0.6242
  Epoch  240/1000 | Train: 0.021089 | Val Loss: 0.181824 | Val Corr: 0.6249
  Epoch  260/1000 | Train: 0.020005 | Val Loss: 0.188446 | Val Corr: 0.6106
  Epoch  280/1000 | Train: 0.019925 | Val Loss: 0.176195 | Val Corr: 0.6445
  Epoch  300/1000 | Train: 0.021189 | Val Loss: 0.171110 | Val Corr: 0.6439
  Epoch  320/1000 | Train: 0.021295 | Val Loss: 0.170716 | Val Corr: 0.6442
  Epoch  340/1000 | Train: 0.021103 | Val Loss: 0.156761 | Val Corr: 0.6826
  Epoch  360/1000 | Train: 0.022194 | Val Loss: 0.159900 | Val Corr: 0.6665
  Epoch  380/1000 | Train: 0.021614 | Val Loss: 0.168828 | Val Corr: 0.6640
  Epoch  400/1000 | Train: 0.020897 | Val Loss: 0.171980 | Val Corr: 0.6480
  Epoch  420/1000 | Train: 0.021300 | Val Loss: 0.155676 | Val Corr: 0.6554
  Epoch  440/1000 | Train: 0.020581 | Val Loss: 0.161148 | Val Corr: 0.6448
  Epoch  460/1000 | Train: 0.020968 | Val Loss: 0.164944 | Val Corr: 0.6364
  Epoch  480/1000 | Train: 0.020654 | Val Loss: 0.169597 | Val Corr: 0.6065
  Epoch  500/1000 | Train: 0.019773 | Val Loss: 0.167489 | Val Corr: 0.6785
  Epoch  520/1000 | Train: 0.021818 | Val Loss: 0.167029 | Val Corr: 0.6515
  Epoch  540/1000 | Train: 0.021001 | Val Loss: 0.164349 | Val Corr: 0.6521
  Epoch  560/1000 | Train: 0.019403 | Val Loss: 0.160363 | Val Corr: 0.6555
  Early stopping at epoch 579
    [default] s36: R²=0.2678, MAPE=18.98%
  Epoch    1/1000 | Train: 0.129553 | Val Loss: 0.188803 | Val Corr: 0.2135
  Epoch   20/1000 | Train: 0.060859 | Val Loss: 0.169290 | Val Corr: 0.5581
  Epoch   40/1000 | Train: 0.045438 | Val Loss: 0.184824 | Val Corr: 0.5862
  Epoch   60/1000 | Train: 0.045064 | Val Loss: 0.192601 | Val Corr: 0.6079
  Epoch   80/1000 | Train: 0.034391 | Val Loss: 0.212458 | Val Corr: 0.5293
  Epoch  100/1000 | Train: 0.028843 | Val Loss: 0.217578 | Val Corr: 0.5167
  Epoch  120/1000 | Train: 0.030606 | Val Loss: 0.217259 | Val Corr: 0.5396
  Epoch  140/1000 | Train: 0.027521 | Val Loss: 0.203225 | Val Corr: 0.5897
  Epoch  160/1000 | Train: 0.023637 | Val Loss: 0.209977 | Val Corr: 0.5538
  Epoch  180/1000 | Train: 0.022950 | Val Loss: 0.209105 | Val Corr: 0.5765
  Epoch  200/1000 | Train: 0.025006 | Val Loss: 0.221066 | Val Corr: 0.4979
  Epoch  220/1000 | Train: 0.021144 | Val Loss: 0.207721 | Val Corr: 0.5678
  Epoch  240/1000 | Train: 0.022462 | Val Loss: 0.208919 | Val Corr: 0.5539
  Epoch  260/1000 | Train: 0.023771 | Val Loss: 0.199128 | Val Corr: 0.5687
  Epoch  280/1000 | Train: 0.018304 | Val Loss: 0.200363 | Val Corr: 0.5591
  Epoch  300/1000 | Train: 0.020338 | Val Loss: 0.229043 | Val Corr: 0.4949
  Early stopping at epoch 307
    [default] s37: R²=0.3657, MAPE=18.85%
  Epoch    1/1000 | Train: 0.107142 | Val Loss: 0.169064 | Val Corr: 0.3357
  Epoch   20/1000 | Train: 0.058967 | Val Loss: 0.166532 | Val Corr: 0.6144
  Epoch   40/1000 | Train: 0.049010 | Val Loss: 0.182177 | Val Corr: 0.5000
  Epoch   60/1000 | Train: 0.045879 | Val Loss: 0.188540 | Val Corr: 0.5762
  Epoch   80/1000 | Train: 0.035035 | Val Loss: 0.214164 | Val Corr: 0.4932
  Epoch  100/1000 | Train: 0.029488 | Val Loss: 0.186648 | Val Corr: 0.5738
  Epoch  120/1000 | Train: 0.025227 | Val Loss: 0.212528 | Val Corr: 0.5276
  Epoch  140/1000 | Train: 0.024061 | Val Loss: 0.183767 | Val Corr: 0.6260
  Epoch  160/1000 | Train: 0.025038 | Val Loss: 0.198134 | Val Corr: 0.5360
  Epoch  180/1000 | Train: 0.022481 | Val Loss: 0.192321 | Val Corr: 0.5702
  Epoch  200/1000 | Train: 0.025016 | Val Loss: 0.196386 | Val Corr: 0.5351
  Epoch  220/1000 | Train: 0.022458 | Val Loss: 0.207606 | Val Corr: 0.5279
  Epoch  240/1000 | Train: 0.022532 | Val Loss: 0.195127 | Val Corr: 0.5687
  Epoch  260/1000 | Train: 0.019719 | Val Loss: 0.203144 | Val Corr: 0.5035
  Epoch  280/1000 | Train: 0.020950 | Val Loss: 0.196010 | Val Corr: 0.5919
  Epoch  300/1000 | Train: 0.019145 | Val Loss: 0.205486 | Val Corr: 0.5473
  Epoch  320/1000 | Train: 0.019025 | Val Loss: 0.180105 | Val Corr: 0.6133
  Epoch  340/1000 | Train: 0.018514 | Val Loss: 0.210519 | Val Corr: 0.4925
  Epoch  360/1000 | Train: 0.020059 | Val Loss: 0.191093 | Val Corr: 0.5840
  Epoch  380/1000 | Train: 0.017744 | Val Loss: 0.178593 | Val Corr: 0.6346
  Early stopping at epoch 397
    [default] s38: R²=0.2335, MAPE=19.50%
  Epoch    1/1000 | Train: 0.109644 | Val Loss: 0.180037 | Val Corr: 0.2974
  Epoch   20/1000 | Train: 0.047666 | Val Loss: 0.162195 | Val Corr: 0.5994
  Epoch   40/1000 | Train: 0.043646 | Val Loss: 0.172408 | Val Corr: 0.5527
  Epoch   60/1000 | Train: 0.035478 | Val Loss: 0.169832 | Val Corr: 0.6120
  Epoch   80/1000 | Train: 0.033117 | Val Loss: 0.171620 | Val Corr: 0.6098
  Epoch  100/1000 | Train: 0.025486 | Val Loss: 0.170989 | Val Corr: 0.6089
  Epoch  120/1000 | Train: 0.028229 | Val Loss: 0.154815 | Val Corr: 0.6380
  Epoch  140/1000 | Train: 0.027767 | Val Loss: 0.160970 | Val Corr: 0.6391
  Epoch  160/1000 | Train: 0.027437 | Val Loss: 0.164288 | Val Corr: 0.6549
  Epoch  180/1000 | Train: 0.023208 | Val Loss: 0.174063 | Val Corr: 0.6082
  Epoch  200/1000 | Train: 0.022656 | Val Loss: 0.160276 | Val Corr: 0.6427
  Epoch  220/1000 | Train: 0.021269 | Val Loss: 0.174216 | Val Corr: 0.5733
  Epoch  240/1000 | Train: 0.017236 | Val Loss: 0.166810 | Val Corr: 0.6706
  Epoch  260/1000 | Train: 0.020566 | Val Loss: 0.168580 | Val Corr: 0.6190
  Epoch  280/1000 | Train: 0.021409 | Val Loss: 0.151702 | Val Corr: 0.6361
  Epoch  300/1000 | Train: 0.020029 | Val Loss: 0.176224 | Val Corr: 0.5860
  Epoch  320/1000 | Train: 0.023176 | Val Loss: 0.167158 | Val Corr: 0.5549
  Epoch  340/1000 | Train: 0.021462 | Val Loss: 0.166178 | Val Corr: 0.5806
  Epoch  360/1000 | Train: 0.022755 | Val Loss: 0.159855 | Val Corr: 0.6577
  Early stopping at epoch 371
    [default] s39: R²=0.2923, MAPE=17.77%
  Epoch    1/1000 | Train: 0.102902 | Val Loss: 0.166300 | Val Corr: 0.2672
  Epoch   20/1000 | Train: 0.054571 | Val Loss: 0.151114 | Val Corr: 0.6267
  Epoch   40/1000 | Train: 0.044203 | Val Loss: 0.161955 | Val Corr: 0.6693
  Epoch   60/1000 | Train: 0.046246 | Val Loss: 0.158885 | Val Corr: 0.7099
  Epoch   80/1000 | Train: 0.034427 | Val Loss: 0.162311 | Val Corr: 0.6305
  Epoch  100/1000 | Train: 0.027673 | Val Loss: 0.168338 | Val Corr: 0.6115
  Epoch  120/1000 | Train: 0.025042 | Val Loss: 0.181663 | Val Corr: 0.6181
  Epoch  140/1000 | Train: 0.023581 | Val Loss: 0.162479 | Val Corr: 0.6172
  Epoch  160/1000 | Train: 0.021768 | Val Loss: 0.187453 | Val Corr: 0.6075
  Epoch  180/1000 | Train: 0.023718 | Val Loss: 0.170487 | Val Corr: 0.5963
  Epoch  200/1000 | Train: 0.025233 | Val Loss: 0.179368 | Val Corr: 0.6261
  Epoch  220/1000 | Train: 0.020718 | Val Loss: 0.175865 | Val Corr: 0.6354
  Epoch  240/1000 | Train: 0.024292 | Val Loss: 0.177463 | Val Corr: 0.5989
  Epoch  260/1000 | Train: 0.021778 | Val Loss: 0.179499 | Val Corr: 0.6043
  Epoch  280/1000 | Train: 0.020169 | Val Loss: 0.181189 | Val Corr: 0.6133
  Epoch  300/1000 | Train: 0.022644 | Val Loss: 0.180249 | Val Corr: 0.5873
  Early stopping at epoch 310
    [default] s40: R²=0.0216, MAPE=23.02%
  Epoch    1/1000 | Train: 0.098575 | Val Loss: 0.162360 | Val Corr: 0.2409
  Epoch   20/1000 | Train: 0.056629 | Val Loss: 0.167373 | Val Corr: 0.5205
  Epoch   40/1000 | Train: 0.047850 | Val Loss: 0.157110 | Val Corr: 0.5880
  Epoch   60/1000 | Train: 0.038006 | Val Loss: 0.166759 | Val Corr: 0.6212
  Epoch   80/1000 | Train: 0.037962 | Val Loss: 0.162559 | Val Corr: 0.6399
  Epoch  100/1000 | Train: 0.031823 | Val Loss: 0.160992 | Val Corr: 0.6257
  Epoch  120/1000 | Train: 0.024206 | Val Loss: 0.181852 | Val Corr: 0.6232
  Epoch  140/1000 | Train: 0.026332 | Val Loss: 0.178780 | Val Corr: 0.5618
  Epoch  160/1000 | Train: 0.023939 | Val Loss: 0.202268 | Val Corr: 0.5391
  Epoch  180/1000 | Train: 0.020108 | Val Loss: 0.176471 | Val Corr: 0.6108
  Epoch  200/1000 | Train: 0.025148 | Val Loss: 0.181373 | Val Corr: 0.5763
  Epoch  220/1000 | Train: 0.022705 | Val Loss: 0.191001 | Val Corr: 0.5711
  Epoch  240/1000 | Train: 0.017975 | Val Loss: 0.207016 | Val Corr: 0.5157
  Epoch  260/1000 | Train: 0.019481 | Val Loss: 0.192423 | Val Corr: 0.5962
  Epoch  280/1000 | Train: 0.019037 | Val Loss: 0.206803 | Val Corr: 0.5327
  Epoch  300/1000 | Train: 0.020121 | Val Loss: 0.204162 | Val Corr: 0.5494
  Early stopping at epoch 315
    [default] s41: R²=0.3001, MAPE=20.61%
  Epoch    1/1000 | Train: 0.114695 | Val Loss: 0.161834 | Val Corr: 0.2400
  Epoch   20/1000 | Train: 0.056894 | Val Loss: 0.175641 | Val Corr: 0.4966
  Epoch   40/1000 | Train: 0.048338 | Val Loss: 0.173480 | Val Corr: 0.4950
  Epoch   60/1000 | Train: 0.037167 | Val Loss: 0.177554 | Val Corr: 0.6059
  Epoch   80/1000 | Train: 0.031596 | Val Loss: 0.168262 | Val Corr: 0.6021
  Epoch  100/1000 | Train: 0.028106 | Val Loss: 0.179308 | Val Corr: 0.5819
  Epoch  120/1000 | Train: 0.029981 | Val Loss: 0.175858 | Val Corr: 0.5675
  Epoch  140/1000 | Train: 0.026304 | Val Loss: 0.196178 | Val Corr: 0.5490
  Epoch  160/1000 | Train: 0.024949 | Val Loss: 0.182891 | Val Corr: 0.6087
  Epoch  180/1000 | Train: 0.023648 | Val Loss: 0.174485 | Val Corr: 0.6031
  Epoch  200/1000 | Train: 0.021410 | Val Loss: 0.195648 | Val Corr: 0.5314
  Epoch  220/1000 | Train: 0.020907 | Val Loss: 0.182861 | Val Corr: 0.6003
  Epoch  240/1000 | Train: 0.020874 | Val Loss: 0.187171 | Val Corr: 0.6475
  Epoch  260/1000 | Train: 0.022677 | Val Loss: 0.183980 | Val Corr: 0.5576
  Epoch  280/1000 | Train: 0.017401 | Val Loss: 0.186622 | Val Corr: 0.6051
  Epoch  300/1000 | Train: 0.019537 | Val Loss: 0.184539 | Val Corr: 0.6271
  Epoch  320/1000 | Train: 0.021040 | Val Loss: 0.179542 | Val Corr: 0.6724
  Epoch  340/1000 | Train: 0.017576 | Val Loss: 0.193320 | Val Corr: 0.6182
  Epoch  360/1000 | Train: 0.018231 | Val Loss: 0.182960 | Val Corr: 0.6292
  Epoch  380/1000 | Train: 0.020399 | Val Loss: 0.180375 | Val Corr: 0.5752
  Epoch  400/1000 | Train: 0.017389 | Val Loss: 0.191732 | Val Corr: 0.6082
  Epoch  420/1000 | Train: 0.015008 | Val Loss: 0.176053 | Val Corr: 0.6961
  Epoch  440/1000 | Train: 0.018493 | Val Loss: 0.184613 | Val Corr: 0.6520
  Epoch  460/1000 | Train: 0.020807 | Val Loss: 0.168927 | Val Corr: 0.6392
  Epoch  480/1000 | Train: 0.018583 | Val Loss: 0.187862 | Val Corr: 0.5952
  Epoch  500/1000 | Train: 0.018418 | Val Loss: 0.179468 | Val Corr: 0.5568
  Epoch  520/1000 | Train: 0.016991 | Val Loss: 0.192390 | Val Corr: 0.6182
  Epoch  540/1000 | Train: 0.017165 | Val Loss: 0.180704 | Val Corr: 0.6433
  Epoch  560/1000 | Train: 0.016039 | Val Loss: 0.163702 | Val Corr: 0.6107
  Epoch  580/1000 | Train: 0.020479 | Val Loss: 0.174954 | Val Corr: 0.6421
  Epoch  600/1000 | Train: 0.014713 | Val Loss: 0.166799 | Val Corr: 0.6429
  Epoch  620/1000 | Train: 0.019747 | Val Loss: 0.162328 | Val Corr: 0.5922
  Epoch  640/1000 | Train: 0.016035 | Val Loss: 0.174516 | Val Corr: 0.6589
  Epoch  660/1000 | Train: 0.016860 | Val Loss: 0.157365 | Val Corr: 0.6746
  Epoch  680/1000 | Train: 0.014556 | Val Loss: 0.168307 | Val Corr: 0.6028
  Epoch  700/1000 | Train: 0.015882 | Val Loss: 0.156740 | Val Corr: 0.6462
  Epoch  720/1000 | Train: 0.017386 | Val Loss: 0.157331 | Val Corr: 0.6563
  Epoch  740/1000 | Train: 0.018129 | Val Loss: 0.152469 | Val Corr: 0.6845
  Epoch  760/1000 | Train: 0.019655 | Val Loss: 0.149337 | Val Corr: 0.6476
  Epoch  780/1000 | Train: 0.017574 | Val Loss: 0.143906 | Val Corr: 0.6491
  Epoch  800/1000 | Train: 0.018194 | Val Loss: 0.159219 | Val Corr: 0.6040
  Epoch  820/1000 | Train: 0.016192 | Val Loss: 0.157194 | Val Corr: 0.6730
  Epoch  840/1000 | Train: 0.015059 | Val Loss: 0.182555 | Val Corr: 0.5815
  Epoch  860/1000 | Train: 0.018722 | Val Loss: 0.187686 | Val Corr: 0.6077
  Epoch  880/1000 | Train: 0.015971 | Val Loss: 0.154044 | Val Corr: 0.6737
  Epoch  900/1000 | Train: 0.015648 | Val Loss: 0.143386 | Val Corr: 0.7088
  Epoch  920/1000 | Train: 0.014492 | Val Loss: 0.191434 | Val Corr: 0.6167
  Epoch  940/1000 | Train: 0.014941 | Val Loss: 0.149820 | Val Corr: 0.6688
  Epoch  960/1000 | Train: 0.018253 | Val Loss: 0.142840 | Val Corr: 0.6990
  Epoch  980/1000 | Train: 0.014468 | Val Loss: 0.170360 | Val Corr: 0.6560
  Epoch 1000/1000 | Train: 0.015884 | Val Loss: 0.149272 | Val Corr: 0.6676
    [default] s100: R²=0.1499, MAPE=21.74%
  Epoch    1/1000 | Train: 0.103866 | Val Loss: 0.175119 | Val Corr: 0.1491
  Epoch   20/1000 | Train: 0.062759 | Val Loss: 0.170093 | Val Corr: 0.5493
  Epoch   40/1000 | Train: 0.048162 | Val Loss: 0.179021 | Val Corr: 0.5355
  Epoch   60/1000 | Train: 0.039587 | Val Loss: 0.194431 | Val Corr: 0.5092
  Epoch   80/1000 | Train: 0.034056 | Val Loss: 0.185630 | Val Corr: 0.5707
  Epoch  100/1000 | Train: 0.031448 | Val Loss: 0.188961 | Val Corr: 0.5778
  Epoch  120/1000 | Train: 0.028040 | Val Loss: 0.176535 | Val Corr: 0.6112
  Epoch  140/1000 | Train: 0.031518 | Val Loss: 0.172938 | Val Corr: 0.5984
  Epoch  160/1000 | Train: 0.024787 | Val Loss: 0.188198 | Val Corr: 0.5578
  Epoch  180/1000 | Train: 0.027122 | Val Loss: 0.177902 | Val Corr: 0.6231
  Epoch  200/1000 | Train: 0.020937 | Val Loss: 0.182309 | Val Corr: 0.6485
  Epoch  220/1000 | Train: 0.020820 | Val Loss: 0.180026 | Val Corr: 0.6334
  Epoch  240/1000 | Train: 0.020400 | Val Loss: 0.188518 | Val Corr: 0.5505
  Epoch  260/1000 | Train: 0.022599 | Val Loss: 0.192190 | Val Corr: 0.5661
  Epoch  280/1000 | Train: 0.022524 | Val Loss: 0.197679 | Val Corr: 0.5697
  Epoch  300/1000 | Train: 0.019940 | Val Loss: 0.201699 | Val Corr: 0.5113
  Epoch  320/1000 | Train: 0.020980 | Val Loss: 0.197992 | Val Corr: 0.5541
  Epoch  340/1000 | Train: 0.023239 | Val Loss: 0.185341 | Val Corr: 0.5963
  Epoch  360/1000 | Train: 0.018335 | Val Loss: 0.186366 | Val Corr: 0.6124
  Epoch  380/1000 | Train: 0.015442 | Val Loss: 0.191243 | Val Corr: 0.6031
  Epoch  400/1000 | Train: 0.020628 | Val Loss: 0.198439 | Val Corr: 0.5731
  Epoch  420/1000 | Train: 0.016862 | Val Loss: 0.188127 | Val Corr: 0.6053
  Early stopping at epoch 429
    [default] s200: R²=0.3379, MAPE=19.15%
  Epoch    1/1000 | Train: 0.105846 | Val Loss: 0.170326 | Val Corr: 0.1452
  Epoch   20/1000 | Train: 0.056916 | Val Loss: 0.164374 | Val Corr: 0.5544
  Epoch   40/1000 | Train: 0.045645 | Val Loss: 0.148267 | Val Corr: 0.6743
  Epoch   60/1000 | Train: 0.043231 | Val Loss: 0.156142 | Val Corr: 0.6423
  Epoch   80/1000 | Train: 0.039766 | Val Loss: 0.174943 | Val Corr: 0.6424
  Epoch  100/1000 | Train: 0.031128 | Val Loss: 0.184123 | Val Corr: 0.6001
  Epoch  120/1000 | Train: 0.028854 | Val Loss: 0.189226 | Val Corr: 0.5806
  Epoch  140/1000 | Train: 0.028667 | Val Loss: 0.171491 | Val Corr: 0.6321
  Epoch  160/1000 | Train: 0.027492 | Val Loss: 0.193652 | Val Corr: 0.5645
  Epoch  180/1000 | Train: 0.024320 | Val Loss: 0.193275 | Val Corr: 0.5729
  Epoch  200/1000 | Train: 0.018634 | Val Loss: 0.195651 | Val Corr: 0.6206
  Epoch  220/1000 | Train: 0.019886 | Val Loss: 0.177537 | Val Corr: 0.6325
  Epoch  240/1000 | Train: 0.018478 | Val Loss: 0.175598 | Val Corr: 0.6608
  Epoch  260/1000 | Train: 0.019383 | Val Loss: 0.175492 | Val Corr: 0.7075
  Epoch  280/1000 | Train: 0.020765 | Val Loss: 0.184597 | Val Corr: 0.6336
  Epoch  300/1000 | Train: 0.018680 | Val Loss: 0.175561 | Val Corr: 0.6397
  Epoch  320/1000 | Train: 0.018116 | Val Loss: 0.186216 | Val Corr: 0.6426
  Epoch  340/1000 | Train: 0.020144 | Val Loss: 0.189498 | Val Corr: 0.6269
  Epoch  360/1000 | Train: 0.020812 | Val Loss: 0.173568 | Val Corr: 0.6348
  Epoch  380/1000 | Train: 0.018836 | Val Loss: 0.181075 | Val Corr: 0.6255
  Epoch  400/1000 | Train: 0.020020 | Val Loss: 0.178477 | Val Corr: 0.6309
  Epoch  420/1000 | Train: 0.019043 | Val Loss: 0.186324 | Val Corr: 0.6125
  Epoch  440/1000 | Train: 0.019241 | Val Loss: 0.177328 | Val Corr: 0.6651
  Epoch  460/1000 | Train: 0.018276 | Val Loss: 0.188369 | Val Corr: 0.6105
  Early stopping at epoch 477
    [default] s500: R²=0.4736, MAPE=15.47%
  Epoch    1/1000 | Train: 0.103282 | Val Loss: 0.159412 | Val Corr: 0.1913
  Epoch   20/1000 | Train: 0.058424 | Val Loss: 0.175059 | Val Corr: 0.5216
  Epoch   40/1000 | Train: 0.050759 | Val Loss: 0.160476 | Val Corr: 0.6440
  Epoch   60/1000 | Train: 0.035681 | Val Loss: 0.176691 | Val Corr: 0.6592
  Epoch   80/1000 | Train: 0.036099 | Val Loss: 0.188567 | Val Corr: 0.5822
  Epoch  100/1000 | Train: 0.031933 | Val Loss: 0.204456 | Val Corr: 0.5390
  Epoch  120/1000 | Train: 0.028734 | Val Loss: 0.185038 | Val Corr: 0.6499
  Epoch  140/1000 | Train: 0.025220 | Val Loss: 0.191536 | Val Corr: 0.5776
  Epoch  160/1000 | Train: 0.025951 | Val Loss: 0.179858 | Val Corr: 0.6037
  Epoch  180/1000 | Train: 0.022686 | Val Loss: 0.199004 | Val Corr: 0.5946
  Epoch  200/1000 | Train: 0.024791 | Val Loss: 0.202740 | Val Corr: 0.6052
  Epoch  220/1000 | Train: 0.024195 | Val Loss: 0.189255 | Val Corr: 0.6285
  Epoch  240/1000 | Train: 0.023026 | Val Loss: 0.199927 | Val Corr: 0.5691
  Epoch  260/1000 | Train: 0.019255 | Val Loss: 0.199465 | Val Corr: 0.5899
  Epoch  280/1000 | Train: 0.020703 | Val Loss: 0.202348 | Val Corr: 0.5903
  Epoch  300/1000 | Train: 0.018302 | Val Loss: 0.188551 | Val Corr: 0.6160
  Early stopping at epoch 301
    [default] s1000: R²=0.2394, MAPE=20.58%
  Epoch    1/1000 | Train: 0.128278 | Val Loss: 0.185845 | Val Corr: 0.1351
  Epoch   20/1000 | Train: 0.059896 | Val Loss: 0.157993 | Val Corr: 0.4550
  Epoch   40/1000 | Train: 0.056347 | Val Loss: 0.180142 | Val Corr: 0.4303
  Epoch   60/1000 | Train: 0.046318 | Val Loss: 0.182152 | Val Corr: 0.5219
  Epoch   80/1000 | Train: 0.040588 | Val Loss: 0.172175 | Val Corr: 0.5167
  Epoch  100/1000 | Train: 0.039667 | Val Loss: 0.166994 | Val Corr: 0.6051
  Epoch  120/1000 | Train: 0.032520 | Val Loss: 0.178991 | Val Corr: 0.5599
  Epoch  140/1000 | Train: 0.032524 | Val Loss: 0.174457 | Val Corr: 0.6286
  Epoch  160/1000 | Train: 0.028520 | Val Loss: 0.186132 | Val Corr: 0.5747
  Epoch  180/1000 | Train: 0.025367 | Val Loss: 0.206065 | Val Corr: 0.5180
  Epoch  200/1000 | Train: 0.023645 | Val Loss: 0.190072 | Val Corr: 0.5853
  Epoch  220/1000 | Train: 0.025907 | Val Loss: 0.195036 | Val Corr: 0.5278
  Epoch  240/1000 | Train: 0.024677 | Val Loss: 0.193028 | Val Corr: 0.5382
  Epoch  260/1000 | Train: 0.024946 | Val Loss: 0.197791 | Val Corr: 0.5596
  Epoch  280/1000 | Train: 0.024153 | Val Loss: 0.198507 | Val Corr: 0.5351
  Epoch  300/1000 | Train: 0.023590 | Val Loss: 0.190986 | Val Corr: 0.5492
  Epoch  320/1000 | Train: 0.020772 | Val Loss: 0.211337 | Val Corr: 0.4550
  Epoch  340/1000 | Train: 0.022824 | Val Loss: 0.186029 | Val Corr: 0.5703
  Early stopping at epoch 346
    [xavier] s42: R²=0.3361, MAPE=19.34%
  Epoch    1/1000 | Train: 0.104851 | Val Loss: 0.160796 | Val Corr: 0.3874
  Epoch   20/1000 | Train: 0.058350 | Val Loss: 0.160714 | Val Corr: 0.5539
  Epoch   40/1000 | Train: 0.047793 | Val Loss: 0.158503 | Val Corr: 0.5141
  Epoch   60/1000 | Train: 0.038715 | Val Loss: 0.149680 | Val Corr: 0.5637
  Epoch   80/1000 | Train: 0.040000 | Val Loss: 0.157834 | Val Corr: 0.5681
  Epoch  100/1000 | Train: 0.038650 | Val Loss: 0.154305 | Val Corr: 0.5958
  Epoch  120/1000 | Train: 0.031808 | Val Loss: 0.156645 | Val Corr: 0.5572
  Epoch  140/1000 | Train: 0.025342 | Val Loss: 0.175954 | Val Corr: 0.4672
  Epoch  160/1000 | Train: 0.030011 | Val Loss: 0.173160 | Val Corr: 0.5505
  Epoch  180/1000 | Train: 0.024944 | Val Loss: 0.169200 | Val Corr: 0.5448
  Epoch  200/1000 | Train: 0.024666 | Val Loss: 0.170121 | Val Corr: 0.5835
  Epoch  220/1000 | Train: 0.022195 | Val Loss: 0.162127 | Val Corr: 0.5937
  Epoch  240/1000 | Train: 0.025345 | Val Loss: 0.150104 | Val Corr: 0.5456
  Epoch  260/1000 | Train: 0.022402 | Val Loss: 0.155735 | Val Corr: 0.5790
  Epoch  280/1000 | Train: 0.021475 | Val Loss: 0.173323 | Val Corr: 0.5524
  Epoch  300/1000 | Train: 0.021158 | Val Loss: 0.153118 | Val Corr: 0.5152
  Epoch  320/1000 | Train: 0.021805 | Val Loss: 0.151009 | Val Corr: 0.5429
  Epoch  340/1000 | Train: 0.027309 | Val Loss: 0.154703 | Val Corr: 0.6159
  Epoch  360/1000 | Train: 0.019577 | Val Loss: 0.156063 | Val Corr: 0.6373
  Epoch  380/1000 | Train: 0.022392 | Val Loss: 0.155707 | Val Corr: 0.5866
  Epoch  400/1000 | Train: 0.020046 | Val Loss: 0.156665 | Val Corr: 0.6119
  Epoch  420/1000 | Train: 0.019031 | Val Loss: 0.154775 | Val Corr: 0.6543
  Epoch  440/1000 | Train: 0.019848 | Val Loss: 0.166699 | Val Corr: 0.6717
  Epoch  460/1000 | Train: 0.018940 | Val Loss: 0.158946 | Val Corr: 0.6335
  Epoch  480/1000 | Train: 0.018114 | Val Loss: 0.153926 | Val Corr: 0.6395
  Epoch  500/1000 | Train: 0.018489 | Val Loss: 0.152044 | Val Corr: 0.6254
  Epoch  520/1000 | Train: 0.020540 | Val Loss: 0.153438 | Val Corr: 0.6332
  Epoch  540/1000 | Train: 0.021263 | Val Loss: 0.157548 | Val Corr: 0.6137
  Epoch  560/1000 | Train: 0.017890 | Val Loss: 0.150433 | Val Corr: 0.6405
  Epoch  580/1000 | Train: 0.019199 | Val Loss: 0.149999 | Val Corr: 0.6188
  Epoch  600/1000 | Train: 0.019607 | Val Loss: 0.158885 | Val Corr: 0.6265
  Epoch  620/1000 | Train: 0.018187 | Val Loss: 0.156499 | Val Corr: 0.6300
  Epoch  640/1000 | Train: 0.020899 | Val Loss: 0.163024 | Val Corr: 0.6281
  Epoch  660/1000 | Train: 0.017301 | Val Loss: 0.159230 | Val Corr: 0.5797
  Epoch  680/1000 | Train: 0.018641 | Val Loss: 0.155905 | Val Corr: 0.6396
  Early stopping at epoch 698
    [xavier] s7: R²=0.2713, MAPE=19.88%
  Epoch    1/1000 | Train: 0.132136 | Val Loss: 0.168488 | Val Corr: 0.0329
  Epoch   20/1000 | Train: 0.059267 | Val Loss: 0.149649 | Val Corr: 0.6793
  Epoch   40/1000 | Train: 0.055493 | Val Loss: 0.149403 | Val Corr: 0.6348
  Epoch   60/1000 | Train: 0.041610 | Val Loss: 0.153653 | Val Corr: 0.6169
  Epoch   80/1000 | Train: 0.039481 | Val Loss: 0.153626 | Val Corr: 0.6341
  Epoch  100/1000 | Train: 0.038462 | Val Loss: 0.155308 | Val Corr: 0.5945
  Epoch  120/1000 | Train: 0.033856 | Val Loss: 0.148689 | Val Corr: 0.6342
  Epoch  140/1000 | Train: 0.030743 | Val Loss: 0.148826 | Val Corr: 0.5965
  Epoch  160/1000 | Train: 0.025208 | Val Loss: 0.138547 | Val Corr: 0.5697
  Epoch  180/1000 | Train: 0.025319 | Val Loss: 0.146750 | Val Corr: 0.6309
  Epoch  200/1000 | Train: 0.023172 | Val Loss: 0.141558 | Val Corr: 0.6314
  Epoch  220/1000 | Train: 0.020426 | Val Loss: 0.152263 | Val Corr: 0.6324
  Epoch  240/1000 | Train: 0.019090 | Val Loss: 0.156892 | Val Corr: 0.6343
  Epoch  260/1000 | Train: 0.023962 | Val Loss: 0.152942 | Val Corr: 0.6122
  Epoch  280/1000 | Train: 0.022915 | Val Loss: 0.154810 | Val Corr: 0.6184
  Epoch  300/1000 | Train: 0.023780 | Val Loss: 0.171310 | Val Corr: 0.5738
  Epoch  320/1000 | Train: 0.021440 | Val Loss: 0.162163 | Val Corr: 0.6600
  Epoch  340/1000 | Train: 0.020313 | Val Loss: 0.163662 | Val Corr: 0.5969
  Epoch  360/1000 | Train: 0.020008 | Val Loss: 0.152058 | Val Corr: 0.6077
  Epoch  380/1000 | Train: 0.019943 | Val Loss: 0.154219 | Val Corr: 0.6014
  Early stopping at epoch 394
    [xavier] s123: R²=0.3201, MAPE=19.09%
  Epoch    1/1000 | Train: 0.098594 | Val Loss: 0.172621 | Val Corr: 0.3439
  Epoch   20/1000 | Train: 0.056823 | Val Loss: 0.163907 | Val Corr: 0.5611
  Epoch   40/1000 | Train: 0.048051 | Val Loss: 0.143706 | Val Corr: 0.6150
  Epoch   60/1000 | Train: 0.047582 | Val Loss: 0.158624 | Val Corr: 0.5821
  Epoch   80/1000 | Train: 0.036573 | Val Loss: 0.176267 | Val Corr: 0.5677
  Epoch  100/1000 | Train: 0.033641 | Val Loss: 0.154855 | Val Corr: 0.5973
  Epoch  120/1000 | Train: 0.027179 | Val Loss: 0.176098 | Val Corr: 0.6317
  Epoch  140/1000 | Train: 0.031867 | Val Loss: 0.184428 | Val Corr: 0.5335
  Epoch  160/1000 | Train: 0.028060 | Val Loss: 0.184046 | Val Corr: 0.5798
  Epoch  180/1000 | Train: 0.025655 | Val Loss: 0.192867 | Val Corr: 0.5605
  Epoch  200/1000 | Train: 0.022916 | Val Loss: 0.177615 | Val Corr: 0.5724
  Epoch  220/1000 | Train: 0.022213 | Val Loss: 0.195871 | Val Corr: 0.5925
  Epoch  240/1000 | Train: 0.021894 | Val Loss: 0.184556 | Val Corr: 0.6290
  Epoch  260/1000 | Train: 0.024121 | Val Loss: 0.184758 | Val Corr: 0.6374
  Epoch  280/1000 | Train: 0.020559 | Val Loss: 0.197531 | Val Corr: 0.5855
  Epoch  300/1000 | Train: 0.021749 | Val Loss: 0.178620 | Val Corr: 0.6064
  Epoch  320/1000 | Train: 0.021584 | Val Loss: 0.182761 | Val Corr: 0.6259
  Epoch  340/1000 | Train: 0.018833 | Val Loss: 0.180804 | Val Corr: 0.6359
  Epoch  360/1000 | Train: 0.020460 | Val Loss: 0.169836 | Val Corr: 0.5991
  Early stopping at epoch 363
    [xavier] s2024: R²=0.3381, MAPE=17.18%
  Epoch    1/1000 | Train: 0.132579 | Val Loss: 0.182703 | Val Corr: 0.2685
  Epoch   20/1000 | Train: 0.058264 | Val Loss: 0.163542 | Val Corr: 0.5640
  Epoch   40/1000 | Train: 0.056628 | Val Loss: 0.167148 | Val Corr: 0.5265
  Epoch   60/1000 | Train: 0.041518 | Val Loss: 0.177941 | Val Corr: 0.5426
  Epoch   80/1000 | Train: 0.034433 | Val Loss: 0.174694 | Val Corr: 0.5127
  Epoch  100/1000 | Train: 0.035195 | Val Loss: 0.182331 | Val Corr: 0.5968
  Epoch  120/1000 | Train: 0.030715 | Val Loss: 0.174543 | Val Corr: 0.5992
  Epoch  140/1000 | Train: 0.032669 | Val Loss: 0.167489 | Val Corr: 0.6373
  Epoch  160/1000 | Train: 0.028560 | Val Loss: 0.183601 | Val Corr: 0.6273
  Epoch  180/1000 | Train: 0.022922 | Val Loss: 0.188292 | Val Corr: 0.6292
  Epoch  200/1000 | Train: 0.024592 | Val Loss: 0.174361 | Val Corr: 0.6386
  Epoch  220/1000 | Train: 0.025015 | Val Loss: 0.188950 | Val Corr: 0.6217
  Epoch  240/1000 | Train: 0.024539 | Val Loss: 0.187176 | Val Corr: 0.6191
  Epoch  260/1000 | Train: 0.025159 | Val Loss: 0.176134 | Val Corr: 0.6125
  Epoch  280/1000 | Train: 0.024756 | Val Loss: 0.168599 | Val Corr: 0.6434
  Epoch  300/1000 | Train: 0.028288 | Val Loss: 0.174019 | Val Corr: 0.6585
  Epoch  320/1000 | Train: 0.019248 | Val Loss: 0.185023 | Val Corr: 0.6445
  Epoch  340/1000 | Train: 0.019800 | Val Loss: 0.162954 | Val Corr: 0.6749
  Epoch  360/1000 | Train: 0.024121 | Val Loss: 0.170583 | Val Corr: 0.6684
  Epoch  380/1000 | Train: 0.022246 | Val Loss: 0.173935 | Val Corr: 0.6316
  Epoch  400/1000 | Train: 0.020153 | Val Loss: 0.191012 | Val Corr: 0.6045
  Epoch  420/1000 | Train: 0.019356 | Val Loss: 0.181028 | Val Corr: 0.6432
  Epoch  440/1000 | Train: 0.020290 | Val Loss: 0.174045 | Val Corr: 0.6331
  Epoch  460/1000 | Train: 0.022528 | Val Loss: 0.166609 | Val Corr: 0.6826
  Epoch  480/1000 | Train: 0.020858 | Val Loss: 0.189784 | Val Corr: 0.5817
  Epoch  500/1000 | Train: 0.017799 | Val Loss: 0.173518 | Val Corr: 0.6641
  Epoch  520/1000 | Train: 0.020961 | Val Loss: 0.191818 | Val Corr: 0.5728
  Epoch  540/1000 | Train: 0.018868 | Val Loss: 0.179911 | Val Corr: 0.6373
  Epoch  560/1000 | Train: 0.022237 | Val Loss: 0.173817 | Val Corr: 0.6275
  Epoch  580/1000 | Train: 0.019099 | Val Loss: 0.192370 | Val Corr: 0.6182
  Early stopping at epoch 581
    [xavier] s99: R²=0.2969, MAPE=19.37%
  Epoch    1/1000 | Train: 0.114632 | Val Loss: 0.160361 | Val Corr: 0.2751
  Epoch   20/1000 | Train: 0.054616 | Val Loss: 0.171683 | Val Corr: 0.5475
  Epoch   40/1000 | Train: 0.054757 | Val Loss: 0.163764 | Val Corr: 0.5670
  Epoch   60/1000 | Train: 0.045391 | Val Loss: 0.172459 | Val Corr: 0.6096
  Epoch   80/1000 | Train: 0.042443 | Val Loss: 0.174584 | Val Corr: 0.5911
  Epoch  100/1000 | Train: 0.035110 | Val Loss: 0.167238 | Val Corr: 0.6377
  Epoch  120/1000 | Train: 0.036121 | Val Loss: 0.183933 | Val Corr: 0.6202
  Epoch  140/1000 | Train: 0.031638 | Val Loss: 0.178139 | Val Corr: 0.6270
  Epoch  160/1000 | Train: 0.030286 | Val Loss: 0.179938 | Val Corr: 0.6594
  Epoch  180/1000 | Train: 0.025703 | Val Loss: 0.178322 | Val Corr: 0.5898
  Epoch  200/1000 | Train: 0.025020 | Val Loss: 0.175961 | Val Corr: 0.6013
  Epoch  220/1000 | Train: 0.026346 | Val Loss: 0.189122 | Val Corr: 0.6058
  Epoch  240/1000 | Train: 0.026312 | Val Loss: 0.188093 | Val Corr: 0.6378
  Epoch  260/1000 | Train: 0.023014 | Val Loss: 0.192177 | Val Corr: 0.5845
  Epoch  280/1000 | Train: 0.019886 | Val Loss: 0.180355 | Val Corr: 0.6127
  Epoch  300/1000 | Train: 0.020227 | Val Loss: 0.196108 | Val Corr: 0.5455
  Epoch  320/1000 | Train: 0.019914 | Val Loss: 0.203457 | Val Corr: 0.5747
  Epoch  340/1000 | Train: 0.019075 | Val Loss: 0.197130 | Val Corr: 0.5997
  Early stopping at epoch 342
    [xavier] s13: R²=0.2821, MAPE=17.90%
  Epoch    1/1000 | Train: 0.101633 | Val Loss: 0.179467 | Val Corr: 0.3471
  Epoch   20/1000 | Train: 0.059836 | Val Loss: 0.156028 | Val Corr: 0.5724
  Epoch   40/1000 | Train: 0.046398 | Val Loss: 0.162557 | Val Corr: 0.6289
  Epoch   60/1000 | Train: 0.043677 | Val Loss: 0.170711 | Val Corr: 0.5961
  Epoch   80/1000 | Train: 0.035634 | Val Loss: 0.194877 | Val Corr: 0.5139
  Epoch  100/1000 | Train: 0.036563 | Val Loss: 0.192820 | Val Corr: 0.5413
  Epoch  120/1000 | Train: 0.029983 | Val Loss: 0.197323 | Val Corr: 0.4938
  Epoch  140/1000 | Train: 0.028961 | Val Loss: 0.199537 | Val Corr: 0.5337
  Epoch  160/1000 | Train: 0.029062 | Val Loss: 0.199223 | Val Corr: 0.5611
  Epoch  180/1000 | Train: 0.027270 | Val Loss: 0.195905 | Val Corr: 0.5605
  Epoch  200/1000 | Train: 0.024628 | Val Loss: 0.188641 | Val Corr: 0.6279
  Epoch  220/1000 | Train: 0.022088 | Val Loss: 0.186778 | Val Corr: 0.5857
  Epoch  240/1000 | Train: 0.025824 | Val Loss: 0.205435 | Val Corr: 0.5396
  Epoch  260/1000 | Train: 0.022927 | Val Loss: 0.185314 | Val Corr: 0.5786
  Early stopping at epoch 267
    [xavier] s55: R²=0.3698, MAPE=17.12%
  Epoch    1/1000 | Train: 0.104153 | Val Loss: 0.186602 | Val Corr: 0.2208
  Epoch   20/1000 | Train: 0.065608 | Val Loss: 0.153480 | Val Corr: 0.5918
  Epoch   40/1000 | Train: 0.051813 | Val Loss: 0.178220 | Val Corr: 0.5468
  Epoch   60/1000 | Train: 0.047627 | Val Loss: 0.164944 | Val Corr: 0.5871
  Epoch   80/1000 | Train: 0.040154 | Val Loss: 0.156218 | Val Corr: 0.5764
  Epoch  100/1000 | Train: 0.038630 | Val Loss: 0.170278 | Val Corr: 0.5988
  Epoch  120/1000 | Train: 0.032699 | Val Loss: 0.172263 | Val Corr: 0.6408
  Epoch  140/1000 | Train: 0.031747 | Val Loss: 0.160714 | Val Corr: 0.6417
  Epoch  160/1000 | Train: 0.026960 | Val Loss: 0.176689 | Val Corr: 0.6223
  Epoch  180/1000 | Train: 0.031674 | Val Loss: 0.169534 | Val Corr: 0.6334
  Epoch  200/1000 | Train: 0.024894 | Val Loss: 0.172664 | Val Corr: 0.6036
  Epoch  220/1000 | Train: 0.025769 | Val Loss: 0.182015 | Val Corr: 0.6168
  Epoch  240/1000 | Train: 0.024921 | Val Loss: 0.172850 | Val Corr: 0.6251
  Epoch  260/1000 | Train: 0.021356 | Val Loss: 0.178382 | Val Corr: 0.6188
  Epoch  280/1000 | Train: 0.023522 | Val Loss: 0.170509 | Val Corr: 0.6854
  Epoch  300/1000 | Train: 0.021789 | Val Loss: 0.166214 | Val Corr: 0.6898
  Epoch  320/1000 | Train: 0.020867 | Val Loss: 0.156538 | Val Corr: 0.6776
  Epoch  340/1000 | Train: 0.022704 | Val Loss: 0.163447 | Val Corr: 0.6631
  Epoch  360/1000 | Train: 0.020498 | Val Loss: 0.162461 | Val Corr: 0.6718
  Epoch  380/1000 | Train: 0.018926 | Val Loss: 0.158491 | Val Corr: 0.6654
  Epoch  400/1000 | Train: 0.023851 | Val Loss: 0.157390 | Val Corr: 0.6476
  Epoch  420/1000 | Train: 0.018464 | Val Loss: 0.163987 | Val Corr: 0.7023
  Epoch  440/1000 | Train: 0.021680 | Val Loss: 0.165428 | Val Corr: 0.6834
  Epoch  460/1000 | Train: 0.020740 | Val Loss: 0.159295 | Val Corr: 0.6489
  Epoch  480/1000 | Train: 0.022091 | Val Loss: 0.160850 | Val Corr: 0.6695
  Epoch  500/1000 | Train: 0.018578 | Val Loss: 0.158677 | Val Corr: 0.6603
  Epoch  520/1000 | Train: 0.021758 | Val Loss: 0.161693 | Val Corr: 0.6357
  Epoch  540/1000 | Train: 0.021000 | Val Loss: 0.167859 | Val Corr: 0.6563
  Epoch  560/1000 | Train: 0.021640 | Val Loss: 0.173152 | Val Corr: 0.6377
  Early stopping at epoch 578
    [xavier] s777: R²=0.3337, MAPE=18.06%
  Epoch    1/1000 | Train: 0.108994 | Val Loss: 0.173687 | Val Corr: 0.3266
  Epoch   20/1000 | Train: 0.052651 | Val Loss: 0.155902 | Val Corr: 0.4306
  Epoch   40/1000 | Train: 0.047642 | Val Loss: 0.161330 | Val Corr: 0.5817
  Epoch   60/1000 | Train: 0.045663 | Val Loss: 0.141682 | Val Corr: 0.5777
  Epoch   80/1000 | Train: 0.042298 | Val Loss: 0.161486 | Val Corr: 0.4891
  Epoch  100/1000 | Train: 0.034192 | Val Loss: 0.157033 | Val Corr: 0.5622
  Epoch  120/1000 | Train: 0.033879 | Val Loss: 0.165743 | Val Corr: 0.6372
  Epoch  140/1000 | Train: 0.033657 | Val Loss: 0.162561 | Val Corr: 0.6340
  Epoch  160/1000 | Train: 0.025953 | Val Loss: 0.167005 | Val Corr: 0.6124
  Epoch  180/1000 | Train: 0.026093 | Val Loss: 0.168011 | Val Corr: 0.6164
  Epoch  200/1000 | Train: 0.025858 | Val Loss: 0.176635 | Val Corr: 0.6216
  Epoch  220/1000 | Train: 0.027487 | Val Loss: 0.184279 | Val Corr: 0.5683
  Epoch  240/1000 | Train: 0.024821 | Val Loss: 0.181699 | Val Corr: 0.6266
  Epoch  260/1000 | Train: 0.023625 | Val Loss: 0.178339 | Val Corr: 0.6189
  Epoch  280/1000 | Train: 0.022237 | Val Loss: 0.183764 | Val Corr: 0.5913
  Early stopping at epoch 293
    [xavier] s314: R²=0.2101, MAPE=21.17%
  Epoch    1/1000 | Train: 0.134528 | Val Loss: 0.175204 | Val Corr: 0.2963
  Epoch   20/1000 | Train: 0.061231 | Val Loss: 0.153137 | Val Corr: 0.5389
  Epoch   40/1000 | Train: 0.058493 | Val Loss: 0.171382 | Val Corr: 0.5087
  Epoch   60/1000 | Train: 0.048564 | Val Loss: 0.188997 | Val Corr: 0.4816
  Epoch   80/1000 | Train: 0.037165 | Val Loss: 0.183835 | Val Corr: 0.5741
  Epoch  100/1000 | Train: 0.035202 | Val Loss: 0.187482 | Val Corr: 0.5455
  Epoch  120/1000 | Train: 0.033990 | Val Loss: 0.183426 | Val Corr: 0.6071
  Epoch  140/1000 | Train: 0.031870 | Val Loss: 0.197605 | Val Corr: 0.6024
  Epoch  160/1000 | Train: 0.030477 | Val Loss: 0.205534 | Val Corr: 0.5488
  Epoch  180/1000 | Train: 0.028379 | Val Loss: 0.198868 | Val Corr: 0.5545
  Epoch  200/1000 | Train: 0.023563 | Val Loss: 0.199560 | Val Corr: 0.5757
  Epoch  220/1000 | Train: 0.024238 | Val Loss: 0.197418 | Val Corr: 0.5712
  Epoch  240/1000 | Train: 0.025110 | Val Loss: 0.207853 | Val Corr: 0.5190
  Epoch  260/1000 | Train: 0.025170 | Val Loss: 0.205121 | Val Corr: 0.5773
  Early stopping at epoch 273
    [xavier] s2025: R²=0.1950, MAPE=16.94%
  Epoch    1/1000 | Train: 0.100076 | Val Loss: 0.164083 | Val Corr: 0.1686
  Epoch   20/1000 | Train: 0.060325 | Val Loss: 0.149810 | Val Corr: 0.5993
  Epoch   40/1000 | Train: 0.047158 | Val Loss: 0.150185 | Val Corr: 0.6164
  Epoch   60/1000 | Train: 0.044998 | Val Loss: 0.155127 | Val Corr: 0.5684
  Epoch   80/1000 | Train: 0.038980 | Val Loss: 0.168536 | Val Corr: 0.6059
  Epoch  100/1000 | Train: 0.035265 | Val Loss: 0.164944 | Val Corr: 0.6160
  Epoch  120/1000 | Train: 0.029915 | Val Loss: 0.179681 | Val Corr: 0.5983
  Epoch  140/1000 | Train: 0.026253 | Val Loss: 0.188898 | Val Corr: 0.6059
  Epoch  160/1000 | Train: 0.028406 | Val Loss: 0.186497 | Val Corr: 0.6205
  Epoch  180/1000 | Train: 0.026041 | Val Loss: 0.191759 | Val Corr: 0.5791
  Epoch  200/1000 | Train: 0.024069 | Val Loss: 0.167464 | Val Corr: 0.6470
  Epoch  220/1000 | Train: 0.025305 | Val Loss: 0.186618 | Val Corr: 0.5773
  Epoch  240/1000 | Train: 0.024033 | Val Loss: 0.167598 | Val Corr: 0.6421
  Epoch  260/1000 | Train: 0.022408 | Val Loss: 0.184994 | Val Corr: 0.6054
  Epoch  280/1000 | Train: 0.021600 | Val Loss: 0.176763 | Val Corr: 0.6239
  Epoch  300/1000 | Train: 0.020625 | Val Loss: 0.170397 | Val Corr: 0.5853
  Epoch  320/1000 | Train: 0.021006 | Val Loss: 0.198556 | Val Corr: 0.5641
  Epoch  340/1000 | Train: 0.021683 | Val Loss: 0.180044 | Val Corr: 0.5817
  Epoch  360/1000 | Train: 0.020537 | Val Loss: 0.188523 | Val Corr: 0.6021
  Epoch  380/1000 | Train: 0.018582 | Val Loss: 0.205624 | Val Corr: 0.6039
  Epoch  400/1000 | Train: 0.022187 | Val Loss: 0.194487 | Val Corr: 0.5802
  Early stopping at epoch 402
    [xavier] s0: R²=0.2376, MAPE=19.80%
  Epoch    1/1000 | Train: 0.132493 | Val Loss: 0.173249 | Val Corr: 0.1686
  Epoch   20/1000 | Train: 0.062288 | Val Loss: 0.153659 | Val Corr: 0.5707
  Epoch   40/1000 | Train: 0.050521 | Val Loss: 0.144757 | Val Corr: 0.6041
  Epoch   60/1000 | Train: 0.046539 | Val Loss: 0.168378 | Val Corr: 0.5603
  Epoch   80/1000 | Train: 0.041451 | Val Loss: 0.165497 | Val Corr: 0.5397
  Epoch  100/1000 | Train: 0.033291 | Val Loss: 0.173439 | Val Corr: 0.5292
  Epoch  120/1000 | Train: 0.029656 | Val Loss: 0.179499 | Val Corr: 0.4970
  Epoch  140/1000 | Train: 0.028946 | Val Loss: 0.181155 | Val Corr: 0.5431
  Epoch  160/1000 | Train: 0.030605 | Val Loss: 0.167804 | Val Corr: 0.5860
  Epoch  180/1000 | Train: 0.028086 | Val Loss: 0.176624 | Val Corr: 0.5616
  Epoch  200/1000 | Train: 0.023436 | Val Loss: 0.174911 | Val Corr: 0.5519
  Epoch  220/1000 | Train: 0.024567 | Val Loss: 0.164939 | Val Corr: 0.5910
  Epoch  240/1000 | Train: 0.030048 | Val Loss: 0.162184 | Val Corr: 0.5808
  Epoch  260/1000 | Train: 0.022751 | Val Loss: 0.170526 | Val Corr: 0.5702
  Epoch  280/1000 | Train: 0.021743 | Val Loss: 0.165698 | Val Corr: 0.5688
  Epoch  300/1000 | Train: 0.021827 | Val Loss: 0.171076 | Val Corr: 0.6507
  Early stopping at epoch 300
    [xavier] s1: R²=0.2435, MAPE=19.93%
  Epoch    1/1000 | Train: 0.104960 | Val Loss: 0.162929 | Val Corr: 0.2409
  Epoch   20/1000 | Train: 0.055854 | Val Loss: 0.155949 | Val Corr: 0.6101
  Epoch   40/1000 | Train: 0.052576 | Val Loss: 0.164782 | Val Corr: 0.6678
  Epoch   60/1000 | Train: 0.039972 | Val Loss: 0.176641 | Val Corr: 0.5847
  Epoch   80/1000 | Train: 0.037270 | Val Loss: 0.162680 | Val Corr: 0.6237
  Epoch  100/1000 | Train: 0.037768 | Val Loss: 0.176922 | Val Corr: 0.5719
  Epoch  120/1000 | Train: 0.027203 | Val Loss: 0.178506 | Val Corr: 0.5871
  Epoch  140/1000 | Train: 0.028918 | Val Loss: 0.194365 | Val Corr: 0.5609
  Epoch  160/1000 | Train: 0.027824 | Val Loss: 0.198074 | Val Corr: 0.5651
  Epoch  180/1000 | Train: 0.025331 | Val Loss: 0.207327 | Val Corr: 0.5209
  Epoch  200/1000 | Train: 0.027200 | Val Loss: 0.206727 | Val Corr: 0.5583
  Epoch  220/1000 | Train: 0.024514 | Val Loss: 0.212760 | Val Corr: 0.4860
  Epoch  240/1000 | Train: 0.019037 | Val Loss: 0.214803 | Val Corr: 0.5026
  Epoch  260/1000 | Train: 0.021981 | Val Loss: 0.201470 | Val Corr: 0.5466
  Epoch  280/1000 | Train: 0.018297 | Val Loss: 0.196493 | Val Corr: 0.5524
  Early stopping at epoch 282
    [xavier] s2: R²=0.3167, MAPE=15.72%
  Epoch    1/1000 | Train: 0.114628 | Val Loss: 0.178479 | Val Corr: 0.0786
  Epoch   20/1000 | Train: 0.055009 | Val Loss: 0.171395 | Val Corr: 0.5673
  Epoch   40/1000 | Train: 0.050389 | Val Loss: 0.160589 | Val Corr: 0.6194
  Epoch   60/1000 | Train: 0.048349 | Val Loss: 0.186334 | Val Corr: 0.5620
  Epoch   80/1000 | Train: 0.038788 | Val Loss: 0.183931 | Val Corr: 0.5575
  Epoch  100/1000 | Train: 0.031335 | Val Loss: 0.183754 | Val Corr: 0.5844
  Epoch  120/1000 | Train: 0.035269 | Val Loss: 0.165407 | Val Corr: 0.6269
  Epoch  140/1000 | Train: 0.028733 | Val Loss: 0.183900 | Val Corr: 0.6416
  Epoch  160/1000 | Train: 0.028888 | Val Loss: 0.181724 | Val Corr: 0.6244
  Epoch  180/1000 | Train: 0.025878 | Val Loss: 0.171339 | Val Corr: 0.6764
  Epoch  200/1000 | Train: 0.024199 | Val Loss: 0.181884 | Val Corr: 0.6251
  Epoch  220/1000 | Train: 0.026809 | Val Loss: 0.185692 | Val Corr: 0.6288
  Epoch  240/1000 | Train: 0.024995 | Val Loss: 0.171505 | Val Corr: 0.6902
  Epoch  260/1000 | Train: 0.023309 | Val Loss: 0.185753 | Val Corr: 0.6644
  Epoch  280/1000 | Train: 0.019817 | Val Loss: 0.193005 | Val Corr: 0.6321
  Epoch  300/1000 | Train: 0.025192 | Val Loss: 0.175882 | Val Corr: 0.6885
  Epoch  320/1000 | Train: 0.020192 | Val Loss: 0.191844 | Val Corr: 0.6449
  Epoch  340/1000 | Train: 0.020344 | Val Loss: 0.189699 | Val Corr: 0.6321
  Epoch  360/1000 | Train: 0.018994 | Val Loss: 0.183678 | Val Corr: 0.6584
  Epoch  380/1000 | Train: 0.020687 | Val Loss: 0.180170 | Val Corr: 0.6765
  Epoch  400/1000 | Train: 0.021275 | Val Loss: 0.191522 | Val Corr: 0.6389
  Epoch  420/1000 | Train: 0.019735 | Val Loss: 0.189787 | Val Corr: 0.6305
  Epoch  440/1000 | Train: 0.020762 | Val Loss: 0.177780 | Val Corr: 0.6816
  Epoch  460/1000 | Train: 0.018344 | Val Loss: 0.186804 | Val Corr: 0.6618
  Epoch  480/1000 | Train: 0.022368 | Val Loss: 0.175625 | Val Corr: 0.6843
  Epoch  500/1000 | Train: 0.020766 | Val Loss: 0.182152 | Val Corr: 0.6685
  Epoch  520/1000 | Train: 0.019365 | Val Loss: 0.176283 | Val Corr: 0.6655
  Epoch  540/1000 | Train: 0.019267 | Val Loss: 0.169181 | Val Corr: 0.6897
  Epoch  560/1000 | Train: 0.017638 | Val Loss: 0.181666 | Val Corr: 0.6771
  Epoch  580/1000 | Train: 0.017610 | Val Loss: 0.176119 | Val Corr: 0.6614
  Epoch  600/1000 | Train: 0.018749 | Val Loss: 0.185875 | Val Corr: 0.6696
  Epoch  620/1000 | Train: 0.016722 | Val Loss: 0.181748 | Val Corr: 0.6752
  Epoch  640/1000 | Train: 0.019685 | Val Loss: 0.178966 | Val Corr: 0.6736
  Epoch  660/1000 | Train: 0.015860 | Val Loss: 0.175681 | Val Corr: 0.6923
  Early stopping at epoch 675
    [xavier] s3: R²=0.2717, MAPE=18.61%
  Epoch    1/1000 | Train: 0.094175 | Val Loss: 0.165086 | Val Corr: 0.4704
  Epoch   20/1000 | Train: 0.057891 | Val Loss: 0.175266 | Val Corr: 0.4898
  Epoch   40/1000 | Train: 0.050308 | Val Loss: 0.173405 | Val Corr: 0.5444
  Epoch   60/1000 | Train: 0.044325 | Val Loss: 0.166867 | Val Corr: 0.6438
  Epoch   80/1000 | Train: 0.037650 | Val Loss: 0.175985 | Val Corr: 0.6048
  Epoch  100/1000 | Train: 0.034190 | Val Loss: 0.173777 | Val Corr: 0.6147
  Epoch  120/1000 | Train: 0.033558 | Val Loss: 0.167423 | Val Corr: 0.6334
  Epoch  140/1000 | Train: 0.030221 | Val Loss: 0.187672 | Val Corr: 0.5512
  Epoch  160/1000 | Train: 0.028691 | Val Loss: 0.202599 | Val Corr: 0.5363
  Epoch  180/1000 | Train: 0.027023 | Val Loss: 0.192283 | Val Corr: 0.5977
  Epoch  200/1000 | Train: 0.028204 | Val Loss: 0.191821 | Val Corr: 0.6090
  Epoch  220/1000 | Train: 0.027415 | Val Loss: 0.173941 | Val Corr: 0.6305
  Epoch  240/1000 | Train: 0.023863 | Val Loss: 0.184112 | Val Corr: 0.6337
  Epoch  260/1000 | Train: 0.023253 | Val Loss: 0.167333 | Val Corr: 0.6889
  Early stopping at epoch 276
    [xavier] s4: R²=0.2933, MAPE=17.13%
  Epoch    1/1000 | Train: 0.101132 | Val Loss: 0.165844 | Val Corr: 0.0818
  Epoch   20/1000 | Train: 0.062772 | Val Loss: 0.165807 | Val Corr: 0.5604
  Epoch   40/1000 | Train: 0.052088 | Val Loss: 0.174291 | Val Corr: 0.5282
  Epoch   60/1000 | Train: 0.047803 | Val Loss: 0.169012 | Val Corr: 0.5781
  Epoch   80/1000 | Train: 0.046499 | Val Loss: 0.180098 | Val Corr: 0.5562
  Epoch  100/1000 | Train: 0.037416 | Val Loss: 0.186634 | Val Corr: 0.5240
  Epoch  120/1000 | Train: 0.029970 | Val Loss: 0.169213 | Val Corr: 0.6353
  Epoch  140/1000 | Train: 0.031385 | Val Loss: 0.173331 | Val Corr: 0.6112
  Epoch  160/1000 | Train: 0.031017 | Val Loss: 0.184895 | Val Corr: 0.5911
  Epoch  180/1000 | Train: 0.027434 | Val Loss: 0.184571 | Val Corr: 0.6074
  Epoch  200/1000 | Train: 0.029051 | Val Loss: 0.189297 | Val Corr: 0.5985
  Epoch  220/1000 | Train: 0.024512 | Val Loss: 0.171744 | Val Corr: 0.6387
  Epoch  240/1000 | Train: 0.024662 | Val Loss: 0.175816 | Val Corr: 0.6344
  Epoch  260/1000 | Train: 0.024453 | Val Loss: 0.172695 | Val Corr: 0.6126
  Epoch  280/1000 | Train: 0.024039 | Val Loss: 0.188407 | Val Corr: 0.6053
  Epoch  300/1000 | Train: 0.025789 | Val Loss: 0.176035 | Val Corr: 0.6411
  Epoch  320/1000 | Train: 0.021345 | Val Loss: 0.165243 | Val Corr: 0.6458
  Epoch  340/1000 | Train: 0.026656 | Val Loss: 0.173639 | Val Corr: 0.6439
  Epoch  360/1000 | Train: 0.026881 | Val Loss: 0.168249 | Val Corr: 0.6328
  Epoch  380/1000 | Train: 0.022271 | Val Loss: 0.184073 | Val Corr: 0.6022
  Epoch  400/1000 | Train: 0.020360 | Val Loss: 0.174297 | Val Corr: 0.6133
  Epoch  420/1000 | Train: 0.023239 | Val Loss: 0.166261 | Val Corr: 0.6450
  Epoch  440/1000 | Train: 0.020756 | Val Loss: 0.176894 | Val Corr: 0.6246
  Epoch  460/1000 | Train: 0.020983 | Val Loss: 0.165580 | Val Corr: 0.6278
  Epoch  480/1000 | Train: 0.023986 | Val Loss: 0.156676 | Val Corr: 0.6059
  Epoch  500/1000 | Train: 0.021988 | Val Loss: 0.173963 | Val Corr: 0.6140
  Epoch  520/1000 | Train: 0.024531 | Val Loss: 0.167287 | Val Corr: 0.6314
  Epoch  540/1000 | Train: 0.019113 | Val Loss: 0.178661 | Val Corr: 0.6300
  Epoch  560/1000 | Train: 0.018098 | Val Loss: 0.172837 | Val Corr: 0.5914
  Epoch  580/1000 | Train: 0.016362 | Val Loss: 0.166391 | Val Corr: 0.6034
  Epoch  600/1000 | Train: 0.020606 | Val Loss: 0.163220 | Val Corr: 0.5829
  Epoch  620/1000 | Train: 0.022117 | Val Loss: 0.169702 | Val Corr: 0.6302
  Epoch  640/1000 | Train: 0.022083 | Val Loss: 0.165194 | Val Corr: 0.6450
  Epoch  660/1000 | Train: 0.016400 | Val Loss: 0.157073 | Val Corr: 0.6684
  Epoch  680/1000 | Train: 0.018363 | Val Loss: 0.169248 | Val Corr: 0.6487
  Early stopping at epoch 698
    [xavier] s5: R²=0.2987, MAPE=17.99%
  Epoch    1/1000 | Train: 0.117309 | Val Loss: 0.176543 | Val Corr: 0.3837
  Epoch   20/1000 | Train: 0.058484 | Val Loss: 0.134541 | Val Corr: 0.5594
  Epoch   40/1000 | Train: 0.050113 | Val Loss: 0.169317 | Val Corr: 0.5606
  Epoch   60/1000 | Train: 0.042212 | Val Loss: 0.190743 | Val Corr: 0.4821
  Epoch   80/1000 | Train: 0.039992 | Val Loss: 0.185356 | Val Corr: 0.5642
  Epoch  100/1000 | Train: 0.042106 | Val Loss: 0.182266 | Val Corr: 0.5908
  Epoch  120/1000 | Train: 0.034377 | Val Loss: 0.184723 | Val Corr: 0.6124
  Epoch  140/1000 | Train: 0.032413 | Val Loss: 0.190653 | Val Corr: 0.6091
  Epoch  160/1000 | Train: 0.023087 | Val Loss: 0.211949 | Val Corr: 0.5828
  Epoch  180/1000 | Train: 0.023547 | Val Loss: 0.202675 | Val Corr: 0.5885
  Epoch  200/1000 | Train: 0.023101 | Val Loss: 0.197327 | Val Corr: 0.6187
  Epoch  220/1000 | Train: 0.024621 | Val Loss: 0.212736 | Val Corr: 0.5731
  Epoch  240/1000 | Train: 0.023830 | Val Loss: 0.204290 | Val Corr: 0.5881
  Epoch  260/1000 | Train: 0.022562 | Val Loss: 0.211872 | Val Corr: 0.5737
  Epoch  280/1000 | Train: 0.022476 | Val Loss: 0.201321 | Val Corr: 0.6032
  Early stopping at epoch 284
    [xavier] s6: R²=0.1893, MAPE=18.45%
  Epoch    1/1000 | Train: 0.144389 | Val Loss: 0.178327 | Val Corr: 0.2697
  Epoch   20/1000 | Train: 0.056840 | Val Loss: 0.139726 | Val Corr: 0.5957
  Epoch   40/1000 | Train: 0.049838 | Val Loss: 0.146771 | Val Corr: 0.5790
  Epoch   60/1000 | Train: 0.042703 | Val Loss: 0.151251 | Val Corr: 0.6110
  Epoch   80/1000 | Train: 0.039165 | Val Loss: 0.159109 | Val Corr: 0.5984
  Epoch  100/1000 | Train: 0.035180 | Val Loss: 0.167814 | Val Corr: 0.6798
  Epoch  120/1000 | Train: 0.033275 | Val Loss: 0.170531 | Val Corr: 0.6126
  Epoch  140/1000 | Train: 0.028844 | Val Loss: 0.161321 | Val Corr: 0.5829
  Epoch  160/1000 | Train: 0.028928 | Val Loss: 0.184486 | Val Corr: 0.5752
  Epoch  180/1000 | Train: 0.029125 | Val Loss: 0.183620 | Val Corr: 0.6383
  Epoch  200/1000 | Train: 0.025550 | Val Loss: 0.173664 | Val Corr: 0.6148
  Epoch  220/1000 | Train: 0.024843 | Val Loss: 0.193785 | Val Corr: 0.5804
  Epoch  240/1000 | Train: 0.023956 | Val Loss: 0.187003 | Val Corr: 0.5962
  Epoch  260/1000 | Train: 0.022729 | Val Loss: 0.196394 | Val Corr: 0.5930
  Epoch  280/1000 | Train: 0.023075 | Val Loss: 0.188875 | Val Corr: 0.6084
  Early stopping at epoch 284
    [xavier] s8: R²=0.2403, MAPE=16.68%
  Epoch    1/1000 | Train: 0.104507 | Val Loss: 0.155379 | Val Corr: 0.4011
  Epoch   20/1000 | Train: 0.060136 | Val Loss: 0.136243 | Val Corr: 0.5136
  Epoch   40/1000 | Train: 0.046684 | Val Loss: 0.159041 | Val Corr: 0.6249
  Epoch   60/1000 | Train: 0.046290 | Val Loss: 0.176305 | Val Corr: 0.5572
  Epoch   80/1000 | Train: 0.037882 | Val Loss: 0.173840 | Val Corr: 0.6140
  Epoch  100/1000 | Train: 0.032212 | Val Loss: 0.183937 | Val Corr: 0.5663
  Epoch  120/1000 | Train: 0.027653 | Val Loss: 0.193502 | Val Corr: 0.5155
  Epoch  140/1000 | Train: 0.029533 | Val Loss: 0.197673 | Val Corr: 0.5418
  Epoch  160/1000 | Train: 0.028152 | Val Loss: 0.201484 | Val Corr: 0.5168
  Epoch  180/1000 | Train: 0.025680 | Val Loss: 0.200219 | Val Corr: 0.5062
  Epoch  200/1000 | Train: 0.026266 | Val Loss: 0.188797 | Val Corr: 0.5686
  Epoch  220/1000 | Train: 0.023204 | Val Loss: 0.196636 | Val Corr: 0.5135
  Epoch  240/1000 | Train: 0.021732 | Val Loss: 0.206398 | Val Corr: 0.5336
  Epoch  260/1000 | Train: 0.019801 | Val Loss: 0.201971 | Val Corr: 0.5578
  Epoch  280/1000 | Train: 0.025253 | Val Loss: 0.194943 | Val Corr: 0.5572
  Epoch  300/1000 | Train: 0.022243 | Val Loss: 0.191538 | Val Corr: 0.5965
  Epoch  320/1000 | Train: 0.022243 | Val Loss: 0.199219 | Val Corr: 0.5486
  Early stopping at epoch 331
    [xavier] s9: R²=0.2443, MAPE=18.48%
  Epoch    1/1000 | Train: 0.108521 | Val Loss: 0.161689 | Val Corr: 0.1179
  Epoch   20/1000 | Train: 0.065861 | Val Loss: 0.131341 | Val Corr: 0.6366
  Epoch   40/1000 | Train: 0.055091 | Val Loss: 0.152519 | Val Corr: 0.6312
  Epoch   60/1000 | Train: 0.047098 | Val Loss: 0.146126 | Val Corr: 0.6448
  Epoch   80/1000 | Train: 0.038012 | Val Loss: 0.192471 | Val Corr: 0.5454
  Epoch  100/1000 | Train: 0.036013 | Val Loss: 0.177765 | Val Corr: 0.6003
  Epoch  120/1000 | Train: 0.036058 | Val Loss: 0.180915 | Val Corr: 0.5750
  Epoch  140/1000 | Train: 0.026542 | Val Loss: 0.182156 | Val Corr: 0.6143
  Epoch  160/1000 | Train: 0.029882 | Val Loss: 0.187843 | Val Corr: 0.5893
  Epoch  180/1000 | Train: 0.027073 | Val Loss: 0.180164 | Val Corr: 0.6277
  Epoch  200/1000 | Train: 0.023852 | Val Loss: 0.211548 | Val Corr: 0.5482
  Epoch  220/1000 | Train: 0.027264 | Val Loss: 0.193507 | Val Corr: 0.5767
  Epoch  240/1000 | Train: 0.019931 | Val Loss: 0.196645 | Val Corr: 0.6074
  Epoch  260/1000 | Train: 0.026321 | Val Loss: 0.192275 | Val Corr: 0.5793
  Epoch  280/1000 | Train: 0.026739 | Val Loss: 0.194497 | Val Corr: 0.6095
  Early stopping at epoch 280
    [xavier] s10: R²=0.2891, MAPE=21.24%
  Epoch    1/1000 | Train: 0.120699 | Val Loss: 0.167136 | Val Corr: 0.3410
  Epoch   20/1000 | Train: 0.061546 | Val Loss: 0.136589 | Val Corr: 0.6054
  Epoch   40/1000 | Train: 0.047848 | Val Loss: 0.150214 | Val Corr: 0.6467
  Epoch   60/1000 | Train: 0.047128 | Val Loss: 0.155141 | Val Corr: 0.6648
  Epoch   80/1000 | Train: 0.037704 | Val Loss: 0.153287 | Val Corr: 0.6743
  Epoch  100/1000 | Train: 0.035387 | Val Loss: 0.182765 | Val Corr: 0.6156
  Epoch  120/1000 | Train: 0.034335 | Val Loss: 0.165330 | Val Corr: 0.7196
  Epoch  140/1000 | Train: 0.033908 | Val Loss: 0.171419 | Val Corr: 0.6567
  Epoch  160/1000 | Train: 0.027389 | Val Loss: 0.167508 | Val Corr: 0.6810
  Epoch  180/1000 | Train: 0.031397 | Val Loss: 0.177930 | Val Corr: 0.6472
  Epoch  200/1000 | Train: 0.025488 | Val Loss: 0.179808 | Val Corr: 0.6227
  Epoch  220/1000 | Train: 0.024629 | Val Loss: 0.187692 | Val Corr: 0.6478
  Epoch  240/1000 | Train: 0.020559 | Val Loss: 0.193515 | Val Corr: 0.5993
  Epoch  260/1000 | Train: 0.019252 | Val Loss: 0.181537 | Val Corr: 0.6772
  Epoch  280/1000 | Train: 0.022828 | Val Loss: 0.179384 | Val Corr: 0.6411
  Epoch  300/1000 | Train: 0.022842 | Val Loss: 0.180558 | Val Corr: 0.6311
  Epoch  320/1000 | Train: 0.020583 | Val Loss: 0.186197 | Val Corr: 0.6506
  Epoch  340/1000 | Train: 0.022126 | Val Loss: 0.186299 | Val Corr: 0.6555
  Epoch  360/1000 | Train: 0.021352 | Val Loss: 0.185898 | Val Corr: 0.6536
  Early stopping at epoch 360
    [xavier] s11: R²=0.1891, MAPE=22.25%
  Epoch    1/1000 | Train: 0.100735 | Val Loss: 0.178592 | Val Corr: 0.1848
  Epoch   20/1000 | Train: 0.059043 | Val Loss: 0.171158 | Val Corr: 0.4572
  Epoch   40/1000 | Train: 0.050223 | Val Loss: 0.168329 | Val Corr: 0.5638
  Epoch   60/1000 | Train: 0.042550 | Val Loss: 0.166065 | Val Corr: 0.6373
  Epoch   80/1000 | Train: 0.042886 | Val Loss: 0.177798 | Val Corr: 0.6205
  Epoch  100/1000 | Train: 0.035859 | Val Loss: 0.189265 | Val Corr: 0.5286
  Epoch  120/1000 | Train: 0.035033 | Val Loss: 0.183838 | Val Corr: 0.6064
  Epoch  140/1000 | Train: 0.032108 | Val Loss: 0.174168 | Val Corr: 0.5670
  Epoch  160/1000 | Train: 0.031299 | Val Loss: 0.188698 | Val Corr: 0.5489
  Epoch  180/1000 | Train: 0.025120 | Val Loss: 0.186439 | Val Corr: 0.5895
  Epoch  200/1000 | Train: 0.026511 | Val Loss: 0.198938 | Val Corr: 0.5903
  Epoch  220/1000 | Train: 0.029006 | Val Loss: 0.195403 | Val Corr: 0.5588
  Epoch  240/1000 | Train: 0.022717 | Val Loss: 0.194362 | Val Corr: 0.5843
  Epoch  260/1000 | Train: 0.023522 | Val Loss: 0.196357 | Val Corr: 0.5845
  Epoch  280/1000 | Train: 0.020891 | Val Loss: 0.189388 | Val Corr: 0.5249
  Early stopping at epoch 284
    [xavier] s12: R²=0.3515, MAPE=17.46%
  Epoch    1/1000 | Train: 0.116916 | Val Loss: 0.163975 | Val Corr: 0.1870
  Epoch   20/1000 | Train: 0.063689 | Val Loss: 0.153887 | Val Corr: 0.5283
  Epoch   40/1000 | Train: 0.052574 | Val Loss: 0.159724 | Val Corr: 0.5971
  Epoch   60/1000 | Train: 0.045265 | Val Loss: 0.169134 | Val Corr: 0.6121
  Epoch   80/1000 | Train: 0.041464 | Val Loss: 0.200449 | Val Corr: 0.4967
  Epoch  100/1000 | Train: 0.040027 | Val Loss: 0.173524 | Val Corr: 0.6482
  Epoch  120/1000 | Train: 0.031703 | Val Loss: 0.185190 | Val Corr: 0.6131
  Epoch  140/1000 | Train: 0.031428 | Val Loss: 0.187016 | Val Corr: 0.6098
  Epoch  160/1000 | Train: 0.022413 | Val Loss: 0.195156 | Val Corr: 0.6018
  Epoch  180/1000 | Train: 0.025713 | Val Loss: 0.193804 | Val Corr: 0.5988
  Epoch  200/1000 | Train: 0.025863 | Val Loss: 0.180765 | Val Corr: 0.6631
  Epoch  220/1000 | Train: 0.023250 | Val Loss: 0.193110 | Val Corr: 0.6296
  Epoch  240/1000 | Train: 0.022207 | Val Loss: 0.184537 | Val Corr: 0.6630
  Epoch  260/1000 | Train: 0.020669 | Val Loss: 0.188337 | Val Corr: 0.6508
  Epoch  280/1000 | Train: 0.023884 | Val Loss: 0.191067 | Val Corr: 0.6413
  Epoch  300/1000 | Train: 0.025407 | Val Loss: 0.194524 | Val Corr: 0.5499
  Epoch  320/1000 | Train: 0.020808 | Val Loss: 0.183106 | Val Corr: 0.6484
  Epoch  340/1000 | Train: 0.023031 | Val Loss: 0.180030 | Val Corr: 0.6384
  Epoch  360/1000 | Train: 0.019507 | Val Loss: 0.183478 | Val Corr: 0.6474
  Epoch  380/1000 | Train: 0.022284 | Val Loss: 0.178325 | Val Corr: 0.6584
  Epoch  400/1000 | Train: 0.019628 | Val Loss: 0.178664 | Val Corr: 0.6740
  Epoch  420/1000 | Train: 0.019120 | Val Loss: 0.170797 | Val Corr: 0.6762
  Early stopping at epoch 432
    [xavier] s14: R²=0.3092, MAPE=19.55%
  Epoch    1/1000 | Train: 0.104571 | Val Loss: 0.175898 | Val Corr: -0.1079
  Epoch   20/1000 | Train: 0.059017 | Val Loss: 0.144683 | Val Corr: 0.5020
  Epoch   40/1000 | Train: 0.046695 | Val Loss: 0.160034 | Val Corr: 0.5864
  Epoch   60/1000 | Train: 0.043227 | Val Loss: 0.174323 | Val Corr: 0.5145
  Epoch   80/1000 | Train: 0.034091 | Val Loss: 0.197377 | Val Corr: 0.5032
  Epoch  100/1000 | Train: 0.031565 | Val Loss: 0.184116 | Val Corr: 0.4823
  Epoch  120/1000 | Train: 0.033562 | Val Loss: 0.182801 | Val Corr: 0.5508
  Epoch  140/1000 | Train: 0.027718 | Val Loss: 0.190425 | Val Corr: 0.5008
  Epoch  160/1000 | Train: 0.025069 | Val Loss: 0.186207 | Val Corr: 0.5990
  Epoch  180/1000 | Train: 0.024737 | Val Loss: 0.200194 | Val Corr: 0.5116
  Epoch  200/1000 | Train: 0.023455 | Val Loss: 0.200232 | Val Corr: 0.5421
  Epoch  220/1000 | Train: 0.024386 | Val Loss: 0.204352 | Val Corr: 0.4937
  Epoch  240/1000 | Train: 0.021695 | Val Loss: 0.200549 | Val Corr: 0.5280
  Epoch  260/1000 | Train: 0.022169 | Val Loss: 0.191647 | Val Corr: 0.5648
  Early stopping at epoch 268
    [xavier] s15: R²=0.1872, MAPE=16.26%
  Epoch    1/1000 | Train: 0.109728 | Val Loss: 0.156316 | Val Corr: 0.2832
  Epoch   20/1000 | Train: 0.061086 | Val Loss: 0.152286 | Val Corr: 0.6131
  Epoch   40/1000 | Train: 0.050613 | Val Loss: 0.167956 | Val Corr: 0.5796
  Epoch   60/1000 | Train: 0.041704 | Val Loss: 0.174202 | Val Corr: 0.5324
  Epoch   80/1000 | Train: 0.038732 | Val Loss: 0.178355 | Val Corr: 0.5840
  Epoch  100/1000 | Train: 0.034413 | Val Loss: 0.173284 | Val Corr: 0.6038
  Epoch  120/1000 | Train: 0.026622 | Val Loss: 0.190576 | Val Corr: 0.5839
  Epoch  140/1000 | Train: 0.032892 | Val Loss: 0.190403 | Val Corr: 0.5870
  Epoch  160/1000 | Train: 0.028898 | Val Loss: 0.196725 | Val Corr: 0.5801
  Epoch  180/1000 | Train: 0.027904 | Val Loss: 0.193668 | Val Corr: 0.5612
  Epoch  200/1000 | Train: 0.026031 | Val Loss: 0.174636 | Val Corr: 0.6000
  Epoch  220/1000 | Train: 0.023194 | Val Loss: 0.194953 | Val Corr: 0.6077
  Epoch  240/1000 | Train: 0.022120 | Val Loss: 0.207448 | Val Corr: 0.5093
  Epoch  260/1000 | Train: 0.025115 | Val Loss: 0.200952 | Val Corr: 0.5362
  Early stopping at epoch 275
    [xavier] s16: R²=0.2579, MAPE=20.79%
  Epoch    1/1000 | Train: 0.133784 | Val Loss: 0.182709 | Val Corr: 0.3871
  Epoch   20/1000 | Train: 0.056935 | Val Loss: 0.175113 | Val Corr: 0.4423
  Epoch   40/1000 | Train: 0.052117 | Val Loss: 0.173089 | Val Corr: 0.5330
  Epoch   60/1000 | Train: 0.040343 | Val Loss: 0.176401 | Val Corr: 0.5393
  Epoch   80/1000 | Train: 0.038222 | Val Loss: 0.179263 | Val Corr: 0.6055
  Epoch  100/1000 | Train: 0.034709 | Val Loss: 0.181687 | Val Corr: 0.6236
  Epoch  120/1000 | Train: 0.031529 | Val Loss: 0.182070 | Val Corr: 0.5734
  Epoch  140/1000 | Train: 0.030800 | Val Loss: 0.192671 | Val Corr: 0.5606
  Epoch  160/1000 | Train: 0.028937 | Val Loss: 0.195332 | Val Corr: 0.5654
  Epoch  180/1000 | Train: 0.025913 | Val Loss: 0.196806 | Val Corr: 0.5508
  Epoch  200/1000 | Train: 0.025383 | Val Loss: 0.195785 | Val Corr: 0.5906
  Epoch  220/1000 | Train: 0.025453 | Val Loss: 0.192981 | Val Corr: 0.5808
  Epoch  240/1000 | Train: 0.023497 | Val Loss: 0.198106 | Val Corr: 0.5377
  Epoch  260/1000 | Train: 0.022727 | Val Loss: 0.196293 | Val Corr: 0.5645
  Epoch  280/1000 | Train: 0.020653 | Val Loss: 0.193762 | Val Corr: 0.5678
  Early stopping at epoch 282
    [xavier] s17: R²=0.2889, MAPE=19.16%
  Epoch    1/1000 | Train: 0.120831 | Val Loss: 0.181260 | Val Corr: 0.4960
  Epoch   20/1000 | Train: 0.059555 | Val Loss: 0.183036 | Val Corr: 0.5022
  Epoch   40/1000 | Train: 0.051946 | Val Loss: 0.164884 | Val Corr: 0.5818
  Epoch   60/1000 | Train: 0.048131 | Val Loss: 0.171019 | Val Corr: 0.5165
  Epoch   80/1000 | Train: 0.041274 | Val Loss: 0.183023 | Val Corr: 0.6019
  Epoch  100/1000 | Train: 0.037036 | Val Loss: 0.182698 | Val Corr: 0.5787
  Epoch  120/1000 | Train: 0.032090 | Val Loss: 0.182194 | Val Corr: 0.5709
  Epoch  140/1000 | Train: 0.028978 | Val Loss: 0.176396 | Val Corr: 0.6121
  Epoch  160/1000 | Train: 0.031646 | Val Loss: 0.188038 | Val Corr: 0.5646
  Epoch  180/1000 | Train: 0.026620 | Val Loss: 0.188887 | Val Corr: 0.5988
  Epoch  200/1000 | Train: 0.029528 | Val Loss: 0.197039 | Val Corr: 0.5412
  Epoch  220/1000 | Train: 0.025045 | Val Loss: 0.190785 | Val Corr: 0.5878
  Epoch  240/1000 | Train: 0.022828 | Val Loss: 0.191972 | Val Corr: 0.6306
  Epoch  260/1000 | Train: 0.024231 | Val Loss: 0.180724 | Val Corr: 0.6440
  Epoch  280/1000 | Train: 0.021855 | Val Loss: 0.192123 | Val Corr: 0.6030
  Early stopping at epoch 288
    [xavier] s18: R²=0.1810, MAPE=16.34%
  Epoch    1/1000 | Train: 0.122692 | Val Loss: 0.176014 | Val Corr: 0.2443
  Epoch   20/1000 | Train: 0.058532 | Val Loss: 0.175417 | Val Corr: 0.6154
  Epoch   40/1000 | Train: 0.044905 | Val Loss: 0.200367 | Val Corr: 0.5064
  Epoch   60/1000 | Train: 0.046298 | Val Loss: 0.193297 | Val Corr: 0.5142
  Epoch   80/1000 | Train: 0.037227 | Val Loss: 0.198110 | Val Corr: 0.4573
  Epoch  100/1000 | Train: 0.036007 | Val Loss: 0.201562 | Val Corr: 0.5082
  Epoch  120/1000 | Train: 0.030417 | Val Loss: 0.201328 | Val Corr: 0.4941
  Epoch  140/1000 | Train: 0.026883 | Val Loss: 0.192257 | Val Corr: 0.5528
  Epoch  160/1000 | Train: 0.028321 | Val Loss: 0.192010 | Val Corr: 0.5232
  Epoch  180/1000 | Train: 0.026845 | Val Loss: 0.192508 | Val Corr: 0.5350
  Epoch  200/1000 | Train: 0.026551 | Val Loss: 0.205855 | Val Corr: 0.5403
  Epoch  220/1000 | Train: 0.024337 | Val Loss: 0.205562 | Val Corr: 0.5607
  Epoch  240/1000 | Train: 0.023620 | Val Loss: 0.199212 | Val Corr: 0.5796
  Early stopping at epoch 256
    [xavier] s19: R²=0.1923, MAPE=21.45%
  Epoch    1/1000 | Train: 0.124019 | Val Loss: 0.174972 | Val Corr: -0.4026
  Epoch   20/1000 | Train: 0.063735 | Val Loss: 0.177035 | Val Corr: 0.4523
  Epoch   40/1000 | Train: 0.043555 | Val Loss: 0.180896 | Val Corr: 0.5022
  Epoch   60/1000 | Train: 0.043840 | Val Loss: 0.193381 | Val Corr: 0.5099
  Epoch   80/1000 | Train: 0.037925 | Val Loss: 0.199830 | Val Corr: 0.5171
  Epoch  100/1000 | Train: 0.032390 | Val Loss: 0.186186 | Val Corr: 0.5522
  Epoch  120/1000 | Train: 0.031131 | Val Loss: 0.201509 | Val Corr: 0.5300
  Epoch  140/1000 | Train: 0.029904 | Val Loss: 0.193957 | Val Corr: 0.5596
  Epoch  160/1000 | Train: 0.024581 | Val Loss: 0.211542 | Val Corr: 0.5193
  Epoch  180/1000 | Train: 0.022809 | Val Loss: 0.207136 | Val Corr: 0.5526
  Epoch  200/1000 | Train: 0.025469 | Val Loss: 0.220614 | Val Corr: 0.4554
  Epoch  220/1000 | Train: 0.024543 | Val Loss: 0.222562 | Val Corr: 0.4626
  Epoch  240/1000 | Train: 0.024286 | Val Loss: 0.224155 | Val Corr: 0.5009
  Epoch  260/1000 | Train: 0.020740 | Val Loss: 0.202998 | Val Corr: 0.5330
  Epoch  280/1000 | Train: 0.019708 | Val Loss: 0.211725 | Val Corr: 0.5145
  Early stopping at epoch 299
    [xavier] s20: R²=0.4259, MAPE=16.60%
  Epoch    1/1000 | Train: 0.108651 | Val Loss: 0.153956 | Val Corr: 0.1567
  Epoch   20/1000 | Train: 0.065481 | Val Loss: 0.159633 | Val Corr: 0.4646
  Epoch   40/1000 | Train: 0.051156 | Val Loss: 0.166746 | Val Corr: 0.4907
  Epoch   60/1000 | Train: 0.044378 | Val Loss: 0.150793 | Val Corr: 0.6050
  Epoch   80/1000 | Train: 0.042541 | Val Loss: 0.171828 | Val Corr: 0.5172
  Epoch  100/1000 | Train: 0.034808 | Val Loss: 0.159676 | Val Corr: 0.5895
  Epoch  120/1000 | Train: 0.028526 | Val Loss: 0.164709 | Val Corr: 0.6377
  Epoch  140/1000 | Train: 0.029316 | Val Loss: 0.175143 | Val Corr: 0.6461
  Epoch  160/1000 | Train: 0.031057 | Val Loss: 0.175970 | Val Corr: 0.6368
  Epoch  180/1000 | Train: 0.028610 | Val Loss: 0.177504 | Val Corr: 0.6136
  Epoch  200/1000 | Train: 0.025766 | Val Loss: 0.167748 | Val Corr: 0.6681
  Epoch  220/1000 | Train: 0.021859 | Val Loss: 0.163770 | Val Corr: 0.6316
  Epoch  240/1000 | Train: 0.023556 | Val Loss: 0.183660 | Val Corr: 0.6634
  Epoch  260/1000 | Train: 0.021808 | Val Loss: 0.177629 | Val Corr: 0.6706
  Epoch  280/1000 | Train: 0.021143 | Val Loss: 0.167753 | Val Corr: 0.7040
  Epoch  300/1000 | Train: 0.021418 | Val Loss: 0.165372 | Val Corr: 0.6684
  Epoch  320/1000 | Train: 0.023641 | Val Loss: 0.180184 | Val Corr: 0.6682
  Epoch  340/1000 | Train: 0.020088 | Val Loss: 0.171349 | Val Corr: 0.6530
  Epoch  360/1000 | Train: 0.020214 | Val Loss: 0.161845 | Val Corr: 0.6523
  Epoch  380/1000 | Train: 0.019975 | Val Loss: 0.161500 | Val Corr: 0.6407
  Epoch  400/1000 | Train: 0.022159 | Val Loss: 0.168332 | Val Corr: 0.6393
  Epoch  420/1000 | Train: 0.022915 | Val Loss: 0.164752 | Val Corr: 0.6730
  Epoch  440/1000 | Train: 0.020968 | Val Loss: 0.168139 | Val Corr: 0.6534
  Epoch  460/1000 | Train: 0.021145 | Val Loss: 0.162451 | Val Corr: 0.6722
  Epoch  480/1000 | Train: 0.018259 | Val Loss: 0.171745 | Val Corr: 0.6541
  Epoch  500/1000 | Train: 0.021386 | Val Loss: 0.170998 | Val Corr: 0.6470
  Epoch  520/1000 | Train: 0.019424 | Val Loss: 0.178106 | Val Corr: 0.6391
  Epoch  540/1000 | Train: 0.019650 | Val Loss: 0.158080 | Val Corr: 0.7198
  Epoch  560/1000 | Train: 0.021234 | Val Loss: 0.177041 | Val Corr: 0.6600
  Epoch  580/1000 | Train: 0.021566 | Val Loss: 0.174020 | Val Corr: 0.6769
  Epoch  600/1000 | Train: 0.016993 | Val Loss: 0.164205 | Val Corr: 0.6853
  Epoch  620/1000 | Train: 0.019779 | Val Loss: 0.194027 | Val Corr: 0.6567
  Epoch  640/1000 | Train: 0.018147 | Val Loss: 0.178868 | Val Corr: 0.6419
  Epoch  660/1000 | Train: 0.019106 | Val Loss: 0.176538 | Val Corr: 0.6466
  Epoch  680/1000 | Train: 0.017644 | Val Loss: 0.179615 | Val Corr: 0.6367
  Early stopping at epoch 697
    [xavier] s21: R²=0.2571, MAPE=20.71%
  Epoch    1/1000 | Train: 0.108399 | Val Loss: 0.180173 | Val Corr: 0.2889
  Epoch   20/1000 | Train: 0.061588 | Val Loss: 0.179086 | Val Corr: 0.4866
  Epoch   40/1000 | Train: 0.049213 | Val Loss: 0.180026 | Val Corr: 0.4862
  Epoch   60/1000 | Train: 0.042126 | Val Loss: 0.184521 | Val Corr: 0.4950
  Epoch   80/1000 | Train: 0.040272 | Val Loss: 0.189867 | Val Corr: 0.4040
  Epoch  100/1000 | Train: 0.038242 | Val Loss: 0.197046 | Val Corr: 0.5155
  Epoch  120/1000 | Train: 0.035381 | Val Loss: 0.185625 | Val Corr: 0.5459
  Epoch  140/1000 | Train: 0.027422 | Val Loss: 0.189984 | Val Corr: 0.5651
  Epoch  160/1000 | Train: 0.033470 | Val Loss: 0.193760 | Val Corr: 0.5337
  Epoch  180/1000 | Train: 0.025251 | Val Loss: 0.195727 | Val Corr: 0.5645
  Epoch  200/1000 | Train: 0.022130 | Val Loss: 0.195926 | Val Corr: 0.5539
  Epoch  220/1000 | Train: 0.022155 | Val Loss: 0.198190 | Val Corr: 0.5676
  Epoch  240/1000 | Train: 0.021617 | Val Loss: 0.202154 | Val Corr: 0.4956
  Epoch  260/1000 | Train: 0.027374 | Val Loss: 0.181821 | Val Corr: 0.6049
  Epoch  280/1000 | Train: 0.023352 | Val Loss: 0.187549 | Val Corr: 0.5835
  Epoch  300/1000 | Train: 0.020910 | Val Loss: 0.199467 | Val Corr: 0.5359
  Epoch  320/1000 | Train: 0.021948 | Val Loss: 0.181199 | Val Corr: 0.5646
  Epoch  340/1000 | Train: 0.020573 | Val Loss: 0.191267 | Val Corr: 0.5611
  Epoch  360/1000 | Train: 0.022331 | Val Loss: 0.186064 | Val Corr: 0.5795
  Epoch  380/1000 | Train: 0.021052 | Val Loss: 0.187061 | Val Corr: 0.5975
  Epoch  400/1000 | Train: 0.021216 | Val Loss: 0.191235 | Val Corr: 0.5807
  Epoch  420/1000 | Train: 0.019946 | Val Loss: 0.183578 | Val Corr: 0.5529
  Epoch  440/1000 | Train: 0.019805 | Val Loss: 0.183904 | Val Corr: 0.5483
  Epoch  460/1000 | Train: 0.024207 | Val Loss: 0.189667 | Val Corr: 0.5649
  Epoch  480/1000 | Train: 0.021031 | Val Loss: 0.187725 | Val Corr: 0.5793
  Epoch  500/1000 | Train: 0.020232 | Val Loss: 0.191531 | Val Corr: 0.5864
  Epoch  520/1000 | Train: 0.017428 | Val Loss: 0.193015 | Val Corr: 0.5588
  Epoch  540/1000 | Train: 0.018893 | Val Loss: 0.193847 | Val Corr: 0.5921
  Epoch  560/1000 | Train: 0.019447 | Val Loss: 0.190139 | Val Corr: 0.5929
  Epoch  580/1000 | Train: 0.019558 | Val Loss: 0.192115 | Val Corr: 0.5553
  Epoch  600/1000 | Train: 0.018762 | Val Loss: 0.183709 | Val Corr: 0.6009
  Epoch  620/1000 | Train: 0.019006 | Val Loss: 0.185121 | Val Corr: 0.5900
  Epoch  640/1000 | Train: 0.021245 | Val Loss: 0.186453 | Val Corr: 0.5672
  Epoch  660/1000 | Train: 0.020871 | Val Loss: 0.184892 | Val Corr: 0.5655
  Epoch  680/1000 | Train: 0.017987 | Val Loss: 0.185445 | Val Corr: 0.5931
  Epoch  700/1000 | Train: 0.018260 | Val Loss: 0.182406 | Val Corr: 0.5957
  Epoch  720/1000 | Train: 0.020134 | Val Loss: 0.189968 | Val Corr: 0.5936
  Epoch  740/1000 | Train: 0.018928 | Val Loss: 0.184201 | Val Corr: 0.6060
  Epoch  760/1000 | Train: 0.016262 | Val Loss: 0.187225 | Val Corr: 0.5966
  Epoch  780/1000 | Train: 0.015466 | Val Loss: 0.194130 | Val Corr: 0.5378
  Epoch  800/1000 | Train: 0.017830 | Val Loss: 0.194603 | Val Corr: 0.5245
  Epoch  820/1000 | Train: 0.015002 | Val Loss: 0.185459 | Val Corr: 0.6145
  Epoch  840/1000 | Train: 0.018536 | Val Loss: 0.189363 | Val Corr: 0.5782
  Epoch  860/1000 | Train: 0.013831 | Val Loss: 0.193259 | Val Corr: 0.5969
  Early stopping at epoch 864
    [xavier] s22: R²=0.2339, MAPE=20.09%
  Epoch    1/1000 | Train: 0.098660 | Val Loss: 0.167086 | Val Corr: 0.2628
  Epoch   20/1000 | Train: 0.055698 | Val Loss: 0.174195 | Val Corr: 0.6082
  Epoch   40/1000 | Train: 0.052042 | Val Loss: 0.168765 | Val Corr: 0.6032
  Epoch   60/1000 | Train: 0.046024 | Val Loss: 0.172723 | Val Corr: 0.5590
  Epoch   80/1000 | Train: 0.038478 | Val Loss: 0.177801 | Val Corr: 0.5531
  Epoch  100/1000 | Train: 0.039270 | Val Loss: 0.201063 | Val Corr: 0.4868
  Epoch  120/1000 | Train: 0.031663 | Val Loss: 0.197022 | Val Corr: 0.5494
  Epoch  140/1000 | Train: 0.029628 | Val Loss: 0.176923 | Val Corr: 0.6208
  Epoch  160/1000 | Train: 0.027458 | Val Loss: 0.193897 | Val Corr: 0.6192
  Epoch  180/1000 | Train: 0.026880 | Val Loss: 0.197886 | Val Corr: 0.5741
  Epoch  200/1000 | Train: 0.023825 | Val Loss: 0.187490 | Val Corr: 0.5713
  Epoch  220/1000 | Train: 0.025840 | Val Loss: 0.191398 | Val Corr: 0.5603
  Epoch  240/1000 | Train: 0.023931 | Val Loss: 0.176757 | Val Corr: 0.6282
  Epoch  260/1000 | Train: 0.020431 | Val Loss: 0.190055 | Val Corr: 0.5454
  Epoch  280/1000 | Train: 0.026224 | Val Loss: 0.189260 | Val Corr: 0.6061
  Epoch  300/1000 | Train: 0.021320 | Val Loss: 0.184155 | Val Corr: 0.5638
  Epoch  320/1000 | Train: 0.020851 | Val Loss: 0.211799 | Val Corr: 0.5412
  Epoch  340/1000 | Train: 0.021131 | Val Loss: 0.174379 | Val Corr: 0.6355
  Epoch  360/1000 | Train: 0.023093 | Val Loss: 0.184343 | Val Corr: 0.6368
  Epoch  380/1000 | Train: 0.021738 | Val Loss: 0.187279 | Val Corr: 0.6147
  Epoch  400/1000 | Train: 0.019736 | Val Loss: 0.180888 | Val Corr: 0.6328
  Epoch  420/1000 | Train: 0.022922 | Val Loss: 0.179278 | Val Corr: 0.6466
  Epoch  440/1000 | Train: 0.020913 | Val Loss: 0.180087 | Val Corr: 0.6005
  Epoch  460/1000 | Train: 0.020331 | Val Loss: 0.166689 | Val Corr: 0.6192
  Epoch  480/1000 | Train: 0.019908 | Val Loss: 0.172951 | Val Corr: 0.6105
  Epoch  500/1000 | Train: 0.015309 | Val Loss: 0.183948 | Val Corr: 0.5840
  Epoch  520/1000 | Train: 0.019791 | Val Loss: 0.179639 | Val Corr: 0.6356
  Epoch  540/1000 | Train: 0.018933 | Val Loss: 0.186856 | Val Corr: 0.5994
  Epoch  560/1000 | Train: 0.016823 | Val Loss: 0.168718 | Val Corr: 0.6414
  Epoch  580/1000 | Train: 0.017228 | Val Loss: 0.171479 | Val Corr: 0.5827
  Epoch  600/1000 | Train: 0.016907 | Val Loss: 0.186775 | Val Corr: 0.6133
  Epoch  620/1000 | Train: 0.016319 | Val Loss: 0.191184 | Val Corr: 0.6264
  Epoch  640/1000 | Train: 0.019390 | Val Loss: 0.164328 | Val Corr: 0.6580
  Epoch  660/1000 | Train: 0.017634 | Val Loss: 0.173814 | Val Corr: 0.6210
  Epoch  680/1000 | Train: 0.018204 | Val Loss: 0.196155 | Val Corr: 0.5897
  Epoch  700/1000 | Train: 0.017973 | Val Loss: 0.164407 | Val Corr: 0.6180
  Epoch  720/1000 | Train: 0.020310 | Val Loss: 0.201982 | Val Corr: 0.5679
  Epoch  740/1000 | Train: 0.016582 | Val Loss: 0.174693 | Val Corr: 0.6036
  Epoch  760/1000 | Train: 0.020867 | Val Loss: 0.197095 | Val Corr: 0.5715
  Epoch  780/1000 | Train: 0.015049 | Val Loss: 0.177813 | Val Corr: 0.6262
  Epoch  800/1000 | Train: 0.017203 | Val Loss: 0.181390 | Val Corr: 0.6422
  Epoch  820/1000 | Train: 0.016998 | Val Loss: 0.186915 | Val Corr: 0.6071
  Epoch  840/1000 | Train: 0.018547 | Val Loss: 0.175970 | Val Corr: 0.6242
  Epoch  860/1000 | Train: 0.015469 | Val Loss: 0.176820 | Val Corr: 0.6233
  Epoch  880/1000 | Train: 0.019714 | Val Loss: 0.181227 | Val Corr: 0.6181
  Epoch  900/1000 | Train: 0.017024 | Val Loss: 0.202828 | Val Corr: 0.5949
  Epoch  920/1000 | Train: 0.018809 | Val Loss: 0.160229 | Val Corr: 0.6070
  Epoch  940/1000 | Train: 0.016768 | Val Loss: 0.160896 | Val Corr: 0.6419
  Epoch  960/1000 | Train: 0.014232 | Val Loss: 0.169051 | Val Corr: 0.5943
  Early stopping at epoch 973
    [xavier] s23: R²=0.2950, MAPE=19.27%
  Epoch    1/1000 | Train: 0.111921 | Val Loss: 0.139764 | Val Corr: 0.2066
  Epoch   20/1000 | Train: 0.069458 | Val Loss: 0.166607 | Val Corr: 0.4025
  Epoch   40/1000 | Train: 0.051609 | Val Loss: 0.182014 | Val Corr: 0.4582
  Epoch   60/1000 | Train: 0.044951 | Val Loss: 0.185370 | Val Corr: 0.5480
  Epoch   80/1000 | Train: 0.039563 | Val Loss: 0.197830 | Val Corr: 0.5040
  Epoch  100/1000 | Train: 0.037246 | Val Loss: 0.194653 | Val Corr: 0.5449
  Epoch  120/1000 | Train: 0.031207 | Val Loss: 0.184505 | Val Corr: 0.6150
  Epoch  140/1000 | Train: 0.029491 | Val Loss: 0.204308 | Val Corr: 0.5754
  Epoch  160/1000 | Train: 0.028353 | Val Loss: 0.215735 | Val Corr: 0.5164
  Epoch  180/1000 | Train: 0.027369 | Val Loss: 0.191155 | Val Corr: 0.6160
  Epoch  200/1000 | Train: 0.025634 | Val Loss: 0.185377 | Val Corr: 0.6703
  Epoch  220/1000 | Train: 0.023194 | Val Loss: 0.167821 | Val Corr: 0.6832
  Epoch  240/1000 | Train: 0.021941 | Val Loss: 0.207371 | Val Corr: 0.6087
  Epoch  260/1000 | Train: 0.021637 | Val Loss: 0.190146 | Val Corr: 0.6222
  Epoch  280/1000 | Train: 0.023120 | Val Loss: 0.180603 | Val Corr: 0.7093
  Epoch  300/1000 | Train: 0.018751 | Val Loss: 0.197032 | Val Corr: 0.6192
  Epoch  320/1000 | Train: 0.021580 | Val Loss: 0.176721 | Val Corr: 0.7049
  Epoch  340/1000 | Train: 0.018611 | Val Loss: 0.181355 | Val Corr: 0.6718
  Epoch  360/1000 | Train: 0.021026 | Val Loss: 0.186798 | Val Corr: 0.6657
  Epoch  380/1000 | Train: 0.022726 | Val Loss: 0.179447 | Val Corr: 0.7084
  Epoch  400/1000 | Train: 0.018716 | Val Loss: 0.175689 | Val Corr: 0.7037
  Epoch  420/1000 | Train: 0.020389 | Val Loss: 0.186592 | Val Corr: 0.6402
  Epoch  440/1000 | Train: 0.018988 | Val Loss: 0.207209 | Val Corr: 0.6062
  Epoch  460/1000 | Train: 0.017927 | Val Loss: 0.209839 | Val Corr: 0.6079
  Epoch  480/1000 | Train: 0.018436 | Val Loss: 0.193868 | Val Corr: 0.6760
  Epoch  500/1000 | Train: 0.018307 | Val Loss: 0.190754 | Val Corr: 0.6669
  Epoch  520/1000 | Train: 0.021596 | Val Loss: 0.178028 | Val Corr: 0.6816
  Epoch  540/1000 | Train: 0.018857 | Val Loss: 0.191142 | Val Corr: 0.7093
  Epoch  560/1000 | Train: 0.019762 | Val Loss: 0.178837 | Val Corr: 0.7123
  Epoch  580/1000 | Train: 0.017625 | Val Loss: 0.192501 | Val Corr: 0.6809
  Epoch  600/1000 | Train: 0.020703 | Val Loss: 0.181550 | Val Corr: 0.7047
  Epoch  620/1000 | Train: 0.020970 | Val Loss: 0.198415 | Val Corr: 0.6484
  Epoch  640/1000 | Train: 0.019415 | Val Loss: 0.188718 | Val Corr: 0.6783
  Epoch  660/1000 | Train: 0.016877 | Val Loss: 0.188632 | Val Corr: 0.6986
  Epoch  680/1000 | Train: 0.021284 | Val Loss: 0.197942 | Val Corr: 0.6408
  Epoch  700/1000 | Train: 0.017831 | Val Loss: 0.199390 | Val Corr: 0.6629
  Epoch  720/1000 | Train: 0.016110 | Val Loss: 0.206420 | Val Corr: 0.6344
  Epoch  740/1000 | Train: 0.017370 | Val Loss: 0.194722 | Val Corr: 0.6482
  Epoch  760/1000 | Train: 0.016270 | Val Loss: 0.197413 | Val Corr: 0.6581
  Early stopping at epoch 769
    [xavier] s24: R²=0.0455, MAPE=23.71%
  Epoch    1/1000 | Train: 0.109644 | Val Loss: 0.158109 | Val Corr: 0.4889
  Epoch   20/1000 | Train: 0.062156 | Val Loss: 0.166250 | Val Corr: 0.5465
  Epoch   40/1000 | Train: 0.051995 | Val Loss: 0.170505 | Val Corr: 0.6014
  Epoch   60/1000 | Train: 0.049611 | Val Loss: 0.163623 | Val Corr: 0.6399
  Epoch   80/1000 | Train: 0.039771 | Val Loss: 0.173959 | Val Corr: 0.5912
  Epoch  100/1000 | Train: 0.035045 | Val Loss: 0.170690 | Val Corr: 0.6352
  Epoch  120/1000 | Train: 0.033634 | Val Loss: 0.168195 | Val Corr: 0.5919
  Epoch  140/1000 | Train: 0.027655 | Val Loss: 0.166645 | Val Corr: 0.6058
  Epoch  160/1000 | Train: 0.025728 | Val Loss: 0.184198 | Val Corr: 0.6281
  Epoch  180/1000 | Train: 0.023884 | Val Loss: 0.187429 | Val Corr: 0.6070
  Epoch  200/1000 | Train: 0.021190 | Val Loss: 0.185047 | Val Corr: 0.6372
  Epoch  220/1000 | Train: 0.025436 | Val Loss: 0.182122 | Val Corr: 0.6558
  Epoch  240/1000 | Train: 0.019890 | Val Loss: 0.176088 | Val Corr: 0.6311
  Epoch  260/1000 | Train: 0.023905 | Val Loss: 0.186130 | Val Corr: 0.6434
  Epoch  280/1000 | Train: 0.023594 | Val Loss: 0.177073 | Val Corr: 0.6421
  Epoch  300/1000 | Train: 0.023078 | Val Loss: 0.186277 | Val Corr: 0.6634
  Epoch  320/1000 | Train: 0.020227 | Val Loss: 0.175281 | Val Corr: 0.7000
  Epoch  340/1000 | Train: 0.020271 | Val Loss: 0.191324 | Val Corr: 0.6426
  Epoch  360/1000 | Train: 0.022764 | Val Loss: 0.190369 | Val Corr: 0.5972
  Epoch  380/1000 | Train: 0.019052 | Val Loss: 0.186219 | Val Corr: 0.6407
  Epoch  400/1000 | Train: 0.020994 | Val Loss: 0.186563 | Val Corr: 0.6325
  Epoch  420/1000 | Train: 0.020122 | Val Loss: 0.171765 | Val Corr: 0.6298
  Epoch  440/1000 | Train: 0.021073 | Val Loss: 0.186965 | Val Corr: 0.6514
  Epoch  460/1000 | Train: 0.021318 | Val Loss: 0.177906 | Val Corr: 0.6560
  Epoch  480/1000 | Train: 0.022616 | Val Loss: 0.173672 | Val Corr: 0.6663
  Epoch  500/1000 | Train: 0.019001 | Val Loss: 0.182280 | Val Corr: 0.6725
  Epoch  520/1000 | Train: 0.017549 | Val Loss: 0.170346 | Val Corr: 0.6633
  Epoch  540/1000 | Train: 0.017840 | Val Loss: 0.184700 | Val Corr: 0.6636
  Epoch  560/1000 | Train: 0.018254 | Val Loss: 0.177273 | Val Corr: 0.6782
  Epoch  580/1000 | Train: 0.019575 | Val Loss: 0.192853 | Val Corr: 0.6593
  Epoch  600/1000 | Train: 0.017269 | Val Loss: 0.186195 | Val Corr: 0.6682
  Epoch  620/1000 | Train: 0.016288 | Val Loss: 0.172054 | Val Corr: 0.6940
  Epoch  640/1000 | Train: 0.015255 | Val Loss: 0.166521 | Val Corr: 0.6676
  Early stopping at epoch 641
    [xavier] s25: R²=0.1729, MAPE=17.20%
  Epoch    1/1000 | Train: 0.118755 | Val Loss: 0.164843 | Val Corr: 0.4641
  Epoch   20/1000 | Train: 0.053166 | Val Loss: 0.149367 | Val Corr: 0.5752
  Epoch   40/1000 | Train: 0.053486 | Val Loss: 0.155502 | Val Corr: 0.5594
  Epoch   60/1000 | Train: 0.047783 | Val Loss: 0.152469 | Val Corr: 0.6293
  Epoch   80/1000 | Train: 0.042526 | Val Loss: 0.149153 | Val Corr: 0.6111
  Epoch  100/1000 | Train: 0.034117 | Val Loss: 0.174009 | Val Corr: 0.6120
  Epoch  120/1000 | Train: 0.032854 | Val Loss: 0.167373 | Val Corr: 0.5889
  Epoch  140/1000 | Train: 0.030778 | Val Loss: 0.159374 | Val Corr: 0.6429
  Epoch  160/1000 | Train: 0.027233 | Val Loss: 0.162173 | Val Corr: 0.6802
  Epoch  180/1000 | Train: 0.024333 | Val Loss: 0.162642 | Val Corr: 0.6798
  Epoch  200/1000 | Train: 0.026360 | Val Loss: 0.146514 | Val Corr: 0.7000
  Epoch  220/1000 | Train: 0.025803 | Val Loss: 0.156245 | Val Corr: 0.6715
  Epoch  240/1000 | Train: 0.025363 | Val Loss: 0.155672 | Val Corr: 0.6377
  Epoch  260/1000 | Train: 0.021080 | Val Loss: 0.158534 | Val Corr: 0.5731
  Epoch  280/1000 | Train: 0.024887 | Val Loss: 0.157081 | Val Corr: 0.6353
  Epoch  300/1000 | Train: 0.027538 | Val Loss: 0.158318 | Val Corr: 0.6516
  Epoch  320/1000 | Train: 0.024255 | Val Loss: 0.165029 | Val Corr: 0.6820
  Epoch  340/1000 | Train: 0.019597 | Val Loss: 0.163143 | Val Corr: 0.6400
  Epoch  360/1000 | Train: 0.022126 | Val Loss: 0.183998 | Val Corr: 0.6441
  Epoch  380/1000 | Train: 0.020795 | Val Loss: 0.167377 | Val Corr: 0.5967
  Epoch  400/1000 | Train: 0.023334 | Val Loss: 0.175657 | Val Corr: 0.6120
  Early stopping at epoch 416
    [xavier] s26: R²=0.3097, MAPE=15.49%
  Epoch    1/1000 | Train: 0.110539 | Val Loss: 0.176964 | Val Corr: 0.0908
  Epoch   20/1000 | Train: 0.062908 | Val Loss: 0.145676 | Val Corr: 0.6077
  Epoch   40/1000 | Train: 0.050353 | Val Loss: 0.157904 | Val Corr: 0.5823
  Epoch   60/1000 | Train: 0.045936 | Val Loss: 0.169379 | Val Corr: 0.5600
  Epoch   80/1000 | Train: 0.042255 | Val Loss: 0.171716 | Val Corr: 0.5487
  Epoch  100/1000 | Train: 0.033991 | Val Loss: 0.156453 | Val Corr: 0.6620
  Epoch  120/1000 | Train: 0.035771 | Val Loss: 0.158854 | Val Corr: 0.6212
  Epoch  140/1000 | Train: 0.027215 | Val Loss: 0.172389 | Val Corr: 0.6364
  Epoch  160/1000 | Train: 0.027021 | Val Loss: 0.161462 | Val Corr: 0.6362
  Epoch  180/1000 | Train: 0.025161 | Val Loss: 0.159357 | Val Corr: 0.6962
  Epoch  200/1000 | Train: 0.025751 | Val Loss: 0.172641 | Val Corr: 0.6431
  Epoch  220/1000 | Train: 0.028444 | Val Loss: 0.165299 | Val Corr: 0.6529
  Epoch  240/1000 | Train: 0.029115 | Val Loss: 0.161578 | Val Corr: 0.6883
  Epoch  260/1000 | Train: 0.023959 | Val Loss: 0.169575 | Val Corr: 0.6646
  Epoch  280/1000 | Train: 0.020617 | Val Loss: 0.149148 | Val Corr: 0.6784
  Epoch  300/1000 | Train: 0.025407 | Val Loss: 0.161329 | Val Corr: 0.6530
  Epoch  320/1000 | Train: 0.021741 | Val Loss: 0.164511 | Val Corr: 0.6609
  Epoch  340/1000 | Train: 0.021532 | Val Loss: 0.163324 | Val Corr: 0.6771
  Epoch  360/1000 | Train: 0.021750 | Val Loss: 0.165802 | Val Corr: 0.6534
  Epoch  380/1000 | Train: 0.021037 | Val Loss: 0.162316 | Val Corr: 0.6526
  Epoch  400/1000 | Train: 0.020580 | Val Loss: 0.168571 | Val Corr: 0.6903
  Epoch  420/1000 | Train: 0.022095 | Val Loss: 0.161748 | Val Corr: 0.6722
  Epoch  440/1000 | Train: 0.021408 | Val Loss: 0.148516 | Val Corr: 0.6868
  Epoch  460/1000 | Train: 0.022721 | Val Loss: 0.158744 | Val Corr: 0.6610
  Epoch  480/1000 | Train: 0.021244 | Val Loss: 0.148621 | Val Corr: 0.6868
  Epoch  500/1000 | Train: 0.018055 | Val Loss: 0.157775 | Val Corr: 0.7089
  Epoch  520/1000 | Train: 0.020888 | Val Loss: 0.142615 | Val Corr: 0.7126
  Epoch  540/1000 | Train: 0.017666 | Val Loss: 0.162397 | Val Corr: 0.6935
  Epoch  560/1000 | Train: 0.015864 | Val Loss: 0.154952 | Val Corr: 0.6600
  Epoch  580/1000 | Train: 0.020566 | Val Loss: 0.154399 | Val Corr: 0.6876
  Epoch  600/1000 | Train: 0.020192 | Val Loss: 0.161319 | Val Corr: 0.6777
  Epoch  620/1000 | Train: 0.019411 | Val Loss: 0.157068 | Val Corr: 0.6978
  Epoch  640/1000 | Train: 0.023012 | Val Loss: 0.155283 | Val Corr: 0.6700
  Epoch  660/1000 | Train: 0.019848 | Val Loss: 0.157009 | Val Corr: 0.6847
  Epoch  680/1000 | Train: 0.019595 | Val Loss: 0.167453 | Val Corr: 0.6634
  Early stopping at epoch 698
    [xavier] s27: R²=0.2843, MAPE=17.97%
  Epoch    1/1000 | Train: 0.101730 | Val Loss: 0.157891 | Val Corr: 0.1867
  Epoch   20/1000 | Train: 0.056552 | Val Loss: 0.166756 | Val Corr: 0.5419
  Epoch   40/1000 | Train: 0.051950 | Val Loss: 0.153665 | Val Corr: 0.5684
  Epoch   60/1000 | Train: 0.044019 | Val Loss: 0.154770 | Val Corr: 0.6319
  Epoch   80/1000 | Train: 0.038619 | Val Loss: 0.159894 | Val Corr: 0.6348
  Epoch  100/1000 | Train: 0.030566 | Val Loss: 0.159882 | Val Corr: 0.6526
  Epoch  120/1000 | Train: 0.033559 | Val Loss: 0.156081 | Val Corr: 0.6686
  Epoch  140/1000 | Train: 0.032478 | Val Loss: 0.169123 | Val Corr: 0.6500
  Epoch  160/1000 | Train: 0.027152 | Val Loss: 0.181306 | Val Corr: 0.6768
  Epoch  180/1000 | Train: 0.030145 | Val Loss: 0.168552 | Val Corr: 0.6917
  Epoch  200/1000 | Train: 0.023934 | Val Loss: 0.180699 | Val Corr: 0.6362
  Epoch  220/1000 | Train: 0.024862 | Val Loss: 0.164845 | Val Corr: 0.7226
  Epoch  240/1000 | Train: 0.023838 | Val Loss: 0.164582 | Val Corr: 0.7046
  Epoch  260/1000 | Train: 0.023875 | Val Loss: 0.159033 | Val Corr: 0.7221
  Epoch  280/1000 | Train: 0.027102 | Val Loss: 0.164326 | Val Corr: 0.7130
  Epoch  300/1000 | Train: 0.021611 | Val Loss: 0.174042 | Val Corr: 0.6968
  Epoch  320/1000 | Train: 0.023271 | Val Loss: 0.181368 | Val Corr: 0.6528
  Epoch  340/1000 | Train: 0.019143 | Val Loss: 0.189824 | Val Corr: 0.6419
  Epoch  360/1000 | Train: 0.023467 | Val Loss: 0.198234 | Val Corr: 0.6074
  Epoch  380/1000 | Train: 0.023595 | Val Loss: 0.200679 | Val Corr: 0.5925
  Epoch  400/1000 | Train: 0.019337 | Val Loss: 0.204565 | Val Corr: 0.5808
  Epoch  420/1000 | Train: 0.024289 | Val Loss: 0.168618 | Val Corr: 0.6558
  Epoch  440/1000 | Train: 0.018446 | Val Loss: 0.172319 | Val Corr: 0.6814
  Early stopping at epoch 444
    [xavier] s28: R²=0.2775, MAPE=19.58%
  Epoch    1/1000 | Train: 0.117885 | Val Loss: 0.189537 | Val Corr: 0.3511
  Epoch   20/1000 | Train: 0.060472 | Val Loss: 0.153904 | Val Corr: 0.4436
  Epoch   40/1000 | Train: 0.054474 | Val Loss: 0.167594 | Val Corr: 0.6439
  Epoch   60/1000 | Train: 0.045427 | Val Loss: 0.174205 | Val Corr: 0.6391
  Epoch   80/1000 | Train: 0.042265 | Val Loss: 0.179362 | Val Corr: 0.6358
  Epoch  100/1000 | Train: 0.040107 | Val Loss: 0.182250 | Val Corr: 0.5887
  Epoch  120/1000 | Train: 0.034239 | Val Loss: 0.180992 | Val Corr: 0.6060
  Epoch  140/1000 | Train: 0.030817 | Val Loss: 0.181076 | Val Corr: 0.6505
  Epoch  160/1000 | Train: 0.027995 | Val Loss: 0.188226 | Val Corr: 0.6234
  Epoch  180/1000 | Train: 0.026264 | Val Loss: 0.162565 | Val Corr: 0.6947
  Epoch  200/1000 | Train: 0.026175 | Val Loss: 0.184232 | Val Corr: 0.6352
  Epoch  220/1000 | Train: 0.029148 | Val Loss: 0.184527 | Val Corr: 0.6440
  Epoch  240/1000 | Train: 0.023897 | Val Loss: 0.204172 | Val Corr: 0.5352
  Epoch  260/1000 | Train: 0.025158 | Val Loss: 0.193544 | Val Corr: 0.6101
  Epoch  280/1000 | Train: 0.027384 | Val Loss: 0.195858 | Val Corr: 0.5729
  Epoch  300/1000 | Train: 0.020213 | Val Loss: 0.194127 | Val Corr: 0.6072
  Epoch  320/1000 | Train: 0.022320 | Val Loss: 0.195054 | Val Corr: 0.6014
  Early stopping at epoch 320
    [xavier] s29: R²=0.2305, MAPE=18.97%
  Epoch    1/1000 | Train: 0.110306 | Val Loss: 0.175273 | Val Corr: 0.0306
  Epoch   20/1000 | Train: 0.056229 | Val Loss: 0.162537 | Val Corr: 0.6009
  Epoch   40/1000 | Train: 0.046296 | Val Loss: 0.193777 | Val Corr: 0.4660
  Epoch   60/1000 | Train: 0.040587 | Val Loss: 0.177866 | Val Corr: 0.5318
  Epoch   80/1000 | Train: 0.035483 | Val Loss: 0.195062 | Val Corr: 0.5121
  Epoch  100/1000 | Train: 0.031704 | Val Loss: 0.195734 | Val Corr: 0.5361
  Epoch  120/1000 | Train: 0.031528 | Val Loss: 0.192015 | Val Corr: 0.5028
  Epoch  140/1000 | Train: 0.033374 | Val Loss: 0.174100 | Val Corr: 0.5601
  Epoch  160/1000 | Train: 0.023325 | Val Loss: 0.190770 | Val Corr: 0.5709
  Epoch  180/1000 | Train: 0.025950 | Val Loss: 0.181094 | Val Corr: 0.5148
  Epoch  200/1000 | Train: 0.025265 | Val Loss: 0.189537 | Val Corr: 0.6241
  Epoch  220/1000 | Train: 0.022253 | Val Loss: 0.175320 | Val Corr: 0.5788
  Epoch  240/1000 | Train: 0.021777 | Val Loss: 0.170414 | Val Corr: 0.6437
  Epoch  260/1000 | Train: 0.021886 | Val Loss: 0.182300 | Val Corr: 0.5861
  Epoch  280/1000 | Train: 0.025344 | Val Loss: 0.183483 | Val Corr: 0.6016
  Epoch  300/1000 | Train: 0.020654 | Val Loss: 0.178267 | Val Corr: 0.6057
  Epoch  320/1000 | Train: 0.018506 | Val Loss: 0.176648 | Val Corr: 0.6309
  Epoch  340/1000 | Train: 0.022064 | Val Loss: 0.167105 | Val Corr: 0.6329
  Epoch  360/1000 | Train: 0.021223 | Val Loss: 0.176991 | Val Corr: 0.5912
  Epoch  380/1000 | Train: 0.023132 | Val Loss: 0.178961 | Val Corr: 0.6375
  Epoch  400/1000 | Train: 0.021324 | Val Loss: 0.165259 | Val Corr: 0.6196
  Epoch  420/1000 | Train: 0.019081 | Val Loss: 0.175485 | Val Corr: 0.6590
  Epoch  440/1000 | Train: 0.022211 | Val Loss: 0.169207 | Val Corr: 0.6744
  Epoch  460/1000 | Train: 0.019210 | Val Loss: 0.165205 | Val Corr: 0.6791
  Epoch  480/1000 | Train: 0.019035 | Val Loss: 0.161071 | Val Corr: 0.7101
  Epoch  500/1000 | Train: 0.017263 | Val Loss: 0.161855 | Val Corr: 0.6712
  Epoch  520/1000 | Train: 0.017864 | Val Loss: 0.172149 | Val Corr: 0.6215
  Epoch  540/1000 | Train: 0.020072 | Val Loss: 0.171612 | Val Corr: 0.6268
  Epoch  560/1000 | Train: 0.020962 | Val Loss: 0.166475 | Val Corr: 0.6096
  Epoch  580/1000 | Train: 0.019855 | Val Loss: 0.176186 | Val Corr: 0.6445
  Epoch  600/1000 | Train: 0.017707 | Val Loss: 0.180007 | Val Corr: 0.6761
  Epoch  620/1000 | Train: 0.019612 | Val Loss: 0.169633 | Val Corr: 0.6961
  Epoch  640/1000 | Train: 0.017726 | Val Loss: 0.171663 | Val Corr: 0.6162
  Epoch  660/1000 | Train: 0.019629 | Val Loss: 0.178741 | Val Corr: 0.6325
  Epoch  680/1000 | Train: 0.020037 | Val Loss: 0.167244 | Val Corr: 0.6356
  Epoch  700/1000 | Train: 0.022294 | Val Loss: 0.168170 | Val Corr: 0.6609
  Epoch  720/1000 | Train: 0.015821 | Val Loss: 0.170313 | Val Corr: 0.6669
  Early stopping at epoch 730
    [xavier] s30: R²=0.3016, MAPE=19.78%
  Epoch    1/1000 | Train: 0.113894 | Val Loss: 0.164562 | Val Corr: 0.3294
  Epoch   20/1000 | Train: 0.056799 | Val Loss: 0.144633 | Val Corr: 0.5217
  Epoch   40/1000 | Train: 0.048286 | Val Loss: 0.170932 | Val Corr: 0.6080
  Epoch   60/1000 | Train: 0.041352 | Val Loss: 0.176786 | Val Corr: 0.6240
  Epoch   80/1000 | Train: 0.045477 | Val Loss: 0.173562 | Val Corr: 0.6581
  Epoch  100/1000 | Train: 0.036143 | Val Loss: 0.183411 | Val Corr: 0.6058
  Epoch  120/1000 | Train: 0.030721 | Val Loss: 0.170814 | Val Corr: 0.5791
  Epoch  140/1000 | Train: 0.032364 | Val Loss: 0.177913 | Val Corr: 0.5890
  Epoch  160/1000 | Train: 0.029627 | Val Loss: 0.179656 | Val Corr: 0.6214
  Epoch  180/1000 | Train: 0.026568 | Val Loss: 0.170632 | Val Corr: 0.6058
  Epoch  200/1000 | Train: 0.023931 | Val Loss: 0.190465 | Val Corr: 0.5475
  Epoch  220/1000 | Train: 0.021959 | Val Loss: 0.185254 | Val Corr: 0.5785
  Epoch  240/1000 | Train: 0.027254 | Val Loss: 0.182251 | Val Corr: 0.5505
  Epoch  260/1000 | Train: 0.022214 | Val Loss: 0.188792 | Val Corr: 0.5717
  Epoch  280/1000 | Train: 0.021463 | Val Loss: 0.184781 | Val Corr: 0.6198
  Epoch  300/1000 | Train: 0.021787 | Val Loss: 0.194951 | Val Corr: 0.5259
  Epoch  320/1000 | Train: 0.019639 | Val Loss: 0.182808 | Val Corr: 0.6148
  Early stopping at epoch 332
    [xavier] s31: R²=0.0890, MAPE=20.56%
  Epoch    1/1000 | Train: 0.114174 | Val Loss: 0.182940 | Val Corr: 0.2264
  Epoch   20/1000 | Train: 0.058551 | Val Loss: 0.148347 | Val Corr: 0.5642
  Epoch   40/1000 | Train: 0.053948 | Val Loss: 0.148845 | Val Corr: 0.5328
  Epoch   60/1000 | Train: 0.044204 | Val Loss: 0.159565 | Val Corr: 0.5971
  Epoch   80/1000 | Train: 0.037591 | Val Loss: 0.165734 | Val Corr: 0.5446
  Epoch  100/1000 | Train: 0.038743 | Val Loss: 0.166847 | Val Corr: 0.5742
  Epoch  120/1000 | Train: 0.033291 | Val Loss: 0.170661 | Val Corr: 0.6281
  Epoch  140/1000 | Train: 0.027361 | Val Loss: 0.153683 | Val Corr: 0.6401
  Epoch  160/1000 | Train: 0.027490 | Val Loss: 0.191082 | Val Corr: 0.5926
  Epoch  180/1000 | Train: 0.029488 | Val Loss: 0.180591 | Val Corr: 0.5771
  Epoch  200/1000 | Train: 0.027230 | Val Loss: 0.169323 | Val Corr: 0.6743
  Epoch  220/1000 | Train: 0.023106 | Val Loss: 0.171751 | Val Corr: 0.6122
  Epoch  240/1000 | Train: 0.022506 | Val Loss: 0.162087 | Val Corr: 0.6645
  Epoch  260/1000 | Train: 0.024182 | Val Loss: 0.171180 | Val Corr: 0.6412
  Early stopping at epoch 263
    [xavier] s32: R²=0.3038, MAPE=17.76%
  Epoch    1/1000 | Train: 0.122366 | Val Loss: 0.158919 | Val Corr: 0.1001
  Epoch   20/1000 | Train: 0.061683 | Val Loss: 0.140666 | Val Corr: 0.6390
  Epoch   40/1000 | Train: 0.052577 | Val Loss: 0.186492 | Val Corr: 0.5196
  Epoch   60/1000 | Train: 0.040693 | Val Loss: 0.173976 | Val Corr: 0.6049
  Epoch   80/1000 | Train: 0.039716 | Val Loss: 0.177904 | Val Corr: 0.5952
  Epoch  100/1000 | Train: 0.033571 | Val Loss: 0.180792 | Val Corr: 0.5860
  Epoch  120/1000 | Train: 0.031257 | Val Loss: 0.179766 | Val Corr: 0.6004
  Epoch  140/1000 | Train: 0.030388 | Val Loss: 0.183675 | Val Corr: 0.6348
  Epoch  160/1000 | Train: 0.029113 | Val Loss: 0.165868 | Val Corr: 0.5997
  Epoch  180/1000 | Train: 0.023511 | Val Loss: 0.160547 | Val Corr: 0.6466
  Epoch  200/1000 | Train: 0.028118 | Val Loss: 0.182190 | Val Corr: 0.6106
  Epoch  220/1000 | Train: 0.025325 | Val Loss: 0.181410 | Val Corr: 0.6580
  Epoch  240/1000 | Train: 0.021581 | Val Loss: 0.205522 | Val Corr: 0.5585
  Epoch  260/1000 | Train: 0.026835 | Val Loss: 0.171817 | Val Corr: 0.6417
  Epoch  280/1000 | Train: 0.020975 | Val Loss: 0.186367 | Val Corr: 0.6017
  Epoch  300/1000 | Train: 0.022590 | Val Loss: 0.186190 | Val Corr: 0.6261
  Epoch  320/1000 | Train: 0.024479 | Val Loss: 0.155051 | Val Corr: 0.6529
  Epoch  340/1000 | Train: 0.021242 | Val Loss: 0.171437 | Val Corr: 0.6283
  Epoch  360/1000 | Train: 0.016785 | Val Loss: 0.163122 | Val Corr: 0.6415
  Epoch  380/1000 | Train: 0.020251 | Val Loss: 0.168524 | Val Corr: 0.6693
  Epoch  400/1000 | Train: 0.020663 | Val Loss: 0.163863 | Val Corr: 0.6636
  Epoch  420/1000 | Train: 0.022190 | Val Loss: 0.167301 | Val Corr: 0.6729
  Epoch  440/1000 | Train: 0.019772 | Val Loss: 0.156767 | Val Corr: 0.6615
  Epoch  460/1000 | Train: 0.020488 | Val Loss: 0.156390 | Val Corr: 0.6065
  Epoch  480/1000 | Train: 0.019992 | Val Loss: 0.195638 | Val Corr: 0.6019
  Epoch  500/1000 | Train: 0.022064 | Val Loss: 0.164235 | Val Corr: 0.6507
  Epoch  520/1000 | Train: 0.019485 | Val Loss: 0.179575 | Val Corr: 0.5980
  Epoch  540/1000 | Train: 0.021008 | Val Loss: 0.185756 | Val Corr: 0.6256
  Epoch  560/1000 | Train: 0.020968 | Val Loss: 0.167142 | Val Corr: 0.6217
  Epoch  580/1000 | Train: 0.017590 | Val Loss: 0.171842 | Val Corr: 0.6443
  Epoch  600/1000 | Train: 0.020053 | Val Loss: 0.157742 | Val Corr: 0.6976
  Epoch  620/1000 | Train: 0.017763 | Val Loss: 0.178621 | Val Corr: 0.6390
  Epoch  640/1000 | Train: 0.018708 | Val Loss: 0.163129 | Val Corr: 0.6592
  Epoch  660/1000 | Train: 0.019991 | Val Loss: 0.165327 | Val Corr: 0.6810
  Epoch  680/1000 | Train: 0.020830 | Val Loss: 0.168695 | Val Corr: 0.6458
  Early stopping at epoch 692
    [xavier] s33: R²=0.3011, MAPE=19.05%
  Epoch    1/1000 | Train: 0.139661 | Val Loss: 0.180496 | Val Corr: 0.1598
  Epoch   20/1000 | Train: 0.058920 | Val Loss: 0.157541 | Val Corr: 0.5915
  Epoch   40/1000 | Train: 0.049743 | Val Loss: 0.155015 | Val Corr: 0.6268
  Epoch   60/1000 | Train: 0.045338 | Val Loss: 0.170367 | Val Corr: 0.6013
  Epoch   80/1000 | Train: 0.042914 | Val Loss: 0.188629 | Val Corr: 0.4927
  Epoch  100/1000 | Train: 0.035358 | Val Loss: 0.177473 | Val Corr: 0.5138
  Epoch  120/1000 | Train: 0.034075 | Val Loss: 0.172342 | Val Corr: 0.5926
  Epoch  140/1000 | Train: 0.032340 | Val Loss: 0.200297 | Val Corr: 0.5019
  Epoch  160/1000 | Train: 0.029903 | Val Loss: 0.178645 | Val Corr: 0.5522
  Epoch  180/1000 | Train: 0.029040 | Val Loss: 0.174854 | Val Corr: 0.5302
  Epoch  200/1000 | Train: 0.027029 | Val Loss: 0.200100 | Val Corr: 0.4739
  Epoch  220/1000 | Train: 0.025311 | Val Loss: 0.188324 | Val Corr: 0.6376
  Epoch  240/1000 | Train: 0.022731 | Val Loss: 0.188748 | Val Corr: 0.5646
  Epoch  260/1000 | Train: 0.022763 | Val Loss: 0.186112 | Val Corr: 0.5420
  Epoch  280/1000 | Train: 0.024495 | Val Loss: 0.196144 | Val Corr: 0.5664
  Early stopping at epoch 294
    [xavier] s34: R²=0.2088, MAPE=17.60%
  Epoch    1/1000 | Train: 0.107517 | Val Loss: 0.168066 | Val Corr: 0.1138
  Epoch   20/1000 | Train: 0.059298 | Val Loss: 0.168530 | Val Corr: 0.5507
  Epoch   40/1000 | Train: 0.057331 | Val Loss: 0.172580 | Val Corr: 0.5705
  Epoch   60/1000 | Train: 0.048766 | Val Loss: 0.173223 | Val Corr: 0.5627
  Epoch   80/1000 | Train: 0.041633 | Val Loss: 0.167587 | Val Corr: 0.5740
  Epoch  100/1000 | Train: 0.037716 | Val Loss: 0.182964 | Val Corr: 0.5399
  Epoch  120/1000 | Train: 0.036441 | Val Loss: 0.172758 | Val Corr: 0.6057
  Epoch  140/1000 | Train: 0.033646 | Val Loss: 0.176044 | Val Corr: 0.6245
  Epoch  160/1000 | Train: 0.027478 | Val Loss: 0.184528 | Val Corr: 0.5690
  Epoch  180/1000 | Train: 0.025901 | Val Loss: 0.189210 | Val Corr: 0.6408
  Epoch  200/1000 | Train: 0.027025 | Val Loss: 0.187672 | Val Corr: 0.6265
  Epoch  220/1000 | Train: 0.023452 | Val Loss: 0.202814 | Val Corr: 0.5817
  Epoch  240/1000 | Train: 0.025242 | Val Loss: 0.197809 | Val Corr: 0.6125
  Epoch  260/1000 | Train: 0.023390 | Val Loss: 0.191463 | Val Corr: 0.5969
  Epoch  280/1000 | Train: 0.025148 | Val Loss: 0.181757 | Val Corr: 0.6586
  Epoch  300/1000 | Train: 0.021693 | Val Loss: 0.178635 | Val Corr: 0.6558
  Epoch  320/1000 | Train: 0.020412 | Val Loss: 0.189199 | Val Corr: 0.6394
  Epoch  340/1000 | Train: 0.022475 | Val Loss: 0.181247 | Val Corr: 0.6601
  Epoch  360/1000 | Train: 0.020380 | Val Loss: 0.180969 | Val Corr: 0.6597
  Epoch  380/1000 | Train: 0.021589 | Val Loss: 0.200601 | Val Corr: 0.6161
  Epoch  400/1000 | Train: 0.021368 | Val Loss: 0.172198 | Val Corr: 0.6779
  Epoch  420/1000 | Train: 0.018566 | Val Loss: 0.183472 | Val Corr: 0.6766
  Epoch  440/1000 | Train: 0.021910 | Val Loss: 0.191003 | Val Corr: 0.6218
  Epoch  460/1000 | Train: 0.021408 | Val Loss: 0.170813 | Val Corr: 0.6709
  Epoch  480/1000 | Train: 0.022604 | Val Loss: 0.188128 | Val Corr: 0.6316
  Epoch  500/1000 | Train: 0.019402 | Val Loss: 0.190281 | Val Corr: 0.6082
  Epoch  520/1000 | Train: 0.020783 | Val Loss: 0.168411 | Val Corr: 0.6971
  Epoch  540/1000 | Train: 0.018552 | Val Loss: 0.176103 | Val Corr: 0.7063
  Epoch  560/1000 | Train: 0.015693 | Val Loss: 0.174294 | Val Corr: 0.6692
  Epoch  580/1000 | Train: 0.016464 | Val Loss: 0.180181 | Val Corr: 0.6739
  Epoch  600/1000 | Train: 0.018010 | Val Loss: 0.176267 | Val Corr: 0.6638
  Epoch  620/1000 | Train: 0.020010 | Val Loss: 0.170530 | Val Corr: 0.6507
  Epoch  640/1000 | Train: 0.017666 | Val Loss: 0.185802 | Val Corr: 0.6312
  Epoch  660/1000 | Train: 0.018142 | Val Loss: 0.179264 | Val Corr: 0.6468
  Epoch  680/1000 | Train: 0.016310 | Val Loss: 0.176894 | Val Corr: 0.6902
  Epoch  700/1000 | Train: 0.017886 | Val Loss: 0.178021 | Val Corr: 0.6557
  Epoch  720/1000 | Train: 0.018555 | Val Loss: 0.179362 | Val Corr: 0.6205
  Epoch  740/1000 | Train: 0.016749 | Val Loss: 0.164538 | Val Corr: 0.6366
  Epoch  760/1000 | Train: 0.016767 | Val Loss: 0.168787 | Val Corr: 0.6694
  Epoch  780/1000 | Train: 0.018076 | Val Loss: 0.177996 | Val Corr: 0.6452
  Epoch  800/1000 | Train: 0.014349 | Val Loss: 0.183617 | Val Corr: 0.6166
  Epoch  820/1000 | Train: 0.017046 | Val Loss: 0.189683 | Val Corr: 0.6067
  Epoch  840/1000 | Train: 0.014618 | Val Loss: 0.182327 | Val Corr: 0.6424
  Epoch  860/1000 | Train: 0.018351 | Val Loss: 0.186303 | Val Corr: 0.6074
  Early stopping at epoch 869
    [xavier] s35: R²=0.3565, MAPE=18.13%
  Epoch    1/1000 | Train: 0.142051 | Val Loss: 0.175696 | Val Corr: 0.2843
  Epoch   20/1000 | Train: 0.064674 | Val Loss: 0.154339 | Val Corr: 0.5104
  Epoch   40/1000 | Train: 0.058176 | Val Loss: 0.161032 | Val Corr: 0.6074
  Epoch   60/1000 | Train: 0.051023 | Val Loss: 0.177717 | Val Corr: 0.5573
  Epoch   80/1000 | Train: 0.046487 | Val Loss: 0.175401 | Val Corr: 0.5928
  Epoch  100/1000 | Train: 0.034259 | Val Loss: 0.172929 | Val Corr: 0.6381
  Epoch  120/1000 | Train: 0.033079 | Val Loss: 0.162987 | Val Corr: 0.6213
  Epoch  140/1000 | Train: 0.034303 | Val Loss: 0.174800 | Val Corr: 0.5974
  Epoch  160/1000 | Train: 0.031491 | Val Loss: 0.175484 | Val Corr: 0.6180
  Epoch  180/1000 | Train: 0.026966 | Val Loss: 0.188649 | Val Corr: 0.5785
  Epoch  200/1000 | Train: 0.031157 | Val Loss: 0.187034 | Val Corr: 0.5948
  Epoch  220/1000 | Train: 0.024913 | Val Loss: 0.192889 | Val Corr: 0.5926
  Epoch  240/1000 | Train: 0.027317 | Val Loss: 0.185195 | Val Corr: 0.6083
  Epoch  260/1000 | Train: 0.021279 | Val Loss: 0.209674 | Val Corr: 0.5574
  Epoch  280/1000 | Train: 0.026437 | Val Loss: 0.206580 | Val Corr: 0.5502
  Epoch  300/1000 | Train: 0.022187 | Val Loss: 0.206374 | Val Corr: 0.5483
  Epoch  320/1000 | Train: 0.023121 | Val Loss: 0.202103 | Val Corr: 0.5513
  Epoch  340/1000 | Train: 0.022898 | Val Loss: 0.210262 | Val Corr: 0.5181
  Epoch  360/1000 | Train: 0.020173 | Val Loss: 0.198051 | Val Corr: 0.5552
  Early stopping at epoch 371
    [xavier] s36: R²=0.3370, MAPE=17.78%
  Epoch    1/1000 | Train: 0.105021 | Val Loss: 0.162857 | Val Corr: 0.1468
  Epoch   20/1000 | Train: 0.059689 | Val Loss: 0.162949 | Val Corr: 0.6198
  Epoch   40/1000 | Train: 0.055628 | Val Loss: 0.160058 | Val Corr: 0.6291
  Epoch   60/1000 | Train: 0.049757 | Val Loss: 0.159985 | Val Corr: 0.5941
  Epoch   80/1000 | Train: 0.042592 | Val Loss: 0.161799 | Val Corr: 0.6339
  Epoch  100/1000 | Train: 0.034289 | Val Loss: 0.170867 | Val Corr: 0.5934
  Epoch  120/1000 | Train: 0.029635 | Val Loss: 0.161428 | Val Corr: 0.6483
  Epoch  140/1000 | Train: 0.030621 | Val Loss: 0.161545 | Val Corr: 0.6572
  Epoch  160/1000 | Train: 0.027340 | Val Loss: 0.171298 | Val Corr: 0.6426
  Epoch  180/1000 | Train: 0.023720 | Val Loss: 0.161541 | Val Corr: 0.6839
  Epoch  200/1000 | Train: 0.024598 | Val Loss: 0.182017 | Val Corr: 0.6496
  Epoch  220/1000 | Train: 0.022109 | Val Loss: 0.172258 | Val Corr: 0.6381
  Epoch  240/1000 | Train: 0.024047 | Val Loss: 0.181616 | Val Corr: 0.6331
  Epoch  260/1000 | Train: 0.022098 | Val Loss: 0.189950 | Val Corr: 0.6279
  Epoch  280/1000 | Train: 0.020407 | Val Loss: 0.185409 | Val Corr: 0.6474
  Epoch  300/1000 | Train: 0.021485 | Val Loss: 0.178737 | Val Corr: 0.6544
  Epoch  320/1000 | Train: 0.023613 | Val Loss: 0.189105 | Val Corr: 0.6277
  Early stopping at epoch 335
    [xavier] s37: R²=0.2605, MAPE=17.31%
  Epoch    1/1000 | Train: 0.128098 | Val Loss: 0.178067 | Val Corr: 0.2495
  Epoch   20/1000 | Train: 0.053015 | Val Loss: 0.166746 | Val Corr: 0.5096
  Epoch   40/1000 | Train: 0.053806 | Val Loss: 0.179545 | Val Corr: 0.5567
  Epoch   60/1000 | Train: 0.045377 | Val Loss: 0.172216 | Val Corr: 0.5594
  Epoch   80/1000 | Train: 0.036401 | Val Loss: 0.168222 | Val Corr: 0.6180
  Epoch  100/1000 | Train: 0.036276 | Val Loss: 0.162769 | Val Corr: 0.5784
  Epoch  120/1000 | Train: 0.035330 | Val Loss: 0.159174 | Val Corr: 0.6239
  Epoch  140/1000 | Train: 0.026146 | Val Loss: 0.154144 | Val Corr: 0.6432
  Epoch  160/1000 | Train: 0.027503 | Val Loss: 0.165226 | Val Corr: 0.5921
  Epoch  180/1000 | Train: 0.027158 | Val Loss: 0.157849 | Val Corr: 0.6296
  Epoch  200/1000 | Train: 0.024335 | Val Loss: 0.181950 | Val Corr: 0.5892
  Epoch  220/1000 | Train: 0.023094 | Val Loss: 0.164892 | Val Corr: 0.6118
  Epoch  240/1000 | Train: 0.024135 | Val Loss: 0.167158 | Val Corr: 0.6458
  Epoch  260/1000 | Train: 0.023508 | Val Loss: 0.154380 | Val Corr: 0.5885
  Epoch  280/1000 | Train: 0.022836 | Val Loss: 0.153969 | Val Corr: 0.6540
  Epoch  300/1000 | Train: 0.024529 | Val Loss: 0.161574 | Val Corr: 0.6135
  Epoch  320/1000 | Train: 0.019373 | Val Loss: 0.171049 | Val Corr: 0.5979
  Epoch  340/1000 | Train: 0.020682 | Val Loss: 0.180434 | Val Corr: 0.5934
  Epoch  360/1000 | Train: 0.021291 | Val Loss: 0.172067 | Val Corr: 0.5968
  Epoch  380/1000 | Train: 0.020813 | Val Loss: 0.168562 | Val Corr: 0.6210
  Epoch  400/1000 | Train: 0.021280 | Val Loss: 0.163984 | Val Corr: 0.6091
  Epoch  420/1000 | Train: 0.018532 | Val Loss: 0.178427 | Val Corr: 0.6225
  Epoch  440/1000 | Train: 0.018295 | Val Loss: 0.181522 | Val Corr: 0.6382
  Epoch  460/1000 | Train: 0.018273 | Val Loss: 0.179938 | Val Corr: 0.6128
  Early stopping at epoch 468
    [xavier] s38: R²=0.3593, MAPE=15.98%
  Epoch    1/1000 | Train: 0.104288 | Val Loss: 0.162994 | Val Corr: 0.1847
  Epoch   20/1000 | Train: 0.062310 | Val Loss: 0.131266 | Val Corr: 0.5031
  Epoch   40/1000 | Train: 0.047690 | Val Loss: 0.165158 | Val Corr: 0.6169
  Epoch   60/1000 | Train: 0.043383 | Val Loss: 0.171717 | Val Corr: 0.6252
  Epoch   80/1000 | Train: 0.040972 | Val Loss: 0.180099 | Val Corr: 0.5943
  Epoch  100/1000 | Train: 0.042217 | Val Loss: 0.171724 | Val Corr: 0.6472
  Epoch  120/1000 | Train: 0.031258 | Val Loss: 0.184657 | Val Corr: 0.6107
  Epoch  140/1000 | Train: 0.027561 | Val Loss: 0.171147 | Val Corr: 0.6184
  Epoch  160/1000 | Train: 0.032665 | Val Loss: 0.162957 | Val Corr: 0.6327
  Epoch  180/1000 | Train: 0.029273 | Val Loss: 0.164623 | Val Corr: 0.6224
  Epoch  200/1000 | Train: 0.028465 | Val Loss: 0.171331 | Val Corr: 0.5943
  Epoch  220/1000 | Train: 0.024174 | Val Loss: 0.166761 | Val Corr: 0.6668
  Epoch  240/1000 | Train: 0.022816 | Val Loss: 0.163370 | Val Corr: 0.5789
  Epoch  260/1000 | Train: 0.023491 | Val Loss: 0.167359 | Val Corr: 0.5840
  Epoch  280/1000 | Train: 0.023294 | Val Loss: 0.160293 | Val Corr: 0.6821
  Epoch  300/1000 | Train: 0.022296 | Val Loss: 0.166098 | Val Corr: 0.6569
  Epoch  320/1000 | Train: 0.022393 | Val Loss: 0.167259 | Val Corr: 0.6371
  Epoch  340/1000 | Train: 0.021682 | Val Loss: 0.169556 | Val Corr: 0.6299
  Epoch  360/1000 | Train: 0.019335 | Val Loss: 0.162237 | Val Corr: 0.6030
  Epoch  380/1000 | Train: 0.021422 | Val Loss: 0.144086 | Val Corr: 0.6469
  Epoch  400/1000 | Train: 0.021474 | Val Loss: 0.163707 | Val Corr: 0.6193
  Epoch  420/1000 | Train: 0.021804 | Val Loss: 0.156525 | Val Corr: 0.6399
  Epoch  440/1000 | Train: 0.020954 | Val Loss: 0.172377 | Val Corr: 0.6073
  Epoch  460/1000 | Train: 0.019711 | Val Loss: 0.168175 | Val Corr: 0.6659
  Epoch  480/1000 | Train: 0.019545 | Val Loss: 0.175225 | Val Corr: 0.6074
  Epoch  500/1000 | Train: 0.019907 | Val Loss: 0.163611 | Val Corr: 0.6439
  Epoch  520/1000 | Train: 0.021347 | Val Loss: 0.151592 | Val Corr: 0.6536
  Early stopping at epoch 532
    [xavier] s39: R²=0.2610, MAPE=19.32%
  Epoch    1/1000 | Train: 0.133349 | Val Loss: 0.173225 | Val Corr: 0.1365
  Epoch   20/1000 | Train: 0.057484 | Val Loss: 0.133717 | Val Corr: 0.6256
  Epoch   40/1000 | Train: 0.051122 | Val Loss: 0.156007 | Val Corr: 0.5869
  Epoch   60/1000 | Train: 0.045618 | Val Loss: 0.137219 | Val Corr: 0.6443
  Epoch   80/1000 | Train: 0.037320 | Val Loss: 0.158320 | Val Corr: 0.6055
  Epoch  100/1000 | Train: 0.034784 | Val Loss: 0.149171 | Val Corr: 0.6690
  Epoch  120/1000 | Train: 0.031814 | Val Loss: 0.148030 | Val Corr: 0.6536
  Epoch  140/1000 | Train: 0.033035 | Val Loss: 0.170562 | Val Corr: 0.6235
  Epoch  160/1000 | Train: 0.024801 | Val Loss: 0.165292 | Val Corr: 0.5780
  Epoch  180/1000 | Train: 0.029366 | Val Loss: 0.167340 | Val Corr: 0.5966
  Epoch  200/1000 | Train: 0.025006 | Val Loss: 0.179679 | Val Corr: 0.5891
  Epoch  220/1000 | Train: 0.028488 | Val Loss: 0.178396 | Val Corr: 0.5841
  Epoch  240/1000 | Train: 0.020859 | Val Loss: 0.164559 | Val Corr: 0.6270
  Epoch  260/1000 | Train: 0.023309 | Val Loss: 0.182675 | Val Corr: 0.5712
  Epoch  280/1000 | Train: 0.022065 | Val Loss: 0.185196 | Val Corr: 0.5826
  Epoch  300/1000 | Train: 0.024032 | Val Loss: 0.193677 | Val Corr: 0.5844
  Epoch  320/1000 | Train: 0.021640 | Val Loss: 0.207218 | Val Corr: 0.5134
  Epoch  340/1000 | Train: 0.019451 | Val Loss: 0.179429 | Val Corr: 0.6063
  Early stopping at epoch 348
    [xavier] s40: R²=0.4206, MAPE=15.93%
  Epoch    1/1000 | Train: 0.107656 | Val Loss: 0.160378 | Val Corr: -0.2650
  Epoch   20/1000 | Train: 0.059519 | Val Loss: 0.174274 | Val Corr: 0.5076
  Epoch   40/1000 | Train: 0.052053 | Val Loss: 0.171296 | Val Corr: 0.5968
  Epoch   60/1000 | Train: 0.046406 | Val Loss: 0.174670 | Val Corr: 0.5929
  Epoch   80/1000 | Train: 0.042171 | Val Loss: 0.175874 | Val Corr: 0.5788
  Epoch  100/1000 | Train: 0.036194 | Val Loss: 0.167460 | Val Corr: 0.6184
  Epoch  120/1000 | Train: 0.027559 | Val Loss: 0.192604 | Val Corr: 0.5607
  Epoch  140/1000 | Train: 0.026535 | Val Loss: 0.202990 | Val Corr: 0.5496
  Epoch  160/1000 | Train: 0.030022 | Val Loss: 0.188843 | Val Corr: 0.6100
  Epoch  180/1000 | Train: 0.027587 | Val Loss: 0.189757 | Val Corr: 0.6162
  Epoch  200/1000 | Train: 0.021075 | Val Loss: 0.202909 | Val Corr: 0.5976
  Epoch  220/1000 | Train: 0.020930 | Val Loss: 0.202651 | Val Corr: 0.5969
  Epoch  240/1000 | Train: 0.022078 | Val Loss: 0.208217 | Val Corr: 0.5708
  Epoch  260/1000 | Train: 0.020034 | Val Loss: 0.203671 | Val Corr: 0.5801
  Early stopping at epoch 260
    [xavier] s41: R²=0.1469, MAPE=19.87%
  Epoch    1/1000 | Train: 0.134866 | Val Loss: 0.179932 | Val Corr: -0.0636
  Epoch   20/1000 | Train: 0.059495 | Val Loss: 0.153286 | Val Corr: 0.5572
  Epoch   40/1000 | Train: 0.052127 | Val Loss: 0.161722 | Val Corr: 0.6052
  Epoch   60/1000 | Train: 0.044348 | Val Loss: 0.163521 | Val Corr: 0.6202
  Epoch   80/1000 | Train: 0.041450 | Val Loss: 0.164677 | Val Corr: 0.5803
  Epoch  100/1000 | Train: 0.037896 | Val Loss: 0.164333 | Val Corr: 0.6303
  Epoch  120/1000 | Train: 0.034121 | Val Loss: 0.155131 | Val Corr: 0.6040
  Epoch  140/1000 | Train: 0.032196 | Val Loss: 0.162476 | Val Corr: 0.6462
  Epoch  160/1000 | Train: 0.033200 | Val Loss: 0.157474 | Val Corr: 0.6407
  Epoch  180/1000 | Train: 0.028455 | Val Loss: 0.174551 | Val Corr: 0.6264
  Epoch  200/1000 | Train: 0.026720 | Val Loss: 0.179199 | Val Corr: 0.6029
  Epoch  220/1000 | Train: 0.026026 | Val Loss: 0.179010 | Val Corr: 0.5884
  Epoch  240/1000 | Train: 0.028086 | Val Loss: 0.173108 | Val Corr: 0.6151
  Epoch  260/1000 | Train: 0.026041 | Val Loss: 0.172777 | Val Corr: 0.6255
  Epoch  280/1000 | Train: 0.025656 | Val Loss: 0.170449 | Val Corr: 0.6500
  Epoch  300/1000 | Train: 0.023170 | Val Loss: 0.166596 | Val Corr: 0.6719
  Epoch  320/1000 | Train: 0.022272 | Val Loss: 0.168369 | Val Corr: 0.6767
  Epoch  340/1000 | Train: 0.023723 | Val Loss: 0.174277 | Val Corr: 0.6409
  Epoch  360/1000 | Train: 0.024221 | Val Loss: 0.181672 | Val Corr: 0.6273
  Epoch  380/1000 | Train: 0.019436 | Val Loss: 0.169832 | Val Corr: 0.6756
  Epoch  400/1000 | Train: 0.022301 | Val Loss: 0.166029 | Val Corr: 0.6739
  Epoch  420/1000 | Train: 0.020235 | Val Loss: 0.167047 | Val Corr: 0.6617
  Early stopping at epoch 422
    [xavier] s100: R²=0.2621, MAPE=20.16%
  Epoch    1/1000 | Train: 0.109709 | Val Loss: 0.169466 | Val Corr: 0.3189
  Epoch   20/1000 | Train: 0.058887 | Val Loss: 0.166708 | Val Corr: 0.5284
  Epoch   40/1000 | Train: 0.049518 | Val Loss: 0.165592 | Val Corr: 0.6272
  Epoch   60/1000 | Train: 0.043300 | Val Loss: 0.166501 | Val Corr: 0.5817
  Epoch   80/1000 | Train: 0.044899 | Val Loss: 0.175986 | Val Corr: 0.5738
  Epoch  100/1000 | Train: 0.037721 | Val Loss: 0.163306 | Val Corr: 0.6035
  Epoch  120/1000 | Train: 0.036099 | Val Loss: 0.162280 | Val Corr: 0.5960
  Epoch  140/1000 | Train: 0.030069 | Val Loss: 0.179927 | Val Corr: 0.6412
  Epoch  160/1000 | Train: 0.028929 | Val Loss: 0.180030 | Val Corr: 0.6129
  Epoch  180/1000 | Train: 0.027237 | Val Loss: 0.177783 | Val Corr: 0.6089
  Epoch  200/1000 | Train: 0.028096 | Val Loss: 0.171604 | Val Corr: 0.6204
  Epoch  220/1000 | Train: 0.025941 | Val Loss: 0.175599 | Val Corr: 0.6364
  Epoch  240/1000 | Train: 0.024943 | Val Loss: 0.179846 | Val Corr: 0.6447
  Epoch  260/1000 | Train: 0.020416 | Val Loss: 0.181968 | Val Corr: 0.6235
  Epoch  280/1000 | Train: 0.020259 | Val Loss: 0.188112 | Val Corr: 0.6216
  Early stopping at epoch 298
    [xavier] s200: R²=0.2917, MAPE=18.73%
  Epoch    1/1000 | Train: 0.125156 | Val Loss: 0.173487 | Val Corr: 0.0688
  Epoch   20/1000 | Train: 0.061990 | Val Loss: 0.162377 | Val Corr: 0.5223
  Epoch   40/1000 | Train: 0.049793 | Val Loss: 0.164802 | Val Corr: 0.5801
  Epoch   60/1000 | Train: 0.044424 | Val Loss: 0.176029 | Val Corr: 0.5683
  Epoch   80/1000 | Train: 0.041681 | Val Loss: 0.163384 | Val Corr: 0.5506
  Epoch  100/1000 | Train: 0.038170 | Val Loss: 0.154916 | Val Corr: 0.5252
  Epoch  120/1000 | Train: 0.029538 | Val Loss: 0.152891 | Val Corr: 0.6036
  Epoch  140/1000 | Train: 0.034088 | Val Loss: 0.159302 | Val Corr: 0.5358
  Epoch  160/1000 | Train: 0.028195 | Val Loss: 0.160291 | Val Corr: 0.6186
  Epoch  180/1000 | Train: 0.029114 | Val Loss: 0.166022 | Val Corr: 0.5660
  Epoch  200/1000 | Train: 0.024022 | Val Loss: 0.168106 | Val Corr: 0.6396
  Epoch  220/1000 | Train: 0.022093 | Val Loss: 0.163640 | Val Corr: 0.6144
  Epoch  240/1000 | Train: 0.020981 | Val Loss: 0.165724 | Val Corr: 0.6349
  Epoch  260/1000 | Train: 0.020199 | Val Loss: 0.169508 | Val Corr: 0.5999
  Epoch  280/1000 | Train: 0.021274 | Val Loss: 0.167056 | Val Corr: 0.6519
  Epoch  300/1000 | Train: 0.021971 | Val Loss: 0.171376 | Val Corr: 0.5830
  Epoch  320/1000 | Train: 0.019954 | Val Loss: 0.163287 | Val Corr: 0.6699
  Epoch  340/1000 | Train: 0.019666 | Val Loss: 0.170371 | Val Corr: 0.5590
  Epoch  360/1000 | Train: 0.017520 | Val Loss: 0.170679 | Val Corr: 0.6226
  Epoch  380/1000 | Train: 0.020601 | Val Loss: 0.187373 | Val Corr: 0.5926
  Epoch  400/1000 | Train: 0.018846 | Val Loss: 0.185767 | Val Corr: 0.5809
  Epoch  420/1000 | Train: 0.022896 | Val Loss: 0.178644 | Val Corr: 0.5826
  Epoch  440/1000 | Train: 0.018549 | Val Loss: 0.172675 | Val Corr: 0.6186
  Early stopping at epoch 459
    [xavier] s500: R²=0.2244, MAPE=18.16%
  Epoch    1/1000 | Train: 0.098129 | Val Loss: 0.164496 | Val Corr: 0.3018
  Epoch   20/1000 | Train: 0.058072 | Val Loss: 0.162472 | Val Corr: 0.5123
  Epoch   40/1000 | Train: 0.052842 | Val Loss: 0.155160 | Val Corr: 0.5629
  Epoch   60/1000 | Train: 0.045862 | Val Loss: 0.157992 | Val Corr: 0.6094
  Epoch   80/1000 | Train: 0.032074 | Val Loss: 0.181196 | Val Corr: 0.5709
  Epoch  100/1000 | Train: 0.028954 | Val Loss: 0.169954 | Val Corr: 0.6025
  Epoch  120/1000 | Train: 0.032481 | Val Loss: 0.173776 | Val Corr: 0.6018
  Epoch  140/1000 | Train: 0.027742 | Val Loss: 0.184125 | Val Corr: 0.5419
  Epoch  160/1000 | Train: 0.029815 | Val Loss: 0.200391 | Val Corr: 0.5641
  Epoch  180/1000 | Train: 0.030785 | Val Loss: 0.203012 | Val Corr: 0.5172
  Epoch  200/1000 | Train: 0.024925 | Val Loss: 0.192195 | Val Corr: 0.5646
  Epoch  220/1000 | Train: 0.025389 | Val Loss: 0.198327 | Val Corr: 0.5442
  Epoch  240/1000 | Train: 0.024201 | Val Loss: 0.194103 | Val Corr: 0.5705
  Epoch  260/1000 | Train: 0.021562 | Val Loss: 0.196483 | Val Corr: 0.5581
  Early stopping at epoch 272
    [xavier] s1000: R²=0.1235, MAPE=19.39%
  Epoch    1/1000 | Train: 0.125352 | Val Loss: 0.179412 | Val Corr: 0.3137
  Epoch   20/1000 | Train: 0.059040 | Val Loss: 0.173794 | Val Corr: 0.4696
  Epoch   40/1000 | Train: 0.053471 | Val Loss: 0.164341 | Val Corr: 0.5588
  Epoch   60/1000 | Train: 0.041309 | Val Loss: 0.169830 | Val Corr: 0.6076
  Epoch   80/1000 | Train: 0.037155 | Val Loss: 0.178849 | Val Corr: 0.6135
  Epoch  100/1000 | Train: 0.038680 | Val Loss: 0.186812 | Val Corr: 0.6147
  Epoch  120/1000 | Train: 0.030922 | Val Loss: 0.189852 | Val Corr: 0.5823
  Epoch  140/1000 | Train: 0.030218 | Val Loss: 0.183172 | Val Corr: 0.5972
  Epoch  160/1000 | Train: 0.024841 | Val Loss: 0.197783 | Val Corr: 0.6019
  Epoch  180/1000 | Train: 0.023545 | Val Loss: 0.195611 | Val Corr: 0.5613
  Epoch  200/1000 | Train: 0.023888 | Val Loss: 0.184119 | Val Corr: 0.6400
  Epoch  220/1000 | Train: 0.022959 | Val Loss: 0.182062 | Val Corr: 0.6075
  Epoch  240/1000 | Train: 0.024488 | Val Loss: 0.194252 | Val Corr: 0.5739
  Epoch  260/1000 | Train: 0.020498 | Val Loss: 0.198210 | Val Corr: 0.5553
  Early stopping at epoch 277
    [orthogonal] s42: R²=0.1735, MAPE=20.00%
  Epoch    1/1000 | Train: 0.100432 | Val Loss: 0.165746 | Val Corr: 0.3481
  Epoch   20/1000 | Train: 0.057634 | Val Loss: 0.149259 | Val Corr: 0.6204
  Epoch   40/1000 | Train: 0.053616 | Val Loss: 0.153002 | Val Corr: 0.5424
  Epoch   60/1000 | Train: 0.042859 | Val Loss: 0.173268 | Val Corr: 0.6050
  Epoch   80/1000 | Train: 0.038793 | Val Loss: 0.170733 | Val Corr: 0.6649
  Epoch  100/1000 | Train: 0.034196 | Val Loss: 0.162560 | Val Corr: 0.6282
  Epoch  120/1000 | Train: 0.032627 | Val Loss: 0.174209 | Val Corr: 0.5807
  Epoch  140/1000 | Train: 0.026269 | Val Loss: 0.163705 | Val Corr: 0.6544
  Epoch  160/1000 | Train: 0.027139 | Val Loss: 0.154706 | Val Corr: 0.6527
  Epoch  180/1000 | Train: 0.024123 | Val Loss: 0.162616 | Val Corr: 0.6576
  Epoch  200/1000 | Train: 0.028948 | Val Loss: 0.169352 | Val Corr: 0.6432
  Epoch  220/1000 | Train: 0.024946 | Val Loss: 0.170731 | Val Corr: 0.6226
  Epoch  240/1000 | Train: 0.021426 | Val Loss: 0.165195 | Val Corr: 0.6484
  Epoch  260/1000 | Train: 0.023440 | Val Loss: 0.172024 | Val Corr: 0.6242
  Epoch  280/1000 | Train: 0.021438 | Val Loss: 0.173648 | Val Corr: 0.6312
  Epoch  300/1000 | Train: 0.020779 | Val Loss: 0.165676 | Val Corr: 0.6783
  Epoch  320/1000 | Train: 0.021633 | Val Loss: 0.168659 | Val Corr: 0.6483
  Epoch  340/1000 | Train: 0.022656 | Val Loss: 0.163316 | Val Corr: 0.6848
  Epoch  360/1000 | Train: 0.021347 | Val Loss: 0.168864 | Val Corr: 0.6737
  Epoch  380/1000 | Train: 0.021192 | Val Loss: 0.164597 | Val Corr: 0.6609
  Epoch  400/1000 | Train: 0.018837 | Val Loss: 0.170323 | Val Corr: 0.6907
  Epoch  420/1000 | Train: 0.019479 | Val Loss: 0.166076 | Val Corr: 0.6401
  Epoch  440/1000 | Train: 0.018557 | Val Loss: 0.173860 | Val Corr: 0.6404
  Epoch  460/1000 | Train: 0.019536 | Val Loss: 0.174166 | Val Corr: 0.6385
  Epoch  480/1000 | Train: 0.017985 | Val Loss: 0.169479 | Val Corr: 0.6451
  Epoch  500/1000 | Train: 0.019382 | Val Loss: 0.168062 | Val Corr: 0.6835
  Epoch  520/1000 | Train: 0.018485 | Val Loss: 0.176878 | Val Corr: 0.6726
  Epoch  540/1000 | Train: 0.019679 | Val Loss: 0.174921 | Val Corr: 0.6717
  Epoch  560/1000 | Train: 0.016081 | Val Loss: 0.166549 | Val Corr: 0.6971
  Epoch  580/1000 | Train: 0.019883 | Val Loss: 0.168792 | Val Corr: 0.6901
  Epoch  600/1000 | Train: 0.018083 | Val Loss: 0.174117 | Val Corr: 0.6505
  Epoch  620/1000 | Train: 0.017353 | Val Loss: 0.173677 | Val Corr: 0.6583
  Early stopping at epoch 631
    [orthogonal] s7: R²=0.2930, MAPE=18.25%
  Epoch    1/1000 | Train: 0.131135 | Val Loss: 0.175058 | Val Corr: 0.0546
  Epoch   20/1000 | Train: 0.060077 | Val Loss: 0.152861 | Val Corr: 0.5117
  Epoch   40/1000 | Train: 0.052346 | Val Loss: 0.161660 | Val Corr: 0.5604
  Epoch   60/1000 | Train: 0.042518 | Val Loss: 0.175741 | Val Corr: 0.5495
  Epoch   80/1000 | Train: 0.041050 | Val Loss: 0.177992 | Val Corr: 0.5481
  Epoch  100/1000 | Train: 0.034567 | Val Loss: 0.184072 | Val Corr: 0.5266
  Epoch  120/1000 | Train: 0.030218 | Val Loss: 0.189723 | Val Corr: 0.5840
  Epoch  140/1000 | Train: 0.031927 | Val Loss: 0.195257 | Val Corr: 0.5629
  Epoch  160/1000 | Train: 0.026747 | Val Loss: 0.196635 | Val Corr: 0.5651
  Epoch  180/1000 | Train: 0.024442 | Val Loss: 0.199578 | Val Corr: 0.5752
  Epoch  200/1000 | Train: 0.025234 | Val Loss: 0.208251 | Val Corr: 0.5439
  Epoch  220/1000 | Train: 0.020378 | Val Loss: 0.191124 | Val Corr: 0.6458
  Epoch  240/1000 | Train: 0.024166 | Val Loss: 0.198933 | Val Corr: 0.5575
  Epoch  260/1000 | Train: 0.021182 | Val Loss: 0.196712 | Val Corr: 0.5808
  Epoch  280/1000 | Train: 0.020373 | Val Loss: 0.206806 | Val Corr: 0.5188
  Epoch  300/1000 | Train: 0.021546 | Val Loss: 0.204533 | Val Corr: 0.5490
  Epoch  320/1000 | Train: 0.021495 | Val Loss: 0.203693 | Val Corr: 0.5420
  Early stopping at epoch 337
    [orthogonal] s123: R²=0.3407, MAPE=17.46%
  Epoch    1/1000 | Train: 0.095406 | Val Loss: 0.170237 | Val Corr: 0.3963
  Epoch   20/1000 | Train: 0.061508 | Val Loss: 0.164150 | Val Corr: 0.5823
  Epoch   40/1000 | Train: 0.049891 | Val Loss: 0.147663 | Val Corr: 0.6744
  Epoch   60/1000 | Train: 0.042034 | Val Loss: 0.157466 | Val Corr: 0.6614
  Epoch   80/1000 | Train: 0.036378 | Val Loss: 0.159508 | Val Corr: 0.6460
  Epoch  100/1000 | Train: 0.031925 | Val Loss: 0.151212 | Val Corr: 0.6600
  Epoch  120/1000 | Train: 0.028201 | Val Loss: 0.170061 | Val Corr: 0.6418
  Epoch  140/1000 | Train: 0.027020 | Val Loss: 0.166278 | Val Corr: 0.6222
  Epoch  160/1000 | Train: 0.023727 | Val Loss: 0.172908 | Val Corr: 0.6306
  Epoch  180/1000 | Train: 0.027559 | Val Loss: 0.157774 | Val Corr: 0.6232
  Epoch  200/1000 | Train: 0.023700 | Val Loss: 0.147130 | Val Corr: 0.6552
  Epoch  220/1000 | Train: 0.022773 | Val Loss: 0.158621 | Val Corr: 0.6532
  Epoch  240/1000 | Train: 0.021843 | Val Loss: 0.155063 | Val Corr: 0.6688
  Epoch  260/1000 | Train: 0.021508 | Val Loss: 0.167561 | Val Corr: 0.6633
  Epoch  280/1000 | Train: 0.022131 | Val Loss: 0.159884 | Val Corr: 0.6860
  Epoch  300/1000 | Train: 0.020312 | Val Loss: 0.152529 | Val Corr: 0.6962
  Early stopping at epoch 313
    [orthogonal] s2024: R²=0.2188, MAPE=17.43%
  Epoch    1/1000 | Train: 0.118853 | Val Loss: 0.181560 | Val Corr: 0.1759
  Epoch   20/1000 | Train: 0.059106 | Val Loss: 0.172491 | Val Corr: 0.5236
  Epoch   40/1000 | Train: 0.055254 | Val Loss: 0.171129 | Val Corr: 0.5074
  Epoch   60/1000 | Train: 0.040501 | Val Loss: 0.161918 | Val Corr: 0.5679
  Epoch   80/1000 | Train: 0.034502 | Val Loss: 0.177000 | Val Corr: 0.5903
  Epoch  100/1000 | Train: 0.037758 | Val Loss: 0.174931 | Val Corr: 0.6989
  Epoch  120/1000 | Train: 0.026012 | Val Loss: 0.175411 | Val Corr: 0.6564
  Epoch  140/1000 | Train: 0.030973 | Val Loss: 0.173887 | Val Corr: 0.6724
  Epoch  160/1000 | Train: 0.028881 | Val Loss: 0.181683 | Val Corr: 0.6463
  Epoch  180/1000 | Train: 0.022641 | Val Loss: 0.184413 | Val Corr: 0.6463
  Epoch  200/1000 | Train: 0.021377 | Val Loss: 0.186627 | Val Corr: 0.6595
  Epoch  220/1000 | Train: 0.022338 | Val Loss: 0.184882 | Val Corr: 0.6303
  Epoch  240/1000 | Train: 0.023536 | Val Loss: 0.174422 | Val Corr: 0.6943
  Epoch  260/1000 | Train: 0.019200 | Val Loss: 0.181659 | Val Corr: 0.6679
  Epoch  280/1000 | Train: 0.026524 | Val Loss: 0.174102 | Val Corr: 0.6790
  Epoch  300/1000 | Train: 0.019471 | Val Loss: 0.185168 | Val Corr: 0.6514
  Epoch  320/1000 | Train: 0.019289 | Val Loss: 0.181956 | Val Corr: 0.6674
  Epoch  340/1000 | Train: 0.018735 | Val Loss: 0.183897 | Val Corr: 0.6776
  Epoch  360/1000 | Train: 0.020593 | Val Loss: 0.182959 | Val Corr: 0.6548
  Early stopping at epoch 360
    [orthogonal] s99: R²=0.2322, MAPE=21.46%
  Epoch    1/1000 | Train: 0.105538 | Val Loss: 0.168311 | Val Corr: 0.1428
  Epoch   20/1000 | Train: 0.056105 | Val Loss: 0.149491 | Val Corr: 0.5737
  Epoch   40/1000 | Train: 0.051849 | Val Loss: 0.152645 | Val Corr: 0.5736
  Epoch   60/1000 | Train: 0.043677 | Val Loss: 0.176860 | Val Corr: 0.5672
  Epoch   80/1000 | Train: 0.034070 | Val Loss: 0.185893 | Val Corr: 0.5762
  Epoch  100/1000 | Train: 0.036478 | Val Loss: 0.188057 | Val Corr: 0.6135
  Epoch  120/1000 | Train: 0.031832 | Val Loss: 0.187972 | Val Corr: 0.5904
  Epoch  140/1000 | Train: 0.025706 | Val Loss: 0.193111 | Val Corr: 0.5772
  Epoch  160/1000 | Train: 0.028671 | Val Loss: 0.208354 | Val Corr: 0.5326
  Epoch  180/1000 | Train: 0.025022 | Val Loss: 0.199868 | Val Corr: 0.5127
  Epoch  200/1000 | Train: 0.020929 | Val Loss: 0.199783 | Val Corr: 0.5740
  Epoch  220/1000 | Train: 0.022830 | Val Loss: 0.206203 | Val Corr: 0.5098
  Epoch  240/1000 | Train: 0.020317 | Val Loss: 0.200165 | Val Corr: 0.5905
  Epoch  260/1000 | Train: 0.021203 | Val Loss: 0.210367 | Val Corr: 0.5367
  Early stopping at epoch 277
    [orthogonal] s13: R²=0.2740, MAPE=21.01%
  Epoch    1/1000 | Train: 0.102099 | Val Loss: 0.184322 | Val Corr: 0.1711
  Epoch   20/1000 | Train: 0.061933 | Val Loss: 0.162175 | Val Corr: 0.6234
  Epoch   40/1000 | Train: 0.047010 | Val Loss: 0.179944 | Val Corr: 0.5866
  Epoch   60/1000 | Train: 0.042689 | Val Loss: 0.174330 | Val Corr: 0.5698
  Epoch   80/1000 | Train: 0.035083 | Val Loss: 0.195557 | Val Corr: 0.4800
  Epoch  100/1000 | Train: 0.033350 | Val Loss: 0.178085 | Val Corr: 0.6072
  Epoch  120/1000 | Train: 0.027964 | Val Loss: 0.193777 | Val Corr: 0.6031
  Epoch  140/1000 | Train: 0.025234 | Val Loss: 0.208270 | Val Corr: 0.5505
  Epoch  160/1000 | Train: 0.026641 | Val Loss: 0.200680 | Val Corr: 0.5947
  Epoch  180/1000 | Train: 0.025452 | Val Loss: 0.194314 | Val Corr: 0.6589
  Epoch  200/1000 | Train: 0.023652 | Val Loss: 0.192618 | Val Corr: 0.6594
  Epoch  220/1000 | Train: 0.023280 | Val Loss: 0.198660 | Val Corr: 0.5743
  Epoch  240/1000 | Train: 0.023369 | Val Loss: 0.193612 | Val Corr: 0.6287
  Early stopping at epoch 256
    [orthogonal] s55: R²=0.2273, MAPE=19.29%
  Epoch    1/1000 | Train: 0.101522 | Val Loss: 0.185798 | Val Corr: 0.1827
  Epoch   20/1000 | Train: 0.061079 | Val Loss: 0.168765 | Val Corr: 0.5984
  Epoch   40/1000 | Train: 0.047983 | Val Loss: 0.171255 | Val Corr: 0.6073
  Epoch   60/1000 | Train: 0.045540 | Val Loss: 0.176162 | Val Corr: 0.6293
  Epoch   80/1000 | Train: 0.043548 | Val Loss: 0.167959 | Val Corr: 0.6235
  Epoch  100/1000 | Train: 0.033606 | Val Loss: 0.167832 | Val Corr: 0.6663
  Epoch  120/1000 | Train: 0.031967 | Val Loss: 0.163757 | Val Corr: 0.6497
  Epoch  140/1000 | Train: 0.030513 | Val Loss: 0.180082 | Val Corr: 0.5966
  Epoch  160/1000 | Train: 0.029598 | Val Loss: 0.174405 | Val Corr: 0.5898
  Epoch  180/1000 | Train: 0.027395 | Val Loss: 0.160844 | Val Corr: 0.6194
  Epoch  200/1000 | Train: 0.022000 | Val Loss: 0.170925 | Val Corr: 0.6087
  Epoch  220/1000 | Train: 0.024080 | Val Loss: 0.173363 | Val Corr: 0.6589
  Epoch  240/1000 | Train: 0.020781 | Val Loss: 0.168733 | Val Corr: 0.6097
  Epoch  260/1000 | Train: 0.021971 | Val Loss: 0.166420 | Val Corr: 0.5999
  Epoch  280/1000 | Train: 0.023559 | Val Loss: 0.175552 | Val Corr: 0.6409
  Epoch  300/1000 | Train: 0.022467 | Val Loss: 0.166930 | Val Corr: 0.6743
  Epoch  320/1000 | Train: 0.022578 | Val Loss: 0.171272 | Val Corr: 0.6284
  Epoch  340/1000 | Train: 0.024560 | Val Loss: 0.190531 | Val Corr: 0.6326
  Epoch  360/1000 | Train: 0.019392 | Val Loss: 0.194969 | Val Corr: 0.6050
  Epoch  380/1000 | Train: 0.018914 | Val Loss: 0.172383 | Val Corr: 0.6700
  Epoch  400/1000 | Train: 0.019643 | Val Loss: 0.192578 | Val Corr: 0.6177
  Epoch  420/1000 | Train: 0.020702 | Val Loss: 0.180830 | Val Corr: 0.6466
  Epoch  440/1000 | Train: 0.019760 | Val Loss: 0.180828 | Val Corr: 0.6247
  Epoch  460/1000 | Train: 0.021794 | Val Loss: 0.174903 | Val Corr: 0.6394
  Early stopping at epoch 463
    [orthogonal] s777: R²=0.4008, MAPE=16.17%
  Epoch    1/1000 | Train: 0.103135 | Val Loss: 0.168418 | Val Corr: 0.2368
  Epoch   20/1000 | Train: 0.055255 | Val Loss: 0.179020 | Val Corr: 0.4449
  Epoch   40/1000 | Train: 0.049460 | Val Loss: 0.178897 | Val Corr: 0.4581
  Epoch   60/1000 | Train: 0.046289 | Val Loss: 0.195427 | Val Corr: 0.4940
  Epoch   80/1000 | Train: 0.033416 | Val Loss: 0.181808 | Val Corr: 0.5644
  Epoch  100/1000 | Train: 0.027365 | Val Loss: 0.168285 | Val Corr: 0.6350
  Epoch  120/1000 | Train: 0.028976 | Val Loss: 0.166491 | Val Corr: 0.6054
  Epoch  140/1000 | Train: 0.029323 | Val Loss: 0.190886 | Val Corr: 0.5727
  Epoch  160/1000 | Train: 0.027121 | Val Loss: 0.178213 | Val Corr: 0.6501
  Epoch  180/1000 | Train: 0.026859 | Val Loss: 0.182334 | Val Corr: 0.6525
  Epoch  200/1000 | Train: 0.023827 | Val Loss: 0.175269 | Val Corr: 0.6290
  Epoch  220/1000 | Train: 0.029296 | Val Loss: 0.171142 | Val Corr: 0.6208
  Epoch  240/1000 | Train: 0.025632 | Val Loss: 0.163470 | Val Corr: 0.6563
  Epoch  260/1000 | Train: 0.025258 | Val Loss: 0.193040 | Val Corr: 0.5597
  Epoch  280/1000 | Train: 0.020319 | Val Loss: 0.194956 | Val Corr: 0.6051
  Epoch  300/1000 | Train: 0.023532 | Val Loss: 0.194768 | Val Corr: 0.5713
  Epoch  320/1000 | Train: 0.019829 | Val Loss: 0.202417 | Val Corr: 0.6187
  Epoch  340/1000 | Train: 0.024479 | Val Loss: 0.173812 | Val Corr: 0.6064
  Epoch  360/1000 | Train: 0.020681 | Val Loss: 0.170684 | Val Corr: 0.6766
  Epoch  380/1000 | Train: 0.021035 | Val Loss: 0.183168 | Val Corr: 0.6356
  Epoch  400/1000 | Train: 0.024255 | Val Loss: 0.168872 | Val Corr: 0.6560
  Epoch  420/1000 | Train: 0.021646 | Val Loss: 0.199027 | Val Corr: 0.5862
  Early stopping at epoch 433
    [orthogonal] s314: R²=0.3195, MAPE=17.20%
  Epoch    1/1000 | Train: 0.115715 | Val Loss: 0.185522 | Val Corr: 0.2485
  Epoch   20/1000 | Train: 0.057510 | Val Loss: 0.148988 | Val Corr: 0.5690
  Epoch   40/1000 | Train: 0.050601 | Val Loss: 0.157616 | Val Corr: 0.5679
  Epoch   60/1000 | Train: 0.045763 | Val Loss: 0.168187 | Val Corr: 0.5512
  Epoch   80/1000 | Train: 0.037628 | Val Loss: 0.171767 | Val Corr: 0.6001
  Epoch  100/1000 | Train: 0.033162 | Val Loss: 0.160014 | Val Corr: 0.5886
  Epoch  120/1000 | Train: 0.031911 | Val Loss: 0.159453 | Val Corr: 0.6243
  Epoch  140/1000 | Train: 0.026827 | Val Loss: 0.174050 | Val Corr: 0.5848
  Epoch  160/1000 | Train: 0.029716 | Val Loss: 0.170245 | Val Corr: 0.6868
  Epoch  180/1000 | Train: 0.026384 | Val Loss: 0.170251 | Val Corr: 0.6424
  Epoch  200/1000 | Train: 0.024292 | Val Loss: 0.167207 | Val Corr: 0.6420
  Epoch  220/1000 | Train: 0.022564 | Val Loss: 0.151193 | Val Corr: 0.6654
  Epoch  240/1000 | Train: 0.019874 | Val Loss: 0.176962 | Val Corr: 0.6386
  Epoch  260/1000 | Train: 0.018978 | Val Loss: 0.170880 | Val Corr: 0.6787
  Epoch  280/1000 | Train: 0.020463 | Val Loss: 0.169800 | Val Corr: 0.6569
  Epoch  300/1000 | Train: 0.022542 | Val Loss: 0.167849 | Val Corr: 0.6473
  Epoch  320/1000 | Train: 0.021546 | Val Loss: 0.170035 | Val Corr: 0.6115
  Epoch  340/1000 | Train: 0.020388 | Val Loss: 0.183016 | Val Corr: 0.6038
  Epoch  360/1000 | Train: 0.019482 | Val Loss: 0.165847 | Val Corr: 0.6305
  Epoch  380/1000 | Train: 0.023959 | Val Loss: 0.186440 | Val Corr: 0.6299
  Epoch  400/1000 | Train: 0.017983 | Val Loss: 0.172359 | Val Corr: 0.6534
  Early stopping at epoch 415
    [orthogonal] s2025: R²=0.4049, MAPE=18.85%
  Epoch    1/1000 | Train: 0.091284 | Val Loss: 0.168409 | Val Corr: 0.2420
  Epoch   20/1000 | Train: 0.062615 | Val Loss: 0.165230 | Val Corr: 0.5224
  Epoch   40/1000 | Train: 0.048777 | Val Loss: 0.155314 | Val Corr: 0.6321
  Epoch   60/1000 | Train: 0.041585 | Val Loss: 0.165207 | Val Corr: 0.6336
  Epoch   80/1000 | Train: 0.042904 | Val Loss: 0.183810 | Val Corr: 0.5620
  Epoch  100/1000 | Train: 0.036368 | Val Loss: 0.188548 | Val Corr: 0.5777
  Epoch  120/1000 | Train: 0.028047 | Val Loss: 0.191475 | Val Corr: 0.6053
  Epoch  140/1000 | Train: 0.029649 | Val Loss: 0.206046 | Val Corr: 0.5056
  Epoch  160/1000 | Train: 0.026597 | Val Loss: 0.205239 | Val Corr: 0.5246
  Epoch  180/1000 | Train: 0.023820 | Val Loss: 0.199465 | Val Corr: 0.5313
  Epoch  200/1000 | Train: 0.022016 | Val Loss: 0.172559 | Val Corr: 0.5929
  Epoch  220/1000 | Train: 0.024096 | Val Loss: 0.199427 | Val Corr: 0.5073
  Epoch  240/1000 | Train: 0.022838 | Val Loss: 0.196202 | Val Corr: 0.5491
  Epoch  260/1000 | Train: 0.022750 | Val Loss: 0.195225 | Val Corr: 0.5186
  Epoch  280/1000 | Train: 0.019134 | Val Loss: 0.189353 | Val Corr: 0.5821
  Early stopping at epoch 299
    [orthogonal] s0: R²=0.1562, MAPE=21.74%
  Epoch    1/1000 | Train: 0.111363 | Val Loss: 0.172368 | Val Corr: 0.2773
  Epoch   20/1000 | Train: 0.060582 | Val Loss: 0.167925 | Val Corr: 0.5142
  Epoch   40/1000 | Train: 0.049167 | Val Loss: 0.155817 | Val Corr: 0.5403
  Epoch   60/1000 | Train: 0.042207 | Val Loss: 0.178481 | Val Corr: 0.5097
  Epoch   80/1000 | Train: 0.036048 | Val Loss: 0.181871 | Val Corr: 0.5507
  Epoch  100/1000 | Train: 0.038094 | Val Loss: 0.170584 | Val Corr: 0.6018
  Epoch  120/1000 | Train: 0.029909 | Val Loss: 0.186938 | Val Corr: 0.5527
  Epoch  140/1000 | Train: 0.029181 | Val Loss: 0.186066 | Val Corr: 0.6272
  Epoch  160/1000 | Train: 0.030464 | Val Loss: 0.178321 | Val Corr: 0.5955
  Epoch  180/1000 | Train: 0.027511 | Val Loss: 0.190074 | Val Corr: 0.5737
  Epoch  200/1000 | Train: 0.025987 | Val Loss: 0.185979 | Val Corr: 0.5755
  Epoch  220/1000 | Train: 0.025615 | Val Loss: 0.190581 | Val Corr: 0.5256
  Epoch  240/1000 | Train: 0.028164 | Val Loss: 0.185364 | Val Corr: 0.6004
  Epoch  260/1000 | Train: 0.023200 | Val Loss: 0.190010 | Val Corr: 0.5860
  Epoch  280/1000 | Train: 0.018633 | Val Loss: 0.187737 | Val Corr: 0.5948
  Early stopping at epoch 280
    [orthogonal] s1: R²=0.2319, MAPE=19.75%
  Epoch    1/1000 | Train: 0.105435 | Val Loss: 0.176411 | Val Corr: -0.0266
  Epoch   20/1000 | Train: 0.055989 | Val Loss: 0.158163 | Val Corr: 0.5576
  Epoch   40/1000 | Train: 0.054826 | Val Loss: 0.151195 | Val Corr: 0.4866
  Epoch   60/1000 | Train: 0.047250 | Val Loss: 0.179134 | Val Corr: 0.5237
  Epoch   80/1000 | Train: 0.038745 | Val Loss: 0.184977 | Val Corr: 0.5701
  Epoch  100/1000 | Train: 0.036994 | Val Loss: 0.183746 | Val Corr: 0.5985
  Epoch  120/1000 | Train: 0.026764 | Val Loss: 0.195170 | Val Corr: 0.5377
  Epoch  140/1000 | Train: 0.025047 | Val Loss: 0.210231 | Val Corr: 0.4501
  Epoch  160/1000 | Train: 0.026254 | Val Loss: 0.185736 | Val Corr: 0.5867
  Epoch  180/1000 | Train: 0.023512 | Val Loss: 0.196082 | Val Corr: 0.5818
  Epoch  200/1000 | Train: 0.025008 | Val Loss: 0.184180 | Val Corr: 0.6047
  Epoch  220/1000 | Train: 0.027031 | Val Loss: 0.174385 | Val Corr: 0.6246
  Epoch  240/1000 | Train: 0.020893 | Val Loss: 0.191661 | Val Corr: 0.5944
  Epoch  260/1000 | Train: 0.025408 | Val Loss: 0.193120 | Val Corr: 0.5992
  Epoch  280/1000 | Train: 0.018595 | Val Loss: 0.171196 | Val Corr: 0.6321
  Epoch  300/1000 | Train: 0.020500 | Val Loss: 0.193473 | Val Corr: 0.6217
  Epoch  320/1000 | Train: 0.023727 | Val Loss: 0.198224 | Val Corr: 0.5675
  Epoch  340/1000 | Train: 0.020152 | Val Loss: 0.184698 | Val Corr: 0.6412
  Epoch  360/1000 | Train: 0.018150 | Val Loss: 0.190354 | Val Corr: 0.6375
  Epoch  380/1000 | Train: 0.017122 | Val Loss: 0.195756 | Val Corr: 0.5918
  Epoch  400/1000 | Train: 0.019037 | Val Loss: 0.201625 | Val Corr: 0.6066
  Early stopping at epoch 402
    [orthogonal] s2: R²=0.2814, MAPE=18.30%
  Epoch    1/1000 | Train: 0.105386 | Val Loss: 0.175732 | Val Corr: 0.1171
  Epoch   20/1000 | Train: 0.057924 | Val Loss: 0.180142 | Val Corr: 0.5056
  Epoch   40/1000 | Train: 0.052623 | Val Loss: 0.171857 | Val Corr: 0.5549
  Epoch   60/1000 | Train: 0.047156 | Val Loss: 0.172978 | Val Corr: 0.5168
  Epoch   80/1000 | Train: 0.040049 | Val Loss: 0.167416 | Val Corr: 0.5778
  Epoch  100/1000 | Train: 0.032693 | Val Loss: 0.163188 | Val Corr: 0.5797
  Epoch  120/1000 | Train: 0.032897 | Val Loss: 0.148496 | Val Corr: 0.5674
  Epoch  140/1000 | Train: 0.027328 | Val Loss: 0.165982 | Val Corr: 0.5719
  Epoch  160/1000 | Train: 0.023681 | Val Loss: 0.152662 | Val Corr: 0.5924
  Epoch  180/1000 | Train: 0.025219 | Val Loss: 0.153618 | Val Corr: 0.6624
  Epoch  200/1000 | Train: 0.028097 | Val Loss: 0.151320 | Val Corr: 0.6426
  Epoch  220/1000 | Train: 0.025010 | Val Loss: 0.174766 | Val Corr: 0.6031
  Epoch  240/1000 | Train: 0.021802 | Val Loss: 0.151329 | Val Corr: 0.6978
  Epoch  260/1000 | Train: 0.020177 | Val Loss: 0.172520 | Val Corr: 0.6341
  Epoch  280/1000 | Train: 0.018830 | Val Loss: 0.164127 | Val Corr: 0.6701
  Epoch  300/1000 | Train: 0.022177 | Val Loss: 0.159693 | Val Corr: 0.6971
  Epoch  320/1000 | Train: 0.021225 | Val Loss: 0.163503 | Val Corr: 0.6725
  Epoch  340/1000 | Train: 0.022259 | Val Loss: 0.170639 | Val Corr: 0.6748
  Epoch  360/1000 | Train: 0.019635 | Val Loss: 0.182851 | Val Corr: 0.6226
  Epoch  380/1000 | Train: 0.017604 | Val Loss: 0.175111 | Val Corr: 0.6678
  Epoch  400/1000 | Train: 0.019880 | Val Loss: 0.166862 | Val Corr: 0.6765
  Epoch  420/1000 | Train: 0.018508 | Val Loss: 0.170745 | Val Corr: 0.7003
  Epoch  440/1000 | Train: 0.017071 | Val Loss: 0.175278 | Val Corr: 0.6820
  Epoch  460/1000 | Train: 0.017292 | Val Loss: 0.181409 | Val Corr: 0.6232
  Epoch  480/1000 | Train: 0.018909 | Val Loss: 0.158670 | Val Corr: 0.6959
  Epoch  500/1000 | Train: 0.019360 | Val Loss: 0.172698 | Val Corr: 0.6443
  Epoch  520/1000 | Train: 0.016818 | Val Loss: 0.175607 | Val Corr: 0.6691
  Epoch  540/1000 | Train: 0.020311 | Val Loss: 0.166527 | Val Corr: 0.6710
  Epoch  560/1000 | Train: 0.017437 | Val Loss: 0.181120 | Val Corr: 0.6570
  Epoch  580/1000 | Train: 0.014946 | Val Loss: 0.170918 | Val Corr: 0.6611
  Epoch  600/1000 | Train: 0.020597 | Val Loss: 0.191611 | Val Corr: 0.6337
  Epoch  620/1000 | Train: 0.016972 | Val Loss: 0.182428 | Val Corr: 0.6461
  Epoch  640/1000 | Train: 0.017884 | Val Loss: 0.198202 | Val Corr: 0.5911
  Epoch  660/1000 | Train: 0.018607 | Val Loss: 0.183517 | Val Corr: 0.6264
  Early stopping at epoch 673
    [orthogonal] s3: R²=0.1865, MAPE=19.92%
  Epoch    1/1000 | Train: 0.089256 | Val Loss: 0.168707 | Val Corr: 0.2328
  Epoch   20/1000 | Train: 0.057224 | Val Loss: 0.167438 | Val Corr: 0.5630
  Epoch   40/1000 | Train: 0.052146 | Val Loss: 0.190668 | Val Corr: 0.5053
  Epoch   60/1000 | Train: 0.047273 | Val Loss: 0.177958 | Val Corr: 0.5304
  Epoch   80/1000 | Train: 0.038974 | Val Loss: 0.187640 | Val Corr: 0.5982
  Epoch  100/1000 | Train: 0.033873 | Val Loss: 0.181875 | Val Corr: 0.5770
  Epoch  120/1000 | Train: 0.034434 | Val Loss: 0.195702 | Val Corr: 0.5400
  Epoch  140/1000 | Train: 0.030695 | Val Loss: 0.185638 | Val Corr: 0.5782
  Epoch  160/1000 | Train: 0.025490 | Val Loss: 0.196097 | Val Corr: 0.5809
  Epoch  180/1000 | Train: 0.024040 | Val Loss: 0.188020 | Val Corr: 0.5839
  Epoch  200/1000 | Train: 0.027824 | Val Loss: 0.191061 | Val Corr: 0.6055
  Epoch  220/1000 | Train: 0.023647 | Val Loss: 0.173298 | Val Corr: 0.6310
  Epoch  240/1000 | Train: 0.024757 | Val Loss: 0.191285 | Val Corr: 0.6213
  Epoch  260/1000 | Train: 0.025559 | Val Loss: 0.170106 | Val Corr: 0.6488
  Epoch  280/1000 | Train: 0.021017 | Val Loss: 0.183259 | Val Corr: 0.6482
  Epoch  300/1000 | Train: 0.022623 | Val Loss: 0.173498 | Val Corr: 0.6224
  Epoch  320/1000 | Train: 0.021310 | Val Loss: 0.195774 | Val Corr: 0.6072
  Epoch  340/1000 | Train: 0.020119 | Val Loss: 0.166300 | Val Corr: 0.6683
  Epoch  360/1000 | Train: 0.017653 | Val Loss: 0.173852 | Val Corr: 0.6789
  Epoch  380/1000 | Train: 0.020987 | Val Loss: 0.159870 | Val Corr: 0.7046
  Epoch  400/1000 | Train: 0.020914 | Val Loss: 0.157035 | Val Corr: 0.7169
  Epoch  420/1000 | Train: 0.017960 | Val Loss: 0.170236 | Val Corr: 0.7112
  Epoch  440/1000 | Train: 0.020127 | Val Loss: 0.143876 | Val Corr: 0.7107
  Epoch  460/1000 | Train: 0.020561 | Val Loss: 0.149062 | Val Corr: 0.7039
  Epoch  480/1000 | Train: 0.021347 | Val Loss: 0.168437 | Val Corr: 0.7075
  Epoch  500/1000 | Train: 0.019375 | Val Loss: 0.156529 | Val Corr: 0.7131
  Epoch  520/1000 | Train: 0.020889 | Val Loss: 0.173445 | Val Corr: 0.7313
  Epoch  540/1000 | Train: 0.015117 | Val Loss: 0.171246 | Val Corr: 0.7079
  Epoch  560/1000 | Train: 0.019245 | Val Loss: 0.174575 | Val Corr: 0.6870
  Epoch  580/1000 | Train: 0.017623 | Val Loss: 0.167547 | Val Corr: 0.6689
  Epoch  600/1000 | Train: 0.016662 | Val Loss: 0.153142 | Val Corr: 0.6726
  Epoch  620/1000 | Train: 0.021306 | Val Loss: 0.158062 | Val Corr: 0.7175
  Epoch  640/1000 | Train: 0.017930 | Val Loss: 0.158986 | Val Corr: 0.7164
  Epoch  660/1000 | Train: 0.019349 | Val Loss: 0.138275 | Val Corr: 0.6819
  Epoch  680/1000 | Train: 0.018923 | Val Loss: 0.158069 | Val Corr: 0.6906
  Epoch  700/1000 | Train: 0.016626 | Val Loss: 0.153084 | Val Corr: 0.7144
  Early stopping at epoch 715
    [orthogonal] s4: R²=0.3199, MAPE=17.67%
  Epoch    1/1000 | Train: 0.098706 | Val Loss: 0.168135 | Val Corr: 0.2126
  Epoch   20/1000 | Train: 0.063011 | Val Loss: 0.163526 | Val Corr: 0.6172
  Epoch   40/1000 | Train: 0.051323 | Val Loss: 0.175778 | Val Corr: 0.5596
  Epoch   60/1000 | Train: 0.046986 | Val Loss: 0.173297 | Val Corr: 0.5897
  Epoch   80/1000 | Train: 0.036901 | Val Loss: 0.199766 | Val Corr: 0.4960
  Epoch  100/1000 | Train: 0.031100 | Val Loss: 0.206840 | Val Corr: 0.5101
  Epoch  120/1000 | Train: 0.028635 | Val Loss: 0.187648 | Val Corr: 0.6267
  Epoch  140/1000 | Train: 0.026340 | Val Loss: 0.181061 | Val Corr: 0.6024
  Epoch  160/1000 | Train: 0.030124 | Val Loss: 0.194893 | Val Corr: 0.5812
  Epoch  180/1000 | Train: 0.024253 | Val Loss: 0.194117 | Val Corr: 0.5609
  Epoch  200/1000 | Train: 0.028217 | Val Loss: 0.204151 | Val Corr: 0.5769
  Epoch  220/1000 | Train: 0.023177 | Val Loss: 0.192656 | Val Corr: 0.5850
  Epoch  240/1000 | Train: 0.026472 | Val Loss: 0.171600 | Val Corr: 0.6631
  Early stopping at epoch 258
    [orthogonal] s5: R²=0.1393, MAPE=19.28%
  Epoch    1/1000 | Train: 0.119009 | Val Loss: 0.182590 | Val Corr: 0.2412
  Epoch   20/1000 | Train: 0.056996 | Val Loss: 0.156679 | Val Corr: 0.5916
  Epoch   40/1000 | Train: 0.052962 | Val Loss: 0.173844 | Val Corr: 0.5621
  Epoch   60/1000 | Train: 0.044984 | Val Loss: 0.174963 | Val Corr: 0.6050
  Epoch   80/1000 | Train: 0.050447 | Val Loss: 0.178560 | Val Corr: 0.5271
  Epoch  100/1000 | Train: 0.038125 | Val Loss: 0.185523 | Val Corr: 0.5323
  Epoch  120/1000 | Train: 0.035729 | Val Loss: 0.193423 | Val Corr: 0.5619
  Epoch  140/1000 | Train: 0.028653 | Val Loss: 0.207081 | Val Corr: 0.5547
  Epoch  160/1000 | Train: 0.031598 | Val Loss: 0.200478 | Val Corr: 0.5405
  Epoch  180/1000 | Train: 0.028611 | Val Loss: 0.210363 | Val Corr: 0.5212
  Epoch  200/1000 | Train: 0.024633 | Val Loss: 0.197591 | Val Corr: 0.5806
  Epoch  220/1000 | Train: 0.028877 | Val Loss: 0.195814 | Val Corr: 0.5859
  Epoch  240/1000 | Train: 0.024898 | Val Loss: 0.210846 | Val Corr: 0.5157
  Epoch  260/1000 | Train: 0.025530 | Val Loss: 0.216140 | Val Corr: 0.5361
  Early stopping at epoch 269
    [orthogonal] s6: R²=0.2849, MAPE=19.29%
  Epoch    1/1000 | Train: 0.124898 | Val Loss: 0.171355 | Val Corr: 0.2711
  Epoch   20/1000 | Train: 0.056100 | Val Loss: 0.166067 | Val Corr: 0.5659
  Epoch   40/1000 | Train: 0.049409 | Val Loss: 0.175302 | Val Corr: 0.4763
  Epoch   60/1000 | Train: 0.044287 | Val Loss: 0.177373 | Val Corr: 0.6021
  Epoch   80/1000 | Train: 0.035921 | Val Loss: 0.172200 | Val Corr: 0.6711
  Epoch  100/1000 | Train: 0.034700 | Val Loss: 0.201504 | Val Corr: 0.5448
  Epoch  120/1000 | Train: 0.030101 | Val Loss: 0.194938 | Val Corr: 0.6026
  Epoch  140/1000 | Train: 0.029132 | Val Loss: 0.187743 | Val Corr: 0.5878
  Epoch  160/1000 | Train: 0.024228 | Val Loss: 0.190764 | Val Corr: 0.6109
  Epoch  180/1000 | Train: 0.023455 | Val Loss: 0.185930 | Val Corr: 0.6311
  Epoch  200/1000 | Train: 0.026932 | Val Loss: 0.173641 | Val Corr: 0.6704
  Epoch  220/1000 | Train: 0.025874 | Val Loss: 0.169430 | Val Corr: 0.6589
  Epoch  240/1000 | Train: 0.021702 | Val Loss: 0.192007 | Val Corr: 0.6193
  Epoch  260/1000 | Train: 0.020889 | Val Loss: 0.191689 | Val Corr: 0.6201
  Epoch  280/1000 | Train: 0.022042 | Val Loss: 0.181909 | Val Corr: 0.6455
  Epoch  300/1000 | Train: 0.021458 | Val Loss: 0.190331 | Val Corr: 0.5989
  Epoch  320/1000 | Train: 0.021289 | Val Loss: 0.191233 | Val Corr: 0.6344
  Epoch  340/1000 | Train: 0.020026 | Val Loss: 0.172099 | Val Corr: 0.6717
  Epoch  360/1000 | Train: 0.017749 | Val Loss: 0.189356 | Val Corr: 0.6599
  Epoch  380/1000 | Train: 0.020792 | Val Loss: 0.207409 | Val Corr: 0.5563
  Epoch  400/1000 | Train: 0.017245 | Val Loss: 0.197078 | Val Corr: 0.5907
  Early stopping at epoch 415
    [orthogonal] s8: R²=0.1590, MAPE=21.41%
  Epoch    1/1000 | Train: 0.105367 | Val Loss: 0.164427 | Val Corr: 0.4146
  Epoch   20/1000 | Train: 0.060704 | Val Loss: 0.151961 | Val Corr: 0.5805
  Epoch   40/1000 | Train: 0.049969 | Val Loss: 0.178620 | Val Corr: 0.5435
  Epoch   60/1000 | Train: 0.046785 | Val Loss: 0.164484 | Val Corr: 0.6369
  Epoch   80/1000 | Train: 0.037042 | Val Loss: 0.178100 | Val Corr: 0.5307
  Epoch  100/1000 | Train: 0.028093 | Val Loss: 0.189867 | Val Corr: 0.5118
  Epoch  120/1000 | Train: 0.031133 | Val Loss: 0.167789 | Val Corr: 0.5678
  Epoch  140/1000 | Train: 0.029690 | Val Loss: 0.180382 | Val Corr: 0.6354
  Epoch  160/1000 | Train: 0.026660 | Val Loss: 0.175745 | Val Corr: 0.6366
  Epoch  180/1000 | Train: 0.025533 | Val Loss: 0.189812 | Val Corr: 0.5671
  Epoch  200/1000 | Train: 0.027138 | Val Loss: 0.188780 | Val Corr: 0.5766
  Epoch  220/1000 | Train: 0.022328 | Val Loss: 0.199756 | Val Corr: 0.5612
  Epoch  240/1000 | Train: 0.020774 | Val Loss: 0.200998 | Val Corr: 0.5538
  Epoch  260/1000 | Train: 0.019583 | Val Loss: 0.180438 | Val Corr: 0.6211
  Early stopping at epoch 260
    [orthogonal] s9: R²=0.3604, MAPE=18.77%
  Epoch    1/1000 | Train: 0.101343 | Val Loss: 0.165272 | Val Corr: 0.3393
  Epoch   20/1000 | Train: 0.061469 | Val Loss: 0.161568 | Val Corr: 0.5931
  Epoch   40/1000 | Train: 0.047059 | Val Loss: 0.169092 | Val Corr: 0.5986
  Epoch   60/1000 | Train: 0.041318 | Val Loss: 0.183239 | Val Corr: 0.5655
  Epoch   80/1000 | Train: 0.040575 | Val Loss: 0.176230 | Val Corr: 0.5770
  Epoch  100/1000 | Train: 0.031560 | Val Loss: 0.188595 | Val Corr: 0.6034
  Epoch  120/1000 | Train: 0.034077 | Val Loss: 0.201676 | Val Corr: 0.5243
  Epoch  140/1000 | Train: 0.029695 | Val Loss: 0.198985 | Val Corr: 0.5850
  Epoch  160/1000 | Train: 0.023386 | Val Loss: 0.206599 | Val Corr: 0.5534
  Epoch  180/1000 | Train: 0.028102 | Val Loss: 0.205118 | Val Corr: 0.5494
  Epoch  200/1000 | Train: 0.023874 | Val Loss: 0.202048 | Val Corr: 0.5995
  Epoch  220/1000 | Train: 0.023649 | Val Loss: 0.211810 | Val Corr: 0.5256
  Epoch  240/1000 | Train: 0.023471 | Val Loss: 0.211984 | Val Corr: 0.5352
  Epoch  260/1000 | Train: 0.023238 | Val Loss: 0.215667 | Val Corr: 0.4972
  Early stopping at epoch 272
    [orthogonal] s10: R²=0.3247, MAPE=17.14%
  Epoch    1/1000 | Train: 0.120855 | Val Loss: 0.173532 | Val Corr: 0.1866
  Epoch   20/1000 | Train: 0.059900 | Val Loss: 0.132694 | Val Corr: 0.5944
  Epoch   40/1000 | Train: 0.045092 | Val Loss: 0.170613 | Val Corr: 0.5582
  Epoch   60/1000 | Train: 0.046466 | Val Loss: 0.177046 | Val Corr: 0.6317
  Epoch   80/1000 | Train: 0.038013 | Val Loss: 0.180410 | Val Corr: 0.6281
  Epoch  100/1000 | Train: 0.032808 | Val Loss: 0.184030 | Val Corr: 0.6144
  Epoch  120/1000 | Train: 0.028681 | Val Loss: 0.188499 | Val Corr: 0.6133
  Epoch  140/1000 | Train: 0.030793 | Val Loss: 0.183574 | Val Corr: 0.6003
  Epoch  160/1000 | Train: 0.024914 | Val Loss: 0.200521 | Val Corr: 0.6031
  Epoch  180/1000 | Train: 0.024862 | Val Loss: 0.199903 | Val Corr: 0.5774
  Epoch  200/1000 | Train: 0.023360 | Val Loss: 0.194360 | Val Corr: 0.6057
  Epoch  220/1000 | Train: 0.023662 | Val Loss: 0.191748 | Val Corr: 0.6103
  Epoch  240/1000 | Train: 0.019766 | Val Loss: 0.206444 | Val Corr: 0.5698
  Epoch  260/1000 | Train: 0.019475 | Val Loss: 0.198289 | Val Corr: 0.6385
  Early stopping at epoch 270
    [orthogonal] s11: R²=0.3923, MAPE=18.56%
  Epoch    1/1000 | Train: 0.098170 | Val Loss: 0.163480 | Val Corr: 0.1929
  Epoch   20/1000 | Train: 0.057700 | Val Loss: 0.168377 | Val Corr: 0.5627
  Epoch   40/1000 | Train: 0.048789 | Val Loss: 0.178151 | Val Corr: 0.5340
  Epoch   60/1000 | Train: 0.036854 | Val Loss: 0.187623 | Val Corr: 0.4803
  Epoch   80/1000 | Train: 0.040259 | Val Loss: 0.183457 | Val Corr: 0.5614
  Epoch  100/1000 | Train: 0.031149 | Val Loss: 0.199142 | Val Corr: 0.5129
  Epoch  120/1000 | Train: 0.027923 | Val Loss: 0.214102 | Val Corr: 0.4995
  Epoch  140/1000 | Train: 0.027280 | Val Loss: 0.199581 | Val Corr: 0.5502
  Epoch  160/1000 | Train: 0.026949 | Val Loss: 0.220709 | Val Corr: 0.4723
  Epoch  180/1000 | Train: 0.024792 | Val Loss: 0.213600 | Val Corr: 0.4485
  Epoch  200/1000 | Train: 0.024416 | Val Loss: 0.216459 | Val Corr: 0.5143
  Epoch  220/1000 | Train: 0.024280 | Val Loss: 0.207781 | Val Corr: 0.4936
  Epoch  240/1000 | Train: 0.023576 | Val Loss: 0.208492 | Val Corr: 0.4841
  Epoch  260/1000 | Train: 0.022838 | Val Loss: 0.215703 | Val Corr: 0.5287
  Epoch  280/1000 | Train: 0.021316 | Val Loss: 0.217661 | Val Corr: 0.4514
  Early stopping at epoch 284
    [orthogonal] s12: R²=0.3313, MAPE=14.87%
  Epoch    1/1000 | Train: 0.115371 | Val Loss: 0.166892 | Val Corr: 0.3097
  Epoch   20/1000 | Train: 0.055888 | Val Loss: 0.158407 | Val Corr: 0.6218
  Epoch   40/1000 | Train: 0.050470 | Val Loss: 0.178271 | Val Corr: 0.5802
  Epoch   60/1000 | Train: 0.040886 | Val Loss: 0.173658 | Val Corr: 0.6398
  Epoch   80/1000 | Train: 0.036816 | Val Loss: 0.177157 | Val Corr: 0.5949
  Epoch  100/1000 | Train: 0.034929 | Val Loss: 0.156360 | Val Corr: 0.6835
  Epoch  120/1000 | Train: 0.032705 | Val Loss: 0.177491 | Val Corr: 0.6699
  Epoch  140/1000 | Train: 0.029387 | Val Loss: 0.173418 | Val Corr: 0.6429
  Epoch  160/1000 | Train: 0.025224 | Val Loss: 0.177763 | Val Corr: 0.6617
  Epoch  180/1000 | Train: 0.024112 | Val Loss: 0.172267 | Val Corr: 0.6711
  Epoch  200/1000 | Train: 0.023723 | Val Loss: 0.169866 | Val Corr: 0.6725
  Epoch  220/1000 | Train: 0.021919 | Val Loss: 0.166943 | Val Corr: 0.6864
  Epoch  240/1000 | Train: 0.023564 | Val Loss: 0.157180 | Val Corr: 0.6990
  Epoch  260/1000 | Train: 0.020238 | Val Loss: 0.164038 | Val Corr: 0.6917
  Epoch  280/1000 | Train: 0.023427 | Val Loss: 0.166325 | Val Corr: 0.6697
  Epoch  300/1000 | Train: 0.022524 | Val Loss: 0.171524 | Val Corr: 0.6866
  Epoch  320/1000 | Train: 0.022779 | Val Loss: 0.164176 | Val Corr: 0.6744
  Epoch  340/1000 | Train: 0.019143 | Val Loss: 0.167512 | Val Corr: 0.6925
  Epoch  360/1000 | Train: 0.021652 | Val Loss: 0.162651 | Val Corr: 0.6726
  Epoch  380/1000 | Train: 0.018448 | Val Loss: 0.169703 | Val Corr: 0.7000
  Epoch  400/1000 | Train: 0.022036 | Val Loss: 0.170915 | Val Corr: 0.6371
  Epoch  420/1000 | Train: 0.020508 | Val Loss: 0.164374 | Val Corr: 0.6804
  Epoch  440/1000 | Train: 0.019401 | Val Loss: 0.172787 | Val Corr: 0.6856
  Epoch  460/1000 | Train: 0.019825 | Val Loss: 0.164412 | Val Corr: 0.7389
  Epoch  480/1000 | Train: 0.018772 | Val Loss: 0.158897 | Val Corr: 0.7316
  Epoch  500/1000 | Train: 0.017580 | Val Loss: 0.163485 | Val Corr: 0.7098
  Epoch  520/1000 | Train: 0.017736 | Val Loss: 0.157633 | Val Corr: 0.7020
  Epoch  540/1000 | Train: 0.018794 | Val Loss: 0.163440 | Val Corr: 0.6766
  Epoch  560/1000 | Train: 0.017662 | Val Loss: 0.158083 | Val Corr: 0.7242
  Epoch  580/1000 | Train: 0.018298 | Val Loss: 0.168680 | Val Corr: 0.7105
  Epoch  600/1000 | Train: 0.019262 | Val Loss: 0.150935 | Val Corr: 0.6970
  Epoch  620/1000 | Train: 0.019478 | Val Loss: 0.165206 | Val Corr: 0.6864
  Epoch  640/1000 | Train: 0.019389 | Val Loss: 0.157391 | Val Corr: 0.7017
  Epoch  660/1000 | Train: 0.015443 | Val Loss: 0.169168 | Val Corr: 0.6809
  Epoch  680/1000 | Train: 0.016498 | Val Loss: 0.158909 | Val Corr: 0.7123
  Epoch  700/1000 | Train: 0.019626 | Val Loss: 0.159142 | Val Corr: 0.7235
  Epoch  720/1000 | Train: 0.018042 | Val Loss: 0.168674 | Val Corr: 0.6519
  Epoch  740/1000 | Train: 0.016090 | Val Loss: 0.162866 | Val Corr: 0.7096
  Epoch  760/1000 | Train: 0.019353 | Val Loss: 0.159310 | Val Corr: 0.7177
  Epoch  780/1000 | Train: 0.017312 | Val Loss: 0.160137 | Val Corr: 0.7171
  Early stopping at epoch 799
    [orthogonal] s14: R²=0.3004, MAPE=18.26%
  Epoch    1/1000 | Train: 0.099212 | Val Loss: 0.166378 | Val Corr: 0.2168
  Epoch   20/1000 | Train: 0.056897 | Val Loss: 0.158135 | Val Corr: 0.6105
  Epoch   40/1000 | Train: 0.048972 | Val Loss: 0.171005 | Val Corr: 0.5748
  Epoch   60/1000 | Train: 0.044776 | Val Loss: 0.166363 | Val Corr: 0.5569
  Epoch   80/1000 | Train: 0.035618 | Val Loss: 0.185798 | Val Corr: 0.5968
  Epoch  100/1000 | Train: 0.028633 | Val Loss: 0.204200 | Val Corr: 0.5125
  Epoch  120/1000 | Train: 0.032113 | Val Loss: 0.177047 | Val Corr: 0.6208
  Epoch  140/1000 | Train: 0.028189 | Val Loss: 0.195201 | Val Corr: 0.5672
  Epoch  160/1000 | Train: 0.027664 | Val Loss: 0.200287 | Val Corr: 0.5486
  Epoch  180/1000 | Train: 0.025326 | Val Loss: 0.197477 | Val Corr: 0.5725
  Epoch  200/1000 | Train: 0.022960 | Val Loss: 0.198093 | Val Corr: 0.5315
  Epoch  220/1000 | Train: 0.025018 | Val Loss: 0.199476 | Val Corr: 0.5628
  Epoch  240/1000 | Train: 0.021912 | Val Loss: 0.208768 | Val Corr: 0.5503
  Epoch  260/1000 | Train: 0.022488 | Val Loss: 0.208432 | Val Corr: 0.5811
  Epoch  280/1000 | Train: 0.025440 | Val Loss: 0.203294 | Val Corr: 0.5785
  Epoch  300/1000 | Train: 0.022147 | Val Loss: 0.210695 | Val Corr: 0.5198
  Epoch  320/1000 | Train: 0.021246 | Val Loss: 0.222792 | Val Corr: 0.5097
  Early stopping at epoch 336
    [orthogonal] s15: R²=0.3241, MAPE=16.81%
  Epoch    1/1000 | Train: 0.105550 | Val Loss: 0.166304 | Val Corr: 0.2125
  Epoch   20/1000 | Train: 0.062857 | Val Loss: 0.145217 | Val Corr: 0.6343
  Epoch   40/1000 | Train: 0.047106 | Val Loss: 0.145362 | Val Corr: 0.6609
  Epoch   60/1000 | Train: 0.044050 | Val Loss: 0.151786 | Val Corr: 0.6396
  Epoch   80/1000 | Train: 0.037068 | Val Loss: 0.159555 | Val Corr: 0.6195
  Epoch  100/1000 | Train: 0.030246 | Val Loss: 0.164022 | Val Corr: 0.6370
  Epoch  120/1000 | Train: 0.027103 | Val Loss: 0.175118 | Val Corr: 0.6004
  Epoch  140/1000 | Train: 0.028636 | Val Loss: 0.178205 | Val Corr: 0.6178
  Epoch  160/1000 | Train: 0.024524 | Val Loss: 0.172758 | Val Corr: 0.6277
  Epoch  180/1000 | Train: 0.024399 | Val Loss: 0.167136 | Val Corr: 0.5899
  Epoch  200/1000 | Train: 0.021711 | Val Loss: 0.188410 | Val Corr: 0.5871
  Epoch  220/1000 | Train: 0.019745 | Val Loss: 0.183453 | Val Corr: 0.6084
  Epoch  240/1000 | Train: 0.023473 | Val Loss: 0.179578 | Val Corr: 0.5997
  Epoch  260/1000 | Train: 0.022312 | Val Loss: 0.180067 | Val Corr: 0.6235
  Epoch  280/1000 | Train: 0.020230 | Val Loss: 0.189733 | Val Corr: 0.5843
  Early stopping at epoch 281
    [orthogonal] s16: R²=0.2919, MAPE=19.39%
  Epoch    1/1000 | Train: 0.126828 | Val Loss: 0.188775 | Val Corr: 0.2225
  Epoch   20/1000 | Train: 0.058218 | Val Loss: 0.168506 | Val Corr: 0.5623
  Epoch   40/1000 | Train: 0.047441 | Val Loss: 0.171427 | Val Corr: 0.5775
  Epoch   60/1000 | Train: 0.040635 | Val Loss: 0.183801 | Val Corr: 0.6144
  Epoch   80/1000 | Train: 0.033204 | Val Loss: 0.184584 | Val Corr: 0.5809
  Epoch  100/1000 | Train: 0.034279 | Val Loss: 0.180526 | Val Corr: 0.6406
  Epoch  120/1000 | Train: 0.028381 | Val Loss: 0.184477 | Val Corr: 0.6132
  Epoch  140/1000 | Train: 0.032002 | Val Loss: 0.184880 | Val Corr: 0.6714
  Epoch  160/1000 | Train: 0.029234 | Val Loss: 0.203803 | Val Corr: 0.5693
  Epoch  180/1000 | Train: 0.025706 | Val Loss: 0.205200 | Val Corr: 0.5778
  Epoch  200/1000 | Train: 0.023001 | Val Loss: 0.206932 | Val Corr: 0.5021
  Epoch  220/1000 | Train: 0.022169 | Val Loss: 0.202622 | Val Corr: 0.6010
  Epoch  240/1000 | Train: 0.023469 | Val Loss: 0.192509 | Val Corr: 0.6348
  Epoch  260/1000 | Train: 0.017563 | Val Loss: 0.195626 | Val Corr: 0.5976
  Epoch  280/1000 | Train: 0.022987 | Val Loss: 0.192534 | Val Corr: 0.6211
  Epoch  300/1000 | Train: 0.021192 | Val Loss: 0.189478 | Val Corr: 0.6103
  Early stopping at epoch 315
    [orthogonal] s17: R²=0.4073, MAPE=17.39%
  Epoch    1/1000 | Train: 0.115111 | Val Loss: 0.181914 | Val Corr: 0.0494
  Epoch   20/1000 | Train: 0.056769 | Val Loss: 0.164360 | Val Corr: 0.5622
  Epoch   40/1000 | Train: 0.052183 | Val Loss: 0.170831 | Val Corr: 0.5936
  Epoch   60/1000 | Train: 0.044523 | Val Loss: 0.185052 | Val Corr: 0.5337
  Epoch   80/1000 | Train: 0.040952 | Val Loss: 0.194830 | Val Corr: 0.4994
  Epoch  100/1000 | Train: 0.032610 | Val Loss: 0.190791 | Val Corr: 0.5838
  Epoch  120/1000 | Train: 0.026512 | Val Loss: 0.208345 | Val Corr: 0.4883
  Epoch  140/1000 | Train: 0.029829 | Val Loss: 0.198506 | Val Corr: 0.5518
  Epoch  160/1000 | Train: 0.026813 | Val Loss: 0.195264 | Val Corr: 0.5512
  Epoch  180/1000 | Train: 0.026554 | Val Loss: 0.195651 | Val Corr: 0.5550
  Epoch  200/1000 | Train: 0.025592 | Val Loss: 0.197026 | Val Corr: 0.5371
  Epoch  220/1000 | Train: 0.022601 | Val Loss: 0.197097 | Val Corr: 0.5877
  Epoch  240/1000 | Train: 0.022549 | Val Loss: 0.201867 | Val Corr: 0.5610
  Epoch  260/1000 | Train: 0.020258 | Val Loss: 0.196872 | Val Corr: 0.5836
  Epoch  280/1000 | Train: 0.021632 | Val Loss: 0.182476 | Val Corr: 0.5981
  Early stopping at epoch 288
    [orthogonal] s18: R²=0.2357, MAPE=18.16%
  Epoch    1/1000 | Train: 0.114040 | Val Loss: 0.177076 | Val Corr: 0.2912
  Epoch   20/1000 | Train: 0.064076 | Val Loss: 0.165077 | Val Corr: 0.6027
  Epoch   40/1000 | Train: 0.043232 | Val Loss: 0.174419 | Val Corr: 0.6113
  Epoch   60/1000 | Train: 0.045419 | Val Loss: 0.189537 | Val Corr: 0.5801
  Epoch   80/1000 | Train: 0.037943 | Val Loss: 0.192979 | Val Corr: 0.5580
  Epoch  100/1000 | Train: 0.034522 | Val Loss: 0.195375 | Val Corr: 0.5923
  Epoch  120/1000 | Train: 0.029741 | Val Loss: 0.202839 | Val Corr: 0.5951
  Epoch  140/1000 | Train: 0.027927 | Val Loss: 0.199646 | Val Corr: 0.6048
  Epoch  160/1000 | Train: 0.027256 | Val Loss: 0.202593 | Val Corr: 0.6067
  Epoch  180/1000 | Train: 0.024441 | Val Loss: 0.199812 | Val Corr: 0.5898
  Epoch  200/1000 | Train: 0.023507 | Val Loss: 0.188784 | Val Corr: 0.6438
  Epoch  220/1000 | Train: 0.021424 | Val Loss: 0.190252 | Val Corr: 0.5956
  Epoch  240/1000 | Train: 0.021811 | Val Loss: 0.182428 | Val Corr: 0.6362
  Epoch  260/1000 | Train: 0.024551 | Val Loss: 0.188532 | Val Corr: 0.6360
  Epoch  280/1000 | Train: 0.030914 | Val Loss: 0.180258 | Val Corr: 0.6598
  Epoch  300/1000 | Train: 0.021344 | Val Loss: 0.190039 | Val Corr: 0.6169
  Epoch  320/1000 | Train: 0.019990 | Val Loss: 0.188813 | Val Corr: 0.6206
  Epoch  340/1000 | Train: 0.019260 | Val Loss: 0.196463 | Val Corr: 0.5930
  Epoch  360/1000 | Train: 0.017286 | Val Loss: 0.192268 | Val Corr: 0.6208
  Epoch  380/1000 | Train: 0.020499 | Val Loss: 0.180231 | Val Corr: 0.6260
  Epoch  400/1000 | Train: 0.020269 | Val Loss: 0.186594 | Val Corr: 0.5963
  Epoch  420/1000 | Train: 0.021166 | Val Loss: 0.186541 | Val Corr: 0.6408
  Epoch  440/1000 | Train: 0.019782 | Val Loss: 0.195086 | Val Corr: 0.6001
  Early stopping at epoch 446
    [orthogonal] s19: R²=0.2862, MAPE=18.07%
  Epoch    1/1000 | Train: 0.111948 | Val Loss: 0.180426 | Val Corr: 0.2424
  Epoch   20/1000 | Train: 0.059997 | Val Loss: 0.159522 | Val Corr: 0.4946
  Epoch   40/1000 | Train: 0.048376 | Val Loss: 0.168671 | Val Corr: 0.5315
  Epoch   60/1000 | Train: 0.044848 | Val Loss: 0.159098 | Val Corr: 0.6444
  Epoch   80/1000 | Train: 0.039082 | Val Loss: 0.170233 | Val Corr: 0.6066
  Epoch  100/1000 | Train: 0.034588 | Val Loss: 0.179786 | Val Corr: 0.5595
  Epoch  120/1000 | Train: 0.029719 | Val Loss: 0.187643 | Val Corr: 0.5721
  Epoch  140/1000 | Train: 0.028153 | Val Loss: 0.183695 | Val Corr: 0.6085
  Epoch  160/1000 | Train: 0.024655 | Val Loss: 0.209681 | Val Corr: 0.5362
  Epoch  180/1000 | Train: 0.022270 | Val Loss: 0.185101 | Val Corr: 0.6093
  Epoch  200/1000 | Train: 0.027643 | Val Loss: 0.178612 | Val Corr: 0.5915
  Epoch  220/1000 | Train: 0.026079 | Val Loss: 0.200083 | Val Corr: 0.4992
  Epoch  240/1000 | Train: 0.023826 | Val Loss: 0.202094 | Val Corr: 0.5718
  Epoch  260/1000 | Train: 0.021455 | Val Loss: 0.196989 | Val Corr: 0.5607
  Epoch  280/1000 | Train: 0.021473 | Val Loss: 0.203921 | Val Corr: 0.5603
  Epoch  300/1000 | Train: 0.020563 | Val Loss: 0.196863 | Val Corr: 0.5487
  Early stopping at epoch 304
    [orthogonal] s20: R²=0.2789, MAPE=18.40%
  Epoch    1/1000 | Train: 0.123365 | Val Loss: 0.166898 | Val Corr: 0.2135
  Epoch   20/1000 | Train: 0.066127 | Val Loss: 0.151788 | Val Corr: 0.5330
  Epoch   40/1000 | Train: 0.051632 | Val Loss: 0.159399 | Val Corr: 0.5345
  Epoch   60/1000 | Train: 0.044162 | Val Loss: 0.153050 | Val Corr: 0.5314
  Epoch   80/1000 | Train: 0.039922 | Val Loss: 0.170928 | Val Corr: 0.5807
  Epoch  100/1000 | Train: 0.041598 | Val Loss: 0.165622 | Val Corr: 0.6339
  Epoch  120/1000 | Train: 0.028563 | Val Loss: 0.172345 | Val Corr: 0.5854
  Epoch  140/1000 | Train: 0.030654 | Val Loss: 0.181165 | Val Corr: 0.5897
  Epoch  160/1000 | Train: 0.027998 | Val Loss: 0.176403 | Val Corr: 0.6145
  Epoch  180/1000 | Train: 0.028661 | Val Loss: 0.187638 | Val Corr: 0.6005
  Epoch  200/1000 | Train: 0.024029 | Val Loss: 0.177360 | Val Corr: 0.6051
  Epoch  220/1000 | Train: 0.026946 | Val Loss: 0.180942 | Val Corr: 0.6104
  Epoch  240/1000 | Train: 0.021392 | Val Loss: 0.185314 | Val Corr: 0.5825
  Epoch  260/1000 | Train: 0.019780 | Val Loss: 0.178863 | Val Corr: 0.6498
  Epoch  280/1000 | Train: 0.022367 | Val Loss: 0.172603 | Val Corr: 0.6419
  Early stopping at epoch 296
    [orthogonal] s21: R²=0.3415, MAPE=16.55%
  Epoch    1/1000 | Train: 0.101201 | Val Loss: 0.174185 | Val Corr: 0.1962
  Epoch   20/1000 | Train: 0.062516 | Val Loss: 0.180624 | Val Corr: 0.5203
  Epoch   40/1000 | Train: 0.049455 | Val Loss: 0.175160 | Val Corr: 0.5668
  Epoch   60/1000 | Train: 0.044882 | Val Loss: 0.171082 | Val Corr: 0.5796
  Epoch   80/1000 | Train: 0.037505 | Val Loss: 0.184253 | Val Corr: 0.6065
  Epoch  100/1000 | Train: 0.034826 | Val Loss: 0.187645 | Val Corr: 0.5987
  Epoch  120/1000 | Train: 0.030063 | Val Loss: 0.202312 | Val Corr: 0.5577
  Epoch  140/1000 | Train: 0.024774 | Val Loss: 0.185946 | Val Corr: 0.5971
  Epoch  160/1000 | Train: 0.024163 | Val Loss: 0.186018 | Val Corr: 0.5884
  Epoch  180/1000 | Train: 0.023755 | Val Loss: 0.172260 | Val Corr: 0.6568
  Epoch  200/1000 | Train: 0.023473 | Val Loss: 0.185077 | Val Corr: 0.5838
  Epoch  220/1000 | Train: 0.021174 | Val Loss: 0.192058 | Val Corr: 0.6068
  Epoch  240/1000 | Train: 0.021122 | Val Loss: 0.180069 | Val Corr: 0.6351
  Epoch  260/1000 | Train: 0.024103 | Val Loss: 0.168211 | Val Corr: 0.6474
  Epoch  280/1000 | Train: 0.022554 | Val Loss: 0.179344 | Val Corr: 0.6600
  Epoch  300/1000 | Train: 0.019120 | Val Loss: 0.171762 | Val Corr: 0.6419
  Epoch  320/1000 | Train: 0.021810 | Val Loss: 0.178707 | Val Corr: 0.6319
  Epoch  340/1000 | Train: 0.019358 | Val Loss: 0.182625 | Val Corr: 0.6459
  Epoch  360/1000 | Train: 0.022018 | Val Loss: 0.188099 | Val Corr: 0.6545
  Epoch  380/1000 | Train: 0.019298 | Val Loss: 0.182440 | Val Corr: 0.6743
  Epoch  400/1000 | Train: 0.021053 | Val Loss: 0.187368 | Val Corr: 0.6207
  Epoch  420/1000 | Train: 0.018040 | Val Loss: 0.175052 | Val Corr: 0.6355
  Epoch  440/1000 | Train: 0.021471 | Val Loss: 0.167657 | Val Corr: 0.6518
  Early stopping at epoch 445
    [orthogonal] s22: R²=0.4163, MAPE=17.47%
  Epoch    1/1000 | Train: 0.101379 | Val Loss: 0.177491 | Val Corr: 0.1828
  Epoch   20/1000 | Train: 0.054351 | Val Loss: 0.178747 | Val Corr: 0.5829
  Epoch   40/1000 | Train: 0.047645 | Val Loss: 0.164012 | Val Corr: 0.6075
  Epoch   60/1000 | Train: 0.045106 | Val Loss: 0.175296 | Val Corr: 0.6086
  Epoch   80/1000 | Train: 0.036943 | Val Loss: 0.177185 | Val Corr: 0.6377
  Epoch  100/1000 | Train: 0.035547 | Val Loss: 0.201770 | Val Corr: 0.5943
  Epoch  120/1000 | Train: 0.031181 | Val Loss: 0.197120 | Val Corr: 0.5984
  Epoch  140/1000 | Train: 0.027317 | Val Loss: 0.193641 | Val Corr: 0.6463
  Epoch  160/1000 | Train: 0.022588 | Val Loss: 0.199707 | Val Corr: 0.6520
  Epoch  180/1000 | Train: 0.025511 | Val Loss: 0.194616 | Val Corr: 0.6550
  Epoch  200/1000 | Train: 0.024310 | Val Loss: 0.195257 | Val Corr: 0.6568
  Epoch  220/1000 | Train: 0.025946 | Val Loss: 0.192048 | Val Corr: 0.6770
  Epoch  240/1000 | Train: 0.021859 | Val Loss: 0.181852 | Val Corr: 0.7043
  Epoch  260/1000 | Train: 0.021529 | Val Loss: 0.176861 | Val Corr: 0.6683
  Epoch  280/1000 | Train: 0.022326 | Val Loss: 0.199444 | Val Corr: 0.6519
  Epoch  300/1000 | Train: 0.022128 | Val Loss: 0.199067 | Val Corr: 0.6188
  Epoch  320/1000 | Train: 0.020718 | Val Loss: 0.201411 | Val Corr: 0.6320
  Epoch  340/1000 | Train: 0.021211 | Val Loss: 0.186302 | Val Corr: 0.6657
  Epoch  360/1000 | Train: 0.021571 | Val Loss: 0.171710 | Val Corr: 0.7140
  Epoch  380/1000 | Train: 0.018905 | Val Loss: 0.190412 | Val Corr: 0.6706
  Epoch  400/1000 | Train: 0.021296 | Val Loss: 0.194390 | Val Corr: 0.6361
  Epoch  420/1000 | Train: 0.019511 | Val Loss: 0.182456 | Val Corr: 0.6914
  Epoch  440/1000 | Train: 0.018353 | Val Loss: 0.184032 | Val Corr: 0.6922
  Epoch  460/1000 | Train: 0.018565 | Val Loss: 0.165014 | Val Corr: 0.7164
  Epoch  480/1000 | Train: 0.020785 | Val Loss: 0.181522 | Val Corr: 0.6651
  Epoch  500/1000 | Train: 0.019959 | Val Loss: 0.179092 | Val Corr: 0.6750
  Epoch  520/1000 | Train: 0.019436 | Val Loss: 0.190233 | Val Corr: 0.6660
  Epoch  540/1000 | Train: 0.020524 | Val Loss: 0.178423 | Val Corr: 0.6713
  Epoch  560/1000 | Train: 0.020681 | Val Loss: 0.171942 | Val Corr: 0.6810
  Epoch  580/1000 | Train: 0.018482 | Val Loss: 0.177276 | Val Corr: 0.6782
  Epoch  600/1000 | Train: 0.017888 | Val Loss: 0.166717 | Val Corr: 0.6877
  Epoch  620/1000 | Train: 0.022527 | Val Loss: 0.159620 | Val Corr: 0.7033
  Epoch  640/1000 | Train: 0.019510 | Val Loss: 0.171711 | Val Corr: 0.6852
  Epoch  660/1000 | Train: 0.018416 | Val Loss: 0.176250 | Val Corr: 0.6672
  Epoch  680/1000 | Train: 0.020872 | Val Loss: 0.174074 | Val Corr: 0.6666
  Epoch  700/1000 | Train: 0.017739 | Val Loss: 0.156351 | Val Corr: 0.7021
  Epoch  720/1000 | Train: 0.021040 | Val Loss: 0.160226 | Val Corr: 0.6906
  Epoch  740/1000 | Train: 0.020078 | Val Loss: 0.174084 | Val Corr: 0.6269
  Epoch  760/1000 | Train: 0.020396 | Val Loss: 0.186059 | Val Corr: 0.6194
  Epoch  780/1000 | Train: 0.016523 | Val Loss: 0.175200 | Val Corr: 0.6788
  Epoch  800/1000 | Train: 0.017654 | Val Loss: 0.187091 | Val Corr: 0.6136
  Early stopping at epoch 802
    [orthogonal] s23: R²=0.2802, MAPE=20.50%
  Epoch    1/1000 | Train: 0.112755 | Val Loss: 0.155479 | Val Corr: 0.1871
  Epoch   20/1000 | Train: 0.062120 | Val Loss: 0.175680 | Val Corr: 0.2645
  Epoch   40/1000 | Train: 0.052715 | Val Loss: 0.175813 | Val Corr: 0.4268
  Epoch   60/1000 | Train: 0.050109 | Val Loss: 0.172137 | Val Corr: 0.5770
  Epoch   80/1000 | Train: 0.039577 | Val Loss: 0.201552 | Val Corr: 0.4518
  Epoch  100/1000 | Train: 0.028262 | Val Loss: 0.191082 | Val Corr: 0.5878
  Epoch  120/1000 | Train: 0.032131 | Val Loss: 0.178345 | Val Corr: 0.5632
  Epoch  140/1000 | Train: 0.035248 | Val Loss: 0.191073 | Val Corr: 0.5365
  Epoch  160/1000 | Train: 0.027604 | Val Loss: 0.177308 | Val Corr: 0.6104
  Epoch  180/1000 | Train: 0.023784 | Val Loss: 0.173381 | Val Corr: 0.5948
  Epoch  200/1000 | Train: 0.023139 | Val Loss: 0.196265 | Val Corr: 0.6059
  Epoch  220/1000 | Train: 0.021349 | Val Loss: 0.174254 | Val Corr: 0.6386
  Epoch  240/1000 | Train: 0.023502 | Val Loss: 0.177721 | Val Corr: 0.6109
  Epoch  260/1000 | Train: 0.019578 | Val Loss: 0.193347 | Val Corr: 0.6098
  Epoch  280/1000 | Train: 0.022873 | Val Loss: 0.179522 | Val Corr: 0.6274
  Epoch  300/1000 | Train: 0.019013 | Val Loss: 0.189799 | Val Corr: 0.6210
  Epoch  320/1000 | Train: 0.023247 | Val Loss: 0.183310 | Val Corr: 0.6059
  Epoch  340/1000 | Train: 0.020267 | Val Loss: 0.189909 | Val Corr: 0.5948
  Epoch  360/1000 | Train: 0.020527 | Val Loss: 0.183861 | Val Corr: 0.5987
  Epoch  380/1000 | Train: 0.017997 | Val Loss: 0.180327 | Val Corr: 0.6325
  Epoch  400/1000 | Train: 0.019868 | Val Loss: 0.178443 | Val Corr: 0.6398
  Epoch  420/1000 | Train: 0.018228 | Val Loss: 0.183172 | Val Corr: 0.6174
  Epoch  440/1000 | Train: 0.019002 | Val Loss: 0.191447 | Val Corr: 0.6011
  Epoch  460/1000 | Train: 0.018400 | Val Loss: 0.189626 | Val Corr: 0.6303
  Epoch  480/1000 | Train: 0.019326 | Val Loss: 0.185254 | Val Corr: 0.6176
  Epoch  500/1000 | Train: 0.017868 | Val Loss: 0.174514 | Val Corr: 0.6380
  Epoch  520/1000 | Train: 0.020292 | Val Loss: 0.171746 | Val Corr: 0.6203
  Epoch  540/1000 | Train: 0.020011 | Val Loss: 0.181152 | Val Corr: 0.6628
  Epoch  560/1000 | Train: 0.019240 | Val Loss: 0.163553 | Val Corr: 0.6879
  Epoch  580/1000 | Train: 0.017185 | Val Loss: 0.182165 | Val Corr: 0.6268
  Epoch  600/1000 | Train: 0.018943 | Val Loss: 0.175727 | Val Corr: 0.6560
  Epoch  620/1000 | Train: 0.015933 | Val Loss: 0.177083 | Val Corr: 0.6308
  Epoch  640/1000 | Train: 0.019268 | Val Loss: 0.171995 | Val Corr: 0.6642
  Epoch  660/1000 | Train: 0.017919 | Val Loss: 0.178208 | Val Corr: 0.6683
  Epoch  680/1000 | Train: 0.020647 | Val Loss: 0.174371 | Val Corr: 0.6534
  Epoch  700/1000 | Train: 0.016259 | Val Loss: 0.185842 | Val Corr: 0.6745
  Epoch  720/1000 | Train: 0.016454 | Val Loss: 0.182860 | Val Corr: 0.6921
  Epoch  740/1000 | Train: 0.016360 | Val Loss: 0.191661 | Val Corr: 0.6212
  Epoch  760/1000 | Train: 0.015947 | Val Loss: 0.173239 | Val Corr: 0.6596
  Epoch  780/1000 | Train: 0.015935 | Val Loss: 0.187876 | Val Corr: 0.6435
  Epoch  800/1000 | Train: 0.017325 | Val Loss: 0.188468 | Val Corr: 0.6474
  Epoch  820/1000 | Train: 0.017412 | Val Loss: 0.190279 | Val Corr: 0.6686
  Epoch  840/1000 | Train: 0.014267 | Val Loss: 0.171792 | Val Corr: 0.7006
  Epoch  860/1000 | Train: 0.015514 | Val Loss: 0.176388 | Val Corr: 0.6746
  Epoch  880/1000 | Train: 0.015921 | Val Loss: 0.184223 | Val Corr: 0.6723
  Epoch  900/1000 | Train: 0.017418 | Val Loss: 0.186998 | Val Corr: 0.6385
  Epoch  920/1000 | Train: 0.017290 | Val Loss: 0.171024 | Val Corr: 0.6936
  Epoch  940/1000 | Train: 0.015390 | Val Loss: 0.177893 | Val Corr: 0.6771
  Epoch  960/1000 | Train: 0.015449 | Val Loss: 0.188875 | Val Corr: 0.6383
  Epoch  980/1000 | Train: 0.016020 | Val Loss: 0.195145 | Val Corr: 0.6522
  Epoch 1000/1000 | Train: 0.016374 | Val Loss: 0.186432 | Val Corr: 0.6501
    [orthogonal] s24: R²=0.3934, MAPE=17.22%
  Epoch    1/1000 | Train: 0.113588 | Val Loss: 0.164287 | Val Corr: 0.2627
  Epoch   20/1000 | Train: 0.057059 | Val Loss: 0.150685 | Val Corr: 0.5990
  Epoch   40/1000 | Train: 0.048511 | Val Loss: 0.175907 | Val Corr: 0.6026
  Epoch   60/1000 | Train: 0.043120 | Val Loss: 0.171420 | Val Corr: 0.6408
  Epoch   80/1000 | Train: 0.039711 | Val Loss: 0.181099 | Val Corr: 0.5994
  Epoch  100/1000 | Train: 0.032407 | Val Loss: 0.192639 | Val Corr: 0.5664
  Epoch  120/1000 | Train: 0.031594 | Val Loss: 0.193036 | Val Corr: 0.5669
  Epoch  140/1000 | Train: 0.028380 | Val Loss: 0.183524 | Val Corr: 0.5677
  Epoch  160/1000 | Train: 0.024952 | Val Loss: 0.182109 | Val Corr: 0.6249
  Epoch  180/1000 | Train: 0.024171 | Val Loss: 0.186219 | Val Corr: 0.5979
  Epoch  200/1000 | Train: 0.023688 | Val Loss: 0.172676 | Val Corr: 0.6265
  Epoch  220/1000 | Train: 0.022504 | Val Loss: 0.186857 | Val Corr: 0.5966
  Epoch  240/1000 | Train: 0.024034 | Val Loss: 0.160132 | Val Corr: 0.6294
  Epoch  260/1000 | Train: 0.021714 | Val Loss: 0.170713 | Val Corr: 0.5974
  Epoch  280/1000 | Train: 0.023814 | Val Loss: 0.168146 | Val Corr: 0.6147
  Epoch  300/1000 | Train: 0.020443 | Val Loss: 0.167828 | Val Corr: 0.5752
  Epoch  320/1000 | Train: 0.017599 | Val Loss: 0.172197 | Val Corr: 0.5865
  Epoch  340/1000 | Train: 0.021748 | Val Loss: 0.170258 | Val Corr: 0.5938
  Epoch  360/1000 | Train: 0.023095 | Val Loss: 0.161105 | Val Corr: 0.5870
  Epoch  380/1000 | Train: 0.023894 | Val Loss: 0.160996 | Val Corr: 0.6406
  Epoch  400/1000 | Train: 0.022223 | Val Loss: 0.160137 | Val Corr: 0.5873
  Epoch  420/1000 | Train: 0.020561 | Val Loss: 0.165660 | Val Corr: 0.5670
  Epoch  440/1000 | Train: 0.021387 | Val Loss: 0.160280 | Val Corr: 0.6559
  Epoch  460/1000 | Train: 0.025638 | Val Loss: 0.157080 | Val Corr: 0.6264
  Epoch  480/1000 | Train: 0.025803 | Val Loss: 0.158440 | Val Corr: 0.5707
  Epoch  500/1000 | Train: 0.021686 | Val Loss: 0.162764 | Val Corr: 0.5989
  Early stopping at epoch 512
    [orthogonal] s25: R²=0.3033, MAPE=16.16%
  Epoch    1/1000 | Train: 0.119452 | Val Loss: 0.171273 | Val Corr: 0.2253
  Epoch   20/1000 | Train: 0.054134 | Val Loss: 0.161274 | Val Corr: 0.6138
  Epoch   40/1000 | Train: 0.049116 | Val Loss: 0.161497 | Val Corr: 0.5675
  Epoch   60/1000 | Train: 0.045856 | Val Loss: 0.153981 | Val Corr: 0.6073
  Epoch   80/1000 | Train: 0.038222 | Val Loss: 0.162858 | Val Corr: 0.6448
  Epoch  100/1000 | Train: 0.037781 | Val Loss: 0.182863 | Val Corr: 0.5306
  Epoch  120/1000 | Train: 0.035155 | Val Loss: 0.180243 | Val Corr: 0.5700
  Epoch  140/1000 | Train: 0.028034 | Val Loss: 0.171521 | Val Corr: 0.5809
  Epoch  160/1000 | Train: 0.027158 | Val Loss: 0.177544 | Val Corr: 0.6175
  Epoch  180/1000 | Train: 0.026205 | Val Loss: 0.180906 | Val Corr: 0.5373
  Epoch  200/1000 | Train: 0.024941 | Val Loss: 0.177629 | Val Corr: 0.5850
  Epoch  220/1000 | Train: 0.022452 | Val Loss: 0.193194 | Val Corr: 0.5370
  Epoch  240/1000 | Train: 0.019696 | Val Loss: 0.194645 | Val Corr: 0.5238
  Epoch  260/1000 | Train: 0.023542 | Val Loss: 0.178790 | Val Corr: 0.5667
  Early stopping at epoch 260
    [orthogonal] s26: R²=0.2683, MAPE=20.32%
  Epoch    1/1000 | Train: 0.111725 | Val Loss: 0.173934 | Val Corr: 0.1728
  Epoch   20/1000 | Train: 0.058586 | Val Loss: 0.149264 | Val Corr: 0.5433
  Epoch   40/1000 | Train: 0.053035 | Val Loss: 0.152541 | Val Corr: 0.5379
  Epoch   60/1000 | Train: 0.043302 | Val Loss: 0.162203 | Val Corr: 0.5331
  Epoch   80/1000 | Train: 0.041067 | Val Loss: 0.156824 | Val Corr: 0.6229
  Epoch  100/1000 | Train: 0.037806 | Val Loss: 0.149203 | Val Corr: 0.6537
  Epoch  120/1000 | Train: 0.034778 | Val Loss: 0.155554 | Val Corr: 0.5884
  Epoch  140/1000 | Train: 0.023666 | Val Loss: 0.159828 | Val Corr: 0.6607
  Epoch  160/1000 | Train: 0.025802 | Val Loss: 0.155283 | Val Corr: 0.6643
  Epoch  180/1000 | Train: 0.027434 | Val Loss: 0.167173 | Val Corr: 0.6990
  Epoch  200/1000 | Train: 0.025030 | Val Loss: 0.167550 | Val Corr: 0.6557
  Epoch  220/1000 | Train: 0.023049 | Val Loss: 0.170649 | Val Corr: 0.6483
  Epoch  240/1000 | Train: 0.023353 | Val Loss: 0.166322 | Val Corr: 0.6538
  Epoch  260/1000 | Train: 0.020227 | Val Loss: 0.175560 | Val Corr: 0.6330
  Epoch  280/1000 | Train: 0.021341 | Val Loss: 0.171674 | Val Corr: 0.6330
  Epoch  300/1000 | Train: 0.024096 | Val Loss: 0.172818 | Val Corr: 0.6348
  Epoch  320/1000 | Train: 0.019356 | Val Loss: 0.170809 | Val Corr: 0.6170
  Epoch  340/1000 | Train: 0.020147 | Val Loss: 0.167036 | Val Corr: 0.6407
  Epoch  360/1000 | Train: 0.020016 | Val Loss: 0.156463 | Val Corr: 0.6707
  Early stopping at epoch 360
    [orthogonal] s27: R²=0.2649, MAPE=18.98%
  Epoch    1/1000 | Train: 0.102260 | Val Loss: 0.167492 | Val Corr: 0.2165
  Epoch   20/1000 | Train: 0.054260 | Val Loss: 0.157589 | Val Corr: 0.5726
  Epoch   40/1000 | Train: 0.047613 | Val Loss: 0.154619 | Val Corr: 0.6197
  Epoch   60/1000 | Train: 0.042520 | Val Loss: 0.178717 | Val Corr: 0.5397
  Epoch   80/1000 | Train: 0.036793 | Val Loss: 0.168646 | Val Corr: 0.6394
  Epoch  100/1000 | Train: 0.033588 | Val Loss: 0.163672 | Val Corr: 0.6427
  Epoch  120/1000 | Train: 0.030062 | Val Loss: 0.162198 | Val Corr: 0.6430
  Epoch  140/1000 | Train: 0.026103 | Val Loss: 0.167312 | Val Corr: 0.6406
  Epoch  160/1000 | Train: 0.026512 | Val Loss: 0.186150 | Val Corr: 0.6433
  Epoch  180/1000 | Train: 0.027400 | Val Loss: 0.169610 | Val Corr: 0.6406
  Epoch  200/1000 | Train: 0.026858 | Val Loss: 0.182475 | Val Corr: 0.6482
  Epoch  220/1000 | Train: 0.024223 | Val Loss: 0.163380 | Val Corr: 0.6756
  Epoch  240/1000 | Train: 0.022750 | Val Loss: 0.163789 | Val Corr: 0.6550
  Epoch  260/1000 | Train: 0.022861 | Val Loss: 0.151983 | Val Corr: 0.6733
  Epoch  280/1000 | Train: 0.023422 | Val Loss: 0.166226 | Val Corr: 0.6619
  Epoch  300/1000 | Train: 0.021018 | Val Loss: 0.172778 | Val Corr: 0.6738
  Epoch  320/1000 | Train: 0.020504 | Val Loss: 0.172588 | Val Corr: 0.6375
  Epoch  340/1000 | Train: 0.019457 | Val Loss: 0.179668 | Val Corr: 0.6347
  Epoch  360/1000 | Train: 0.020271 | Val Loss: 0.172036 | Val Corr: 0.6596
  Epoch  380/1000 | Train: 0.021587 | Val Loss: 0.175064 | Val Corr: 0.6454
  Epoch  400/1000 | Train: 0.019871 | Val Loss: 0.184762 | Val Corr: 0.6256
  Epoch  420/1000 | Train: 0.020168 | Val Loss: 0.182877 | Val Corr: 0.6074
  Epoch  440/1000 | Train: 0.018797 | Val Loss: 0.188429 | Val Corr: 0.6350
  Epoch  460/1000 | Train: 0.018507 | Val Loss: 0.182353 | Val Corr: 0.6617
  Epoch  480/1000 | Train: 0.020706 | Val Loss: 0.177717 | Val Corr: 0.6359
  Epoch  500/1000 | Train: 0.016062 | Val Loss: 0.176127 | Val Corr: 0.6260
  Epoch  520/1000 | Train: 0.019831 | Val Loss: 0.181854 | Val Corr: 0.6394
  Early stopping at epoch 527
    [orthogonal] s28: R²=0.1472, MAPE=21.56%
  Epoch    1/1000 | Train: 0.118550 | Val Loss: 0.186599 | Val Corr: 0.2844
  Epoch   20/1000 | Train: 0.064821 | Val Loss: 0.149488 | Val Corr: 0.5555
  Epoch   40/1000 | Train: 0.053033 | Val Loss: 0.167359 | Val Corr: 0.5872
  Epoch   60/1000 | Train: 0.048128 | Val Loss: 0.162539 | Val Corr: 0.6317
  Epoch   80/1000 | Train: 0.036338 | Val Loss: 0.168510 | Val Corr: 0.6480
  Epoch  100/1000 | Train: 0.037260 | Val Loss: 0.184839 | Val Corr: 0.6052
  Epoch  120/1000 | Train: 0.032556 | Val Loss: 0.187565 | Val Corr: 0.6092
  Epoch  140/1000 | Train: 0.023811 | Val Loss: 0.178378 | Val Corr: 0.6512
  Epoch  160/1000 | Train: 0.025876 | Val Loss: 0.175612 | Val Corr: 0.6364
  Epoch  180/1000 | Train: 0.023034 | Val Loss: 0.180214 | Val Corr: 0.6330
  Epoch  200/1000 | Train: 0.026420 | Val Loss: 0.173966 | Val Corr: 0.6652
  Epoch  220/1000 | Train: 0.021008 | Val Loss: 0.180390 | Val Corr: 0.6502
  Epoch  240/1000 | Train: 0.021949 | Val Loss: 0.192018 | Val Corr: 0.6164
  Epoch  260/1000 | Train: 0.022322 | Val Loss: 0.176079 | Val Corr: 0.6550
  Epoch  280/1000 | Train: 0.019142 | Val Loss: 0.153793 | Val Corr: 0.6767
  Epoch  300/1000 | Train: 0.019737 | Val Loss: 0.152432 | Val Corr: 0.6902
  Epoch  320/1000 | Train: 0.021358 | Val Loss: 0.170630 | Val Corr: 0.6792
  Epoch  340/1000 | Train: 0.018750 | Val Loss: 0.171868 | Val Corr: 0.6484
  Epoch  360/1000 | Train: 0.021596 | Val Loss: 0.156627 | Val Corr: 0.7124
  Epoch  380/1000 | Train: 0.016033 | Val Loss: 0.187856 | Val Corr: 0.6141
  Epoch  400/1000 | Train: 0.022123 | Val Loss: 0.171290 | Val Corr: 0.6605
  Epoch  420/1000 | Train: 0.018232 | Val Loss: 0.173240 | Val Corr: 0.6246
  Epoch  440/1000 | Train: 0.019287 | Val Loss: 0.179208 | Val Corr: 0.6359
  Epoch  460/1000 | Train: 0.017715 | Val Loss: 0.165127 | Val Corr: 0.6544
  Epoch  480/1000 | Train: 0.020135 | Val Loss: 0.170018 | Val Corr: 0.6670
  Epoch  500/1000 | Train: 0.019648 | Val Loss: 0.164439 | Val Corr: 0.6635
  Epoch  520/1000 | Train: 0.018257 | Val Loss: 0.176674 | Val Corr: 0.6365
  Epoch  540/1000 | Train: 0.015731 | Val Loss: 0.178894 | Val Corr: 0.6264
  Epoch  560/1000 | Train: 0.019317 | Val Loss: 0.169303 | Val Corr: 0.6434
  Epoch  580/1000 | Train: 0.021163 | Val Loss: 0.159517 | Val Corr: 0.6883
  Epoch  600/1000 | Train: 0.016286 | Val Loss: 0.167342 | Val Corr: 0.6632
  Early stopping at epoch 610
    [orthogonal] s29: R²=0.1224, MAPE=21.72%
  Epoch    1/1000 | Train: 0.105072 | Val Loss: 0.170611 | Val Corr: 0.0941
  Epoch   20/1000 | Train: 0.056101 | Val Loss: 0.157262 | Val Corr: 0.6454
  Epoch   40/1000 | Train: 0.047525 | Val Loss: 0.154366 | Val Corr: 0.6113
  Epoch   60/1000 | Train: 0.043763 | Val Loss: 0.155784 | Val Corr: 0.5890
  Epoch   80/1000 | Train: 0.037014 | Val Loss: 0.161190 | Val Corr: 0.5585
  Epoch  100/1000 | Train: 0.030625 | Val Loss: 0.169872 | Val Corr: 0.5686
  Epoch  120/1000 | Train: 0.029176 | Val Loss: 0.186305 | Val Corr: 0.5680
  Epoch  140/1000 | Train: 0.032728 | Val Loss: 0.193541 | Val Corr: 0.5137
  Epoch  160/1000 | Train: 0.026484 | Val Loss: 0.190154 | Val Corr: 0.5780
  Epoch  180/1000 | Train: 0.025641 | Val Loss: 0.179287 | Val Corr: 0.6246
  Epoch  200/1000 | Train: 0.026843 | Val Loss: 0.190698 | Val Corr: 0.5656
  Epoch  220/1000 | Train: 0.022196 | Val Loss: 0.178960 | Val Corr: 0.6587
  Epoch  240/1000 | Train: 0.020089 | Val Loss: 0.172740 | Val Corr: 0.6709
  Epoch  260/1000 | Train: 0.021631 | Val Loss: 0.184097 | Val Corr: 0.6580
  Epoch  280/1000 | Train: 0.023208 | Val Loss: 0.194342 | Val Corr: 0.6205
  Epoch  300/1000 | Train: 0.020583 | Val Loss: 0.177430 | Val Corr: 0.6819
  Early stopping at epoch 315
    [orthogonal] s30: R²=0.3988, MAPE=17.86%
  Epoch    1/1000 | Train: 0.101735 | Val Loss: 0.170873 | Val Corr: 0.1052
  Epoch   20/1000 | Train: 0.059981 | Val Loss: 0.148106 | Val Corr: 0.6002
  Epoch   40/1000 | Train: 0.050878 | Val Loss: 0.143946 | Val Corr: 0.6751
  Epoch   60/1000 | Train: 0.042054 | Val Loss: 0.177527 | Val Corr: 0.6079
  Epoch   80/1000 | Train: 0.040522 | Val Loss: 0.167662 | Val Corr: 0.6798
  Epoch  100/1000 | Train: 0.035048 | Val Loss: 0.178231 | Val Corr: 0.6127
  Epoch  120/1000 | Train: 0.029241 | Val Loss: 0.162234 | Val Corr: 0.6663
  Epoch  140/1000 | Train: 0.032667 | Val Loss: 0.191812 | Val Corr: 0.6054
  Epoch  160/1000 | Train: 0.031646 | Val Loss: 0.193175 | Val Corr: 0.5982
  Epoch  180/1000 | Train: 0.026257 | Val Loss: 0.192231 | Val Corr: 0.6121
  Epoch  200/1000 | Train: 0.023098 | Val Loss: 0.186451 | Val Corr: 0.6504
  Epoch  220/1000 | Train: 0.022704 | Val Loss: 0.197718 | Val Corr: 0.5539
  Epoch  240/1000 | Train: 0.023692 | Val Loss: 0.197757 | Val Corr: 0.5737
  Epoch  260/1000 | Train: 0.020571 | Val Loss: 0.206933 | Val Corr: 0.5349
  Epoch  280/1000 | Train: 0.022581 | Val Loss: 0.201441 | Val Corr: 0.5715
  Early stopping at epoch 290
    [orthogonal] s31: R²=0.1585, MAPE=21.98%
  Epoch    1/1000 | Train: 0.115801 | Val Loss: 0.181968 | Val Corr: 0.1585
  Epoch   20/1000 | Train: 0.055613 | Val Loss: 0.168439 | Val Corr: 0.5600
  Epoch   40/1000 | Train: 0.051586 | Val Loss: 0.158401 | Val Corr: 0.5916
  Epoch   60/1000 | Train: 0.037747 | Val Loss: 0.173502 | Val Corr: 0.5873
  Epoch   80/1000 | Train: 0.038674 | Val Loss: 0.168103 | Val Corr: 0.6067
  Epoch  100/1000 | Train: 0.035643 | Val Loss: 0.166393 | Val Corr: 0.6414
  Epoch  120/1000 | Train: 0.030036 | Val Loss: 0.164364 | Val Corr: 0.6831
  Epoch  140/1000 | Train: 0.030163 | Val Loss: 0.161117 | Val Corr: 0.6537
  Epoch  160/1000 | Train: 0.024778 | Val Loss: 0.164648 | Val Corr: 0.6508
  Epoch  180/1000 | Train: 0.025881 | Val Loss: 0.174099 | Val Corr: 0.6205
  Epoch  200/1000 | Train: 0.026292 | Val Loss: 0.157885 | Val Corr: 0.7393
  Epoch  220/1000 | Train: 0.023144 | Val Loss: 0.163423 | Val Corr: 0.6830
  Epoch  240/1000 | Train: 0.022657 | Val Loss: 0.162527 | Val Corr: 0.6340
  Epoch  260/1000 | Train: 0.021249 | Val Loss: 0.163532 | Val Corr: 0.6658
  Epoch  280/1000 | Train: 0.022313 | Val Loss: 0.154646 | Val Corr: 0.6825
  Epoch  300/1000 | Train: 0.020542 | Val Loss: 0.157587 | Val Corr: 0.6202
  Epoch  320/1000 | Train: 0.018290 | Val Loss: 0.150782 | Val Corr: 0.6511
  Epoch  340/1000 | Train: 0.021385 | Val Loss: 0.159212 | Val Corr: 0.6380
  Epoch  360/1000 | Train: 0.020654 | Val Loss: 0.155033 | Val Corr: 0.6062
  Epoch  380/1000 | Train: 0.023241 | Val Loss: 0.160151 | Val Corr: 0.6295
  Epoch  400/1000 | Train: 0.018704 | Val Loss: 0.155573 | Val Corr: 0.6805
  Epoch  420/1000 | Train: 0.020554 | Val Loss: 0.164616 | Val Corr: 0.5947
  Epoch  440/1000 | Train: 0.019773 | Val Loss: 0.155936 | Val Corr: 0.6359
  Early stopping at epoch 450
    [orthogonal] s32: R²=0.3572, MAPE=18.01%
  Epoch    1/1000 | Train: 0.125568 | Val Loss: 0.170912 | Val Corr: 0.1580
  Epoch   20/1000 | Train: 0.056157 | Val Loss: 0.165115 | Val Corr: 0.5772
  Epoch   40/1000 | Train: 0.051684 | Val Loss: 0.188121 | Val Corr: 0.4611
  Epoch   60/1000 | Train: 0.043362 | Val Loss: 0.157803 | Val Corr: 0.6218
  Epoch   80/1000 | Train: 0.037523 | Val Loss: 0.164661 | Val Corr: 0.6090
  Epoch  100/1000 | Train: 0.033771 | Val Loss: 0.171287 | Val Corr: 0.6036
  Epoch  120/1000 | Train: 0.033673 | Val Loss: 0.170858 | Val Corr: 0.6561
  Epoch  140/1000 | Train: 0.029494 | Val Loss: 0.172739 | Val Corr: 0.6584
  Epoch  160/1000 | Train: 0.030344 | Val Loss: 0.180580 | Val Corr: 0.6343
  Epoch  180/1000 | Train: 0.025869 | Val Loss: 0.182047 | Val Corr: 0.6663
  Epoch  200/1000 | Train: 0.024235 | Val Loss: 0.177364 | Val Corr: 0.6532
  Epoch  220/1000 | Train: 0.025289 | Val Loss: 0.181590 | Val Corr: 0.6338
  Epoch  240/1000 | Train: 0.026253 | Val Loss: 0.183479 | Val Corr: 0.6567
  Epoch  260/1000 | Train: 0.021281 | Val Loss: 0.171608 | Val Corr: 0.6960
  Epoch  280/1000 | Train: 0.021913 | Val Loss: 0.184453 | Val Corr: 0.6391
  Epoch  300/1000 | Train: 0.021871 | Val Loss: 0.187939 | Val Corr: 0.6516
  Epoch  320/1000 | Train: 0.022065 | Val Loss: 0.190952 | Val Corr: 0.6154
  Epoch  340/1000 | Train: 0.021274 | Val Loss: 0.178905 | Val Corr: 0.6630
  Epoch  360/1000 | Train: 0.018795 | Val Loss: 0.184975 | Val Corr: 0.6515
  Epoch  380/1000 | Train: 0.019389 | Val Loss: 0.179385 | Val Corr: 0.6410
  Epoch  400/1000 | Train: 0.018419 | Val Loss: 0.174095 | Val Corr: 0.6638
  Epoch  420/1000 | Train: 0.021604 | Val Loss: 0.173117 | Val Corr: 0.6618
  Epoch  440/1000 | Train: 0.021553 | Val Loss: 0.181200 | Val Corr: 0.6594
  Early stopping at epoch 440
    [orthogonal] s33: R²=0.3314, MAPE=18.91%
  Epoch    1/1000 | Train: 0.128219 | Val Loss: 0.178835 | Val Corr: 0.0885
  Epoch   20/1000 | Train: 0.061773 | Val Loss: 0.151210 | Val Corr: 0.6268
  Epoch   40/1000 | Train: 0.048325 | Val Loss: 0.163450 | Val Corr: 0.6415
  Epoch   60/1000 | Train: 0.046712 | Val Loss: 0.171380 | Val Corr: 0.5809
  Epoch   80/1000 | Train: 0.038853 | Val Loss: 0.169307 | Val Corr: 0.5517
  Epoch  100/1000 | Train: 0.034263 | Val Loss: 0.155997 | Val Corr: 0.6226
  Epoch  120/1000 | Train: 0.030192 | Val Loss: 0.167349 | Val Corr: 0.5242
  Epoch  140/1000 | Train: 0.028857 | Val Loss: 0.168662 | Val Corr: 0.6224
  Epoch  160/1000 | Train: 0.028528 | Val Loss: 0.173622 | Val Corr: 0.6348
  Epoch  180/1000 | Train: 0.025451 | Val Loss: 0.167226 | Val Corr: 0.6151
  Epoch  200/1000 | Train: 0.022038 | Val Loss: 0.184120 | Val Corr: 0.6235
  Epoch  220/1000 | Train: 0.021356 | Val Loss: 0.175901 | Val Corr: 0.6170
  Epoch  240/1000 | Train: 0.020799 | Val Loss: 0.193132 | Val Corr: 0.6330
  Epoch  260/1000 | Train: 0.024803 | Val Loss: 0.183629 | Val Corr: 0.6095
  Early stopping at epoch 264
    [orthogonal] s34: R²=0.2201, MAPE=19.74%
  Epoch    1/1000 | Train: 0.097704 | Val Loss: 0.166206 | Val Corr: 0.1404
  Epoch   20/1000 | Train: 0.058307 | Val Loss: 0.178419 | Val Corr: 0.5283
  Epoch   40/1000 | Train: 0.057973 | Val Loss: 0.171557 | Val Corr: 0.6088
  Epoch   60/1000 | Train: 0.043161 | Val Loss: 0.168470 | Val Corr: 0.5626
  Epoch   80/1000 | Train: 0.032864 | Val Loss: 0.167887 | Val Corr: 0.6230
  Epoch  100/1000 | Train: 0.033963 | Val Loss: 0.169320 | Val Corr: 0.5351
  Epoch  120/1000 | Train: 0.031891 | Val Loss: 0.174073 | Val Corr: 0.5977
  Epoch  140/1000 | Train: 0.029358 | Val Loss: 0.173422 | Val Corr: 0.6244
  Epoch  160/1000 | Train: 0.027138 | Val Loss: 0.169962 | Val Corr: 0.6175
  Epoch  180/1000 | Train: 0.024467 | Val Loss: 0.179704 | Val Corr: 0.5972
  Epoch  200/1000 | Train: 0.023436 | Val Loss: 0.197173 | Val Corr: 0.5321
  Epoch  220/1000 | Train: 0.019917 | Val Loss: 0.179641 | Val Corr: 0.5947
  Epoch  240/1000 | Train: 0.022092 | Val Loss: 0.167384 | Val Corr: 0.5883
  Epoch  260/1000 | Train: 0.026324 | Val Loss: 0.187806 | Val Corr: 0.6520
  Epoch  280/1000 | Train: 0.023537 | Val Loss: 0.197172 | Val Corr: 0.5856
  Epoch  300/1000 | Train: 0.020547 | Val Loss: 0.191130 | Val Corr: 0.6449
  Epoch  320/1000 | Train: 0.021119 | Val Loss: 0.179766 | Val Corr: 0.6551
  Epoch  340/1000 | Train: 0.019040 | Val Loss: 0.184171 | Val Corr: 0.6589
  Epoch  360/1000 | Train: 0.021441 | Val Loss: 0.181574 | Val Corr: 0.6314
  Early stopping at epoch 372
    [orthogonal] s35: R²=0.1475, MAPE=20.84%
  Epoch    1/1000 | Train: 0.128305 | Val Loss: 0.177051 | Val Corr: 0.2119
  Epoch   20/1000 | Train: 0.061634 | Val Loss: 0.146846 | Val Corr: 0.5049
  Epoch   40/1000 | Train: 0.055389 | Val Loss: 0.174511 | Val Corr: 0.5515
  Epoch   60/1000 | Train: 0.043279 | Val Loss: 0.170293 | Val Corr: 0.5590
  Epoch   80/1000 | Train: 0.040283 | Val Loss: 0.173013 | Val Corr: 0.6155
  Epoch  100/1000 | Train: 0.030650 | Val Loss: 0.161936 | Val Corr: 0.6046
  Epoch  120/1000 | Train: 0.030486 | Val Loss: 0.171937 | Val Corr: 0.5909
  Epoch  140/1000 | Train: 0.033529 | Val Loss: 0.174223 | Val Corr: 0.5541
  Epoch  160/1000 | Train: 0.025433 | Val Loss: 0.179535 | Val Corr: 0.5446
  Epoch  180/1000 | Train: 0.024742 | Val Loss: 0.174606 | Val Corr: 0.6066
  Epoch  200/1000 | Train: 0.028257 | Val Loss: 0.169145 | Val Corr: 0.5656
  Epoch  220/1000 | Train: 0.023770 | Val Loss: 0.183001 | Val Corr: 0.6248
  Epoch  240/1000 | Train: 0.026112 | Val Loss: 0.174484 | Val Corr: 0.6273
  Epoch  260/1000 | Train: 0.019456 | Val Loss: 0.177870 | Val Corr: 0.6271
  Epoch  280/1000 | Train: 0.021471 | Val Loss: 0.186597 | Val Corr: 0.6162
  Epoch  300/1000 | Train: 0.023426 | Val Loss: 0.178482 | Val Corr: 0.6322
  Epoch  320/1000 | Train: 0.020639 | Val Loss: 0.199947 | Val Corr: 0.5460
  Epoch  340/1000 | Train: 0.021687 | Val Loss: 0.188910 | Val Corr: 0.6160
  Epoch  360/1000 | Train: 0.017823 | Val Loss: 0.184061 | Val Corr: 0.6091
  Early stopping at epoch 361
    [orthogonal] s36: R²=0.2609, MAPE=19.15%
  Epoch    1/1000 | Train: 0.104204 | Val Loss: 0.179247 | Val Corr: 0.1670
  Epoch   20/1000 | Train: 0.058859 | Val Loss: 0.162238 | Val Corr: 0.5360
  Epoch   40/1000 | Train: 0.048824 | Val Loss: 0.155507 | Val Corr: 0.6195
  Epoch   60/1000 | Train: 0.047534 | Val Loss: 0.161397 | Val Corr: 0.5545
  Epoch   80/1000 | Train: 0.041582 | Val Loss: 0.165847 | Val Corr: 0.6064
  Epoch  100/1000 | Train: 0.032594 | Val Loss: 0.172111 | Val Corr: 0.6498
  Epoch  120/1000 | Train: 0.030319 | Val Loss: 0.162531 | Val Corr: 0.6201
  Epoch  140/1000 | Train: 0.031079 | Val Loss: 0.172726 | Val Corr: 0.6693
  Epoch  160/1000 | Train: 0.025033 | Val Loss: 0.166588 | Val Corr: 0.6772
  Epoch  180/1000 | Train: 0.025437 | Val Loss: 0.180909 | Val Corr: 0.6470
  Epoch  200/1000 | Train: 0.022375 | Val Loss: 0.171673 | Val Corr: 0.6624
  Epoch  220/1000 | Train: 0.023779 | Val Loss: 0.180473 | Val Corr: 0.6529
  Epoch  240/1000 | Train: 0.020532 | Val Loss: 0.183225 | Val Corr: 0.6620
  Epoch  260/1000 | Train: 0.018666 | Val Loss: 0.186753 | Val Corr: 0.6820
  Epoch  280/1000 | Train: 0.019612 | Val Loss: 0.188903 | Val Corr: 0.6435
  Epoch  300/1000 | Train: 0.021583 | Val Loss: 0.174588 | Val Corr: 0.6864
  Epoch  320/1000 | Train: 0.023134 | Val Loss: 0.173846 | Val Corr: 0.7063
  Epoch  340/1000 | Train: 0.022052 | Val Loss: 0.164006 | Val Corr: 0.7031
  Epoch  360/1000 | Train: 0.017351 | Val Loss: 0.191849 | Val Corr: 0.6514
  Epoch  380/1000 | Train: 0.020645 | Val Loss: 0.173654 | Val Corr: 0.6951
  Epoch  400/1000 | Train: 0.019052 | Val Loss: 0.174130 | Val Corr: 0.7013
  Epoch  420/1000 | Train: 0.021738 | Val Loss: 0.183267 | Val Corr: 0.6878
  Epoch  440/1000 | Train: 0.020301 | Val Loss: 0.186381 | Val Corr: 0.6496
  Epoch  460/1000 | Train: 0.020837 | Val Loss: 0.183027 | Val Corr: 0.6593
  Epoch  480/1000 | Train: 0.022125 | Val Loss: 0.182012 | Val Corr: 0.6380
  Epoch  500/1000 | Train: 0.019148 | Val Loss: 0.189367 | Val Corr: 0.6629
  Epoch  520/1000 | Train: 0.021215 | Val Loss: 0.186201 | Val Corr: 0.6561
  Epoch  540/1000 | Train: 0.018116 | Val Loss: 0.189759 | Val Corr: 0.6379
  Epoch  560/1000 | Train: 0.019817 | Val Loss: 0.184552 | Val Corr: 0.6414
  Early stopping at epoch 568
    [orthogonal] s37: R²=0.1615, MAPE=20.64%
  Epoch    1/1000 | Train: 0.120176 | Val Loss: 0.188066 | Val Corr: -0.0776
  Epoch   20/1000 | Train: 0.055770 | Val Loss: 0.171083 | Val Corr: 0.5497
  Epoch   40/1000 | Train: 0.052164 | Val Loss: 0.168029 | Val Corr: 0.5776
  Epoch   60/1000 | Train: 0.042617 | Val Loss: 0.195193 | Val Corr: 0.4752
  Epoch   80/1000 | Train: 0.038723 | Val Loss: 0.209166 | Val Corr: 0.4662
  Epoch  100/1000 | Train: 0.035154 | Val Loss: 0.189648 | Val Corr: 0.5681
  Epoch  120/1000 | Train: 0.032903 | Val Loss: 0.197809 | Val Corr: 0.5484
  Epoch  140/1000 | Train: 0.027956 | Val Loss: 0.186571 | Val Corr: 0.6262
  Epoch  160/1000 | Train: 0.028780 | Val Loss: 0.199419 | Val Corr: 0.5518
  Epoch  180/1000 | Train: 0.023019 | Val Loss: 0.174338 | Val Corr: 0.6185
  Epoch  200/1000 | Train: 0.024706 | Val Loss: 0.204394 | Val Corr: 0.5773
  Epoch  220/1000 | Train: 0.020258 | Val Loss: 0.209055 | Val Corr: 0.5351
  Epoch  240/1000 | Train: 0.023514 | Val Loss: 0.210847 | Val Corr: 0.5587
  Epoch  260/1000 | Train: 0.023023 | Val Loss: 0.202172 | Val Corr: 0.5585
  Epoch  280/1000 | Train: 0.020638 | Val Loss: 0.192460 | Val Corr: 0.5437
  Epoch  300/1000 | Train: 0.022894 | Val Loss: 0.165682 | Val Corr: 0.6213
  Epoch  320/1000 | Train: 0.020344 | Val Loss: 0.189261 | Val Corr: 0.6021
  Epoch  340/1000 | Train: 0.020517 | Val Loss: 0.171765 | Val Corr: 0.6285
  Epoch  360/1000 | Train: 0.024708 | Val Loss: 0.170491 | Val Corr: 0.6739
  Epoch  380/1000 | Train: 0.024384 | Val Loss: 0.183930 | Val Corr: 0.5598
  Epoch  400/1000 | Train: 0.020346 | Val Loss: 0.184868 | Val Corr: 0.5850
  Epoch  420/1000 | Train: 0.018107 | Val Loss: 0.168838 | Val Corr: 0.6745
  Epoch  440/1000 | Train: 0.017611 | Val Loss: 0.163155 | Val Corr: 0.6073
  Epoch  460/1000 | Train: 0.019751 | Val Loss: 0.165258 | Val Corr: 0.6268
  Epoch  480/1000 | Train: 0.022575 | Val Loss: 0.176785 | Val Corr: 0.6310
  Epoch  500/1000 | Train: 0.020025 | Val Loss: 0.159073 | Val Corr: 0.6500
  Epoch  520/1000 | Train: 0.022642 | Val Loss: 0.167470 | Val Corr: 0.6178
  Epoch  540/1000 | Train: 0.017427 | Val Loss: 0.174392 | Val Corr: 0.5755
  Epoch  560/1000 | Train: 0.020990 | Val Loss: 0.173338 | Val Corr: 0.6093
  Epoch  580/1000 | Train: 0.021131 | Val Loss: 0.181883 | Val Corr: 0.6129
  Epoch  600/1000 | Train: 0.020640 | Val Loss: 0.185702 | Val Corr: 0.5561
  Epoch  620/1000 | Train: 0.020101 | Val Loss: 0.166926 | Val Corr: 0.6759
  Epoch  640/1000 | Train: 0.021480 | Val Loss: 0.172662 | Val Corr: 0.6348
  Epoch  660/1000 | Train: 0.019443 | Val Loss: 0.165914 | Val Corr: 0.6217
  Epoch  680/1000 | Train: 0.018905 | Val Loss: 0.169212 | Val Corr: 0.6000
  Epoch  700/1000 | Train: 0.017771 | Val Loss: 0.175917 | Val Corr: 0.5321
  Epoch  720/1000 | Train: 0.021728 | Val Loss: 0.169737 | Val Corr: 0.5267
  Early stopping at epoch 721
    [orthogonal] s38: R²=0.2405, MAPE=20.93%
  Epoch    1/1000 | Train: 0.104448 | Val Loss: 0.174611 | Val Corr: 0.1462
  Epoch   20/1000 | Train: 0.060711 | Val Loss: 0.140147 | Val Corr: 0.6326
  Epoch   40/1000 | Train: 0.045777 | Val Loss: 0.162077 | Val Corr: 0.6285
  Epoch   60/1000 | Train: 0.040983 | Val Loss: 0.186071 | Val Corr: 0.5398
  Epoch   80/1000 | Train: 0.039102 | Val Loss: 0.183219 | Val Corr: 0.5484
  Epoch  100/1000 | Train: 0.040935 | Val Loss: 0.205861 | Val Corr: 0.5185
  Epoch  120/1000 | Train: 0.030556 | Val Loss: 0.204860 | Val Corr: 0.4799
  Epoch  140/1000 | Train: 0.025631 | Val Loss: 0.208741 | Val Corr: 0.4830
  Epoch  160/1000 | Train: 0.026278 | Val Loss: 0.222981 | Val Corr: 0.5097
  Epoch  180/1000 | Train: 0.028176 | Val Loss: 0.217000 | Val Corr: 0.4819
  Epoch  200/1000 | Train: 0.024755 | Val Loss: 0.222806 | Val Corr: 0.4527
  Epoch  220/1000 | Train: 0.022611 | Val Loss: 0.201090 | Val Corr: 0.5627
  Epoch  240/1000 | Train: 0.024546 | Val Loss: 0.201255 | Val Corr: 0.5686
  Epoch  260/1000 | Train: 0.023237 | Val Loss: 0.209450 | Val Corr: 0.5121
  Early stopping at epoch 270
    [orthogonal] s39: R²=0.3918, MAPE=17.77%
  Epoch    1/1000 | Train: 0.110996 | Val Loss: 0.179137 | Val Corr: 0.1201
  Epoch   20/1000 | Train: 0.060800 | Val Loss: 0.149498 | Val Corr: 0.6315
  Epoch   40/1000 | Train: 0.047749 | Val Loss: 0.162394 | Val Corr: 0.6147
  Epoch   60/1000 | Train: 0.046489 | Val Loss: 0.157476 | Val Corr: 0.6314
  Epoch   80/1000 | Train: 0.038707 | Val Loss: 0.180269 | Val Corr: 0.5717
  Epoch  100/1000 | Train: 0.029936 | Val Loss: 0.177065 | Val Corr: 0.6279
  Epoch  120/1000 | Train: 0.029013 | Val Loss: 0.176198 | Val Corr: 0.6214
  Epoch  140/1000 | Train: 0.030250 | Val Loss: 0.181116 | Val Corr: 0.5983
  Epoch  160/1000 | Train: 0.028271 | Val Loss: 0.164810 | Val Corr: 0.5999
  Epoch  180/1000 | Train: 0.023524 | Val Loss: 0.180845 | Val Corr: 0.6184
  Epoch  200/1000 | Train: 0.026391 | Val Loss: 0.163581 | Val Corr: 0.5731
  Epoch  220/1000 | Train: 0.022293 | Val Loss: 0.170888 | Val Corr: 0.6219
  Epoch  240/1000 | Train: 0.020430 | Val Loss: 0.149234 | Val Corr: 0.6188
  Epoch  260/1000 | Train: 0.022937 | Val Loss: 0.179564 | Val Corr: 0.6248
  Early stopping at epoch 264
    [orthogonal] s40: R²=0.1131, MAPE=18.58%
  Epoch    1/1000 | Train: 0.099882 | Val Loss: 0.182565 | Val Corr: -0.0303
  Epoch   20/1000 | Train: 0.060135 | Val Loss: 0.171134 | Val Corr: 0.5270
  Epoch   40/1000 | Train: 0.054584 | Val Loss: 0.183321 | Val Corr: 0.5392
  Epoch   60/1000 | Train: 0.042420 | Val Loss: 0.195700 | Val Corr: 0.4979
  Epoch   80/1000 | Train: 0.036978 | Val Loss: 0.201090 | Val Corr: 0.5228
  Epoch  100/1000 | Train: 0.031500 | Val Loss: 0.194944 | Val Corr: 0.5669
  Epoch  120/1000 | Train: 0.029991 | Val Loss: 0.215931 | Val Corr: 0.4562
  Epoch  140/1000 | Train: 0.026931 | Val Loss: 0.205478 | Val Corr: 0.5509
  Epoch  160/1000 | Train: 0.025258 | Val Loss: 0.213011 | Val Corr: 0.5365
  Epoch  180/1000 | Train: 0.023085 | Val Loss: 0.197479 | Val Corr: 0.5997
  Epoch  200/1000 | Train: 0.023561 | Val Loss: 0.204655 | Val Corr: 0.5584
  Epoch  220/1000 | Train: 0.021662 | Val Loss: 0.200970 | Val Corr: 0.5715
  Epoch  240/1000 | Train: 0.020683 | Val Loss: 0.206327 | Val Corr: 0.5292
  Epoch  260/1000 | Train: 0.023154 | Val Loss: 0.203117 | Val Corr: 0.5582
  Epoch  280/1000 | Train: 0.019959 | Val Loss: 0.202790 | Val Corr: 0.5751
  Epoch  300/1000 | Train: 0.020451 | Val Loss: 0.197012 | Val Corr: 0.5595
  Early stopping at epoch 303
    [orthogonal] s41: R²=0.2286, MAPE=20.94%
  Epoch    1/1000 | Train: 0.129425 | Val Loss: 0.186783 | Val Corr: 0.4474
  Epoch   20/1000 | Train: 0.055864 | Val Loss: 0.154690 | Val Corr: 0.5799
  Epoch   40/1000 | Train: 0.049816 | Val Loss: 0.155304 | Val Corr: 0.5788
  Epoch   60/1000 | Train: 0.041376 | Val Loss: 0.144704 | Val Corr: 0.5857
  Epoch   80/1000 | Train: 0.048057 | Val Loss: 0.157157 | Val Corr: 0.6549
  Epoch  100/1000 | Train: 0.037435 | Val Loss: 0.149612 | Val Corr: 0.6435
  Epoch  120/1000 | Train: 0.029317 | Val Loss: 0.150202 | Val Corr: 0.6047
  Epoch  140/1000 | Train: 0.024680 | Val Loss: 0.158816 | Val Corr: 0.6445
  Epoch  160/1000 | Train: 0.027916 | Val Loss: 0.168463 | Val Corr: 0.6038
  Epoch  180/1000 | Train: 0.023716 | Val Loss: 0.189851 | Val Corr: 0.6365
  Epoch  200/1000 | Train: 0.022745 | Val Loss: 0.172924 | Val Corr: 0.6075
  Epoch  220/1000 | Train: 0.021608 | Val Loss: 0.178877 | Val Corr: 0.6310
  Epoch  240/1000 | Train: 0.024604 | Val Loss: 0.167067 | Val Corr: 0.6574
  Epoch  260/1000 | Train: 0.022928 | Val Loss: 0.181424 | Val Corr: 0.6124
  Epoch  280/1000 | Train: 0.022266 | Val Loss: 0.183830 | Val Corr: 0.6446
  Epoch  300/1000 | Train: 0.020606 | Val Loss: 0.172745 | Val Corr: 0.6227
  Epoch  320/1000 | Train: 0.021977 | Val Loss: 0.176735 | Val Corr: 0.6317
  Epoch  340/1000 | Train: 0.024336 | Val Loss: 0.176744 | Val Corr: 0.6724
  Early stopping at epoch 356
    [orthogonal] s100: R²=0.3825, MAPE=17.69%
  Epoch    1/1000 | Train: 0.096867 | Val Loss: 0.164463 | Val Corr: 0.4049
  Epoch   20/1000 | Train: 0.053548 | Val Loss: 0.171819 | Val Corr: 0.5849
  Epoch   40/1000 | Train: 0.048867 | Val Loss: 0.178301 | Val Corr: 0.5639
  Epoch   60/1000 | Train: 0.044061 | Val Loss: 0.178805 | Val Corr: 0.5660
  Epoch   80/1000 | Train: 0.040739 | Val Loss: 0.185646 | Val Corr: 0.5232
  Epoch  100/1000 | Train: 0.034503 | Val Loss: 0.182751 | Val Corr: 0.6222
  Epoch  120/1000 | Train: 0.029046 | Val Loss: 0.205184 | Val Corr: 0.5377
  Epoch  140/1000 | Train: 0.026548 | Val Loss: 0.189502 | Val Corr: 0.5788
  Epoch  160/1000 | Train: 0.025832 | Val Loss: 0.189947 | Val Corr: 0.6071
  Epoch  180/1000 | Train: 0.022992 | Val Loss: 0.193083 | Val Corr: 0.5999
  Epoch  200/1000 | Train: 0.026299 | Val Loss: 0.195812 | Val Corr: 0.5741
  Epoch  220/1000 | Train: 0.022006 | Val Loss: 0.193429 | Val Corr: 0.6121
  Epoch  240/1000 | Train: 0.025090 | Val Loss: 0.188103 | Val Corr: 0.6533
  Epoch  260/1000 | Train: 0.020716 | Val Loss: 0.183286 | Val Corr: 0.6248
  Early stopping at epoch 265
    [orthogonal] s200: R²=0.1011, MAPE=20.22%
  Epoch    1/1000 | Train: 0.114257 | Val Loss: 0.172248 | Val Corr: 0.0656
  Epoch   20/1000 | Train: 0.060236 | Val Loss: 0.165105 | Val Corr: 0.5768
  Epoch   40/1000 | Train: 0.054511 | Val Loss: 0.176574 | Val Corr: 0.5768
  Epoch   60/1000 | Train: 0.042908 | Val Loss: 0.180902 | Val Corr: 0.5494
  Epoch   80/1000 | Train: 0.037631 | Val Loss: 0.176591 | Val Corr: 0.5497
  Epoch  100/1000 | Train: 0.038991 | Val Loss: 0.172992 | Val Corr: 0.5523
  Epoch  120/1000 | Train: 0.031768 | Val Loss: 0.157620 | Val Corr: 0.6768
  Epoch  140/1000 | Train: 0.030580 | Val Loss: 0.174607 | Val Corr: 0.5599
  Epoch  160/1000 | Train: 0.025340 | Val Loss: 0.169349 | Val Corr: 0.6134
  Epoch  180/1000 | Train: 0.028459 | Val Loss: 0.161859 | Val Corr: 0.6060
  Epoch  200/1000 | Train: 0.022757 | Val Loss: 0.158981 | Val Corr: 0.6609
  Epoch  220/1000 | Train: 0.021715 | Val Loss: 0.182496 | Val Corr: 0.5934
  Epoch  240/1000 | Train: 0.020109 | Val Loss: 0.170578 | Val Corr: 0.6227
  Epoch  260/1000 | Train: 0.023921 | Val Loss: 0.164919 | Val Corr: 0.5997
  Epoch  280/1000 | Train: 0.022238 | Val Loss: 0.175995 | Val Corr: 0.6274
  Epoch  300/1000 | Train: 0.021687 | Val Loss: 0.190445 | Val Corr: 0.6068
  Epoch  320/1000 | Train: 0.020567 | Val Loss: 0.162027 | Val Corr: 0.6284
  Epoch  340/1000 | Train: 0.020525 | Val Loss: 0.174460 | Val Corr: 0.6475
  Epoch  360/1000 | Train: 0.018906 | Val Loss: 0.157817 | Val Corr: 0.6579
  Epoch  380/1000 | Train: 0.022694 | Val Loss: 0.166637 | Val Corr: 0.6192
  Epoch  400/1000 | Train: 0.022240 | Val Loss: 0.186288 | Val Corr: 0.5906
  Epoch  420/1000 | Train: 0.025695 | Val Loss: 0.185951 | Val Corr: 0.6240
  Epoch  440/1000 | Train: 0.021710 | Val Loss: 0.170512 | Val Corr: 0.6326
  Epoch  460/1000 | Train: 0.021839 | Val Loss: 0.166280 | Val Corr: 0.6216
  Epoch  480/1000 | Train: 0.024147 | Val Loss: 0.171502 | Val Corr: 0.6538
  Epoch  500/1000 | Train: 0.021022 | Val Loss: 0.189771 | Val Corr: 0.6088
  Epoch  520/1000 | Train: 0.019324 | Val Loss: 0.178672 | Val Corr: 0.6608
  Epoch  540/1000 | Train: 0.018885 | Val Loss: 0.174570 | Val Corr: 0.6594
  Epoch  560/1000 | Train: 0.016647 | Val Loss: 0.188599 | Val Corr: 0.6186
  Epoch  580/1000 | Train: 0.023913 | Val Loss: 0.190361 | Val Corr: 0.6241
  Epoch  600/1000 | Train: 0.019721 | Val Loss: 0.174844 | Val Corr: 0.6220
  Epoch  620/1000 | Train: 0.019226 | Val Loss: 0.181464 | Val Corr: 0.6421
  Early stopping at epoch 622
    [orthogonal] s500: R²=0.1689, MAPE=20.97%
  Epoch    1/1000 | Train: 0.095606 | Val Loss: 0.162607 | Val Corr: 0.2610
  Epoch   20/1000 | Train: 0.058896 | Val Loss: 0.185705 | Val Corr: 0.4148
  Epoch   40/1000 | Train: 0.051721 | Val Loss: 0.166607 | Val Corr: 0.6051
  Epoch   60/1000 | Train: 0.047594 | Val Loss: 0.157082 | Val Corr: 0.6244
  Epoch   80/1000 | Train: 0.035699 | Val Loss: 0.203797 | Val Corr: 0.4604
  Epoch  100/1000 | Train: 0.029895 | Val Loss: 0.176554 | Val Corr: 0.5647
  Epoch  120/1000 | Train: 0.026133 | Val Loss: 0.197039 | Val Corr: 0.5068
  Epoch  140/1000 | Train: 0.027031 | Val Loss: 0.196051 | Val Corr: 0.5121
  Epoch  160/1000 | Train: 0.027745 | Val Loss: 0.191001 | Val Corr: 0.5577
  Epoch  180/1000 | Train: 0.024848 | Val Loss: 0.201814 | Val Corr: 0.5255
  Epoch  200/1000 | Train: 0.021189 | Val Loss: 0.212306 | Val Corr: 0.5272
  Epoch  220/1000 | Train: 0.024417 | Val Loss: 0.203595 | Val Corr: 0.5381
  Epoch  240/1000 | Train: 0.021080 | Val Loss: 0.217650 | Val Corr: 0.4857
  Early stopping at epoch 259
    [orthogonal] s1000: R²=0.3136, MAPE=18.43%
  Epoch    1/1000 | Train: 0.136792 | Val Loss: 0.164200 | Val Corr: 0.2038
  Epoch   20/1000 | Train: 0.063603 | Val Loss: 0.164953 | Val Corr: 0.4310
  Epoch   40/1000 | Train: 0.050483 | Val Loss: 0.168928 | Val Corr: 0.4989
  Epoch   60/1000 | Train: 0.045921 | Val Loss: 0.176650 | Val Corr: 0.5097
  Epoch   80/1000 | Train: 0.036260 | Val Loss: 0.173217 | Val Corr: 0.5166
  Epoch  100/1000 | Train: 0.037583 | Val Loss: 0.182527 | Val Corr: 0.5155
  Epoch  120/1000 | Train: 0.028960 | Val Loss: 0.190345 | Val Corr: 0.5296
  Epoch  140/1000 | Train: 0.027502 | Val Loss: 0.189622 | Val Corr: 0.5746
  Epoch  160/1000 | Train: 0.026323 | Val Loss: 0.194811 | Val Corr: 0.5498
  Epoch  180/1000 | Train: 0.026403 | Val Loss: 0.200467 | Val Corr: 0.5208
  Epoch  200/1000 | Train: 0.021618 | Val Loss: 0.200781 | Val Corr: 0.5707
  Epoch  220/1000 | Train: 0.021592 | Val Loss: 0.205230 | Val Corr: 0.5186
  Epoch  240/1000 | Train: 0.020427 | Val Loss: 0.208261 | Val Corr: 0.4696
  Epoch  260/1000 | Train: 0.022398 | Val Loss: 0.211505 | Val Corr: 0.4569
  Epoch  280/1000 | Train: 0.024197 | Val Loss: 0.221403 | Val Corr: 0.4208
  Epoch  300/1000 | Train: 0.023187 | Val Loss: 0.207912 | Val Corr: 0.4962
  Epoch  320/1000 | Train: 0.020358 | Val Loss: 0.211622 | Val Corr: 0.4946
  Early stopping at epoch 332
    [lecun] s42: R²=0.2463, MAPE=17.72%
  Epoch    1/1000 | Train: 0.105465 | Val Loss: 0.145645 | Val Corr: 0.3611
  Epoch   20/1000 | Train: 0.056297 | Val Loss: 0.134380 | Val Corr: 0.6531
  Epoch   40/1000 | Train: 0.047570 | Val Loss: 0.153262 | Val Corr: 0.5329
  Epoch   60/1000 | Train: 0.038807 | Val Loss: 0.144014 | Val Corr: 0.5527
  Epoch   80/1000 | Train: 0.037014 | Val Loss: 0.148451 | Val Corr: 0.5303
  Epoch  100/1000 | Train: 0.035196 | Val Loss: 0.151330 | Val Corr: 0.5397
  Epoch  120/1000 | Train: 0.028503 | Val Loss: 0.154937 | Val Corr: 0.6012
  Epoch  140/1000 | Train: 0.026333 | Val Loss: 0.157158 | Val Corr: 0.5792
  Epoch  160/1000 | Train: 0.024778 | Val Loss: 0.159054 | Val Corr: 0.6165
  Epoch  180/1000 | Train: 0.025462 | Val Loss: 0.160727 | Val Corr: 0.6245
  Epoch  200/1000 | Train: 0.023711 | Val Loss: 0.167444 | Val Corr: 0.6247
  Epoch  220/1000 | Train: 0.022099 | Val Loss: 0.174184 | Val Corr: 0.6089
  Epoch  240/1000 | Train: 0.022027 | Val Loss: 0.149168 | Val Corr: 0.6090
  Epoch  260/1000 | Train: 0.021378 | Val Loss: 0.146764 | Val Corr: 0.6097
  Early stopping at epoch 270
    [lecun] s7: R²=0.1275, MAPE=20.24%
  Epoch    1/1000 | Train: 0.136982 | Val Loss: 0.161042 | Val Corr: -0.0233
  Epoch   20/1000 | Train: 0.057224 | Val Loss: 0.142611 | Val Corr: 0.6049
  Epoch   40/1000 | Train: 0.044288 | Val Loss: 0.156621 | Val Corr: 0.5684
  Epoch   60/1000 | Train: 0.037492 | Val Loss: 0.158890 | Val Corr: 0.6046
  Epoch   80/1000 | Train: 0.037958 | Val Loss: 0.167485 | Val Corr: 0.5167
  Epoch  100/1000 | Train: 0.033606 | Val Loss: 0.190336 | Val Corr: 0.5357
  Epoch  120/1000 | Train: 0.032246 | Val Loss: 0.191666 | Val Corr: 0.5271
  Epoch  140/1000 | Train: 0.027950 | Val Loss: 0.160923 | Val Corr: 0.5793
  Epoch  160/1000 | Train: 0.026725 | Val Loss: 0.157145 | Val Corr: 0.5040
  Epoch  180/1000 | Train: 0.024078 | Val Loss: 0.180886 | Val Corr: 0.6415
  Epoch  200/1000 | Train: 0.027135 | Val Loss: 0.155452 | Val Corr: 0.5762
  Epoch  220/1000 | Train: 0.022834 | Val Loss: 0.177643 | Val Corr: 0.6113
  Epoch  240/1000 | Train: 0.021111 | Val Loss: 0.170208 | Val Corr: 0.5792
  Epoch  260/1000 | Train: 0.021754 | Val Loss: 0.172982 | Val Corr: 0.5111
  Epoch  280/1000 | Train: 0.021053 | Val Loss: 0.169862 | Val Corr: 0.4911
  Epoch  300/1000 | Train: 0.020586 | Val Loss: 0.188501 | Val Corr: 0.5627
  Epoch  320/1000 | Train: 0.021869 | Val Loss: 0.179488 | Val Corr: 0.5798
  Epoch  340/1000 | Train: 0.020369 | Val Loss: 0.180006 | Val Corr: 0.5507
  Epoch  360/1000 | Train: 0.020571 | Val Loss: 0.171346 | Val Corr: 0.5478
  Epoch  380/1000 | Train: 0.021592 | Val Loss: 0.166600 | Val Corr: 0.6050
  Epoch  400/1000 | Train: 0.020931 | Val Loss: 0.180862 | Val Corr: 0.5430
  Epoch  420/1000 | Train: 0.019756 | Val Loss: 0.172110 | Val Corr: 0.5955
  Early stopping at epoch 427
    [lecun] s123: R²=0.2451, MAPE=19.49%
  Epoch    1/1000 | Train: 0.101595 | Val Loss: 0.156223 | Val Corr: 0.2380
  Epoch   20/1000 | Train: 0.055156 | Val Loss: 0.157078 | Val Corr: 0.6072
  Epoch   40/1000 | Train: 0.045664 | Val Loss: 0.166595 | Val Corr: 0.6327
  Epoch   60/1000 | Train: 0.041017 | Val Loss: 0.171669 | Val Corr: 0.5530
  Epoch   80/1000 | Train: 0.038249 | Val Loss: 0.185564 | Val Corr: 0.5804
  Epoch  100/1000 | Train: 0.031612 | Val Loss: 0.182991 | Val Corr: 0.4546
  Epoch  120/1000 | Train: 0.025378 | Val Loss: 0.199270 | Val Corr: 0.5331
  Epoch  140/1000 | Train: 0.030559 | Val Loss: 0.214082 | Val Corr: 0.4935
  Epoch  160/1000 | Train: 0.024921 | Val Loss: 0.196233 | Val Corr: 0.4885
  Epoch  180/1000 | Train: 0.029606 | Val Loss: 0.196836 | Val Corr: 0.5177
  Epoch  200/1000 | Train: 0.023629 | Val Loss: 0.189433 | Val Corr: 0.5040
  Epoch  220/1000 | Train: 0.023398 | Val Loss: 0.193061 | Val Corr: 0.5368
  Epoch  240/1000 | Train: 0.021707 | Val Loss: 0.199166 | Val Corr: 0.4761
  Epoch  260/1000 | Train: 0.021203 | Val Loss: 0.188476 | Val Corr: 0.5665
  Early stopping at epoch 262
    [lecun] s2024: R²=0.1446, MAPE=20.77%
  Epoch    1/1000 | Train: 0.143663 | Val Loss: 0.176814 | Val Corr: 0.2322
  Epoch   20/1000 | Train: 0.057266 | Val Loss: 0.172575 | Val Corr: 0.4822
  Epoch   40/1000 | Train: 0.057034 | Val Loss: 0.168793 | Val Corr: 0.4830
  Epoch   60/1000 | Train: 0.037382 | Val Loss: 0.174417 | Val Corr: 0.5272
  Epoch   80/1000 | Train: 0.035883 | Val Loss: 0.178483 | Val Corr: 0.4731
  Epoch  100/1000 | Train: 0.034247 | Val Loss: 0.170278 | Val Corr: 0.6273
  Epoch  120/1000 | Train: 0.026111 | Val Loss: 0.181552 | Val Corr: 0.5597
  Epoch  140/1000 | Train: 0.026854 | Val Loss: 0.180681 | Val Corr: 0.5946
  Epoch  160/1000 | Train: 0.022831 | Val Loss: 0.182654 | Val Corr: 0.6169
  Epoch  180/1000 | Train: 0.019100 | Val Loss: 0.183710 | Val Corr: 0.6300
  Epoch  200/1000 | Train: 0.026502 | Val Loss: 0.177860 | Val Corr: 0.6492
  Epoch  220/1000 | Train: 0.022101 | Val Loss: 0.186888 | Val Corr: 0.6131
  Epoch  240/1000 | Train: 0.027391 | Val Loss: 0.181136 | Val Corr: 0.6182
  Epoch  260/1000 | Train: 0.021961 | Val Loss: 0.189842 | Val Corr: 0.5994
  Epoch  280/1000 | Train: 0.023660 | Val Loss: 0.200274 | Val Corr: 0.5652
  Epoch  300/1000 | Train: 0.023061 | Val Loss: 0.195332 | Val Corr: 0.5733
  Epoch  320/1000 | Train: 0.018925 | Val Loss: 0.182856 | Val Corr: 0.6515
  Epoch  340/1000 | Train: 0.017620 | Val Loss: 0.171294 | Val Corr: 0.6566
  Epoch  360/1000 | Train: 0.023667 | Val Loss: 0.186731 | Val Corr: 0.6399
  Epoch  380/1000 | Train: 0.020786 | Val Loss: 0.166400 | Val Corr: 0.6422
  Epoch  400/1000 | Train: 0.019699 | Val Loss: 0.173861 | Val Corr: 0.6791
  Epoch  420/1000 | Train: 0.018437 | Val Loss: 0.184697 | Val Corr: 0.6315
  Epoch  440/1000 | Train: 0.020047 | Val Loss: 0.193362 | Val Corr: 0.6240
  Epoch  460/1000 | Train: 0.020125 | Val Loss: 0.189851 | Val Corr: 0.6420
  Epoch  480/1000 | Train: 0.019517 | Val Loss: 0.199656 | Val Corr: 0.5887
  Epoch  500/1000 | Train: 0.017346 | Val Loss: 0.186911 | Val Corr: 0.6485
  Epoch  520/1000 | Train: 0.018913 | Val Loss: 0.193879 | Val Corr: 0.5924
  Epoch  540/1000 | Train: 0.020348 | Val Loss: 0.185708 | Val Corr: 0.6447
  Epoch  560/1000 | Train: 0.018317 | Val Loss: 0.193342 | Val Corr: 0.6132
  Epoch  580/1000 | Train: 0.017173 | Val Loss: 0.198568 | Val Corr: 0.6080
  Epoch  600/1000 | Train: 0.020343 | Val Loss: 0.205331 | Val Corr: 0.5518
  Epoch  620/1000 | Train: 0.017422 | Val Loss: 0.176173 | Val Corr: 0.6646
  Epoch  640/1000 | Train: 0.019127 | Val Loss: 0.170633 | Val Corr: 0.6647
  Epoch  660/1000 | Train: 0.017509 | Val Loss: 0.184957 | Val Corr: 0.6257
  Epoch  680/1000 | Train: 0.016659 | Val Loss: 0.173528 | Val Corr: 0.6730
  Epoch  700/1000 | Train: 0.016882 | Val Loss: 0.170835 | Val Corr: 0.6583
  Epoch  720/1000 | Train: 0.018808 | Val Loss: 0.189748 | Val Corr: 0.6355
  Early stopping at epoch 735
    [lecun] s99: R²=0.2610, MAPE=17.87%
  Epoch    1/1000 | Train: 0.123279 | Val Loss: 0.157999 | Val Corr: 0.1861
  Epoch   20/1000 | Train: 0.054531 | Val Loss: 0.162127 | Val Corr: 0.5833
  Epoch   40/1000 | Train: 0.048427 | Val Loss: 0.142728 | Val Corr: 0.5705
  Epoch   60/1000 | Train: 0.044657 | Val Loss: 0.167177 | Val Corr: 0.5631
  Epoch   80/1000 | Train: 0.031084 | Val Loss: 0.165488 | Val Corr: 0.5639
  Epoch  100/1000 | Train: 0.031231 | Val Loss: 0.178478 | Val Corr: 0.6008
  Epoch  120/1000 | Train: 0.028404 | Val Loss: 0.190938 | Val Corr: 0.5404
  Epoch  140/1000 | Train: 0.026269 | Val Loss: 0.183402 | Val Corr: 0.5915
  Epoch  160/1000 | Train: 0.026530 | Val Loss: 0.195419 | Val Corr: 0.5459
  Epoch  180/1000 | Train: 0.027213 | Val Loss: 0.186609 | Val Corr: 0.5361
  Epoch  200/1000 | Train: 0.021068 | Val Loss: 0.191924 | Val Corr: 0.5404
  Epoch  220/1000 | Train: 0.024396 | Val Loss: 0.200426 | Val Corr: 0.5069
  Epoch  240/1000 | Train: 0.023894 | Val Loss: 0.184066 | Val Corr: 0.5935
  Epoch  260/1000 | Train: 0.022205 | Val Loss: 0.188978 | Val Corr: 0.5699
  Early stopping at epoch 266
    [lecun] s13: R²=0.3485, MAPE=17.76%
  Epoch    1/1000 | Train: 0.110710 | Val Loss: 0.181255 | Val Corr: 0.1356
  Epoch   20/1000 | Train: 0.057903 | Val Loss: 0.154845 | Val Corr: 0.5794
  Epoch   40/1000 | Train: 0.047148 | Val Loss: 0.181222 | Val Corr: 0.5192
  Epoch   60/1000 | Train: 0.041279 | Val Loss: 0.180567 | Val Corr: 0.4972
  Epoch   80/1000 | Train: 0.034926 | Val Loss: 0.194649 | Val Corr: 0.4692
  Epoch  100/1000 | Train: 0.035080 | Val Loss: 0.203761 | Val Corr: 0.4697
  Epoch  120/1000 | Train: 0.026685 | Val Loss: 0.209478 | Val Corr: 0.5033
  Epoch  140/1000 | Train: 0.025750 | Val Loss: 0.205635 | Val Corr: 0.5096
  Epoch  160/1000 | Train: 0.023667 | Val Loss: 0.209938 | Val Corr: 0.5345
  Epoch  180/1000 | Train: 0.024375 | Val Loss: 0.221466 | Val Corr: 0.4946
  Epoch  200/1000 | Train: 0.025200 | Val Loss: 0.213657 | Val Corr: 0.5291
  Epoch  220/1000 | Train: 0.022826 | Val Loss: 0.210494 | Val Corr: 0.5142
  Epoch  240/1000 | Train: 0.022802 | Val Loss: 0.208058 | Val Corr: 0.5426
  Epoch  260/1000 | Train: 0.020826 | Val Loss: 0.193842 | Val Corr: 0.6010
  Epoch  280/1000 | Train: 0.019192 | Val Loss: 0.205378 | Val Corr: 0.5363
  Early stopping at epoch 284
    [lecun] s55: R²=0.1730, MAPE=18.90%
  Epoch    1/1000 | Train: 0.110748 | Val Loss: 0.170848 | Val Corr: 0.3582
  Epoch   20/1000 | Train: 0.059421 | Val Loss: 0.137010 | Val Corr: 0.4931
  Epoch   40/1000 | Train: 0.048882 | Val Loss: 0.151591 | Val Corr: 0.5921
  Epoch   60/1000 | Train: 0.042061 | Val Loss: 0.150202 | Val Corr: 0.6093
  Epoch   80/1000 | Train: 0.037033 | Val Loss: 0.175559 | Val Corr: 0.5564
  Epoch  100/1000 | Train: 0.032685 | Val Loss: 0.177981 | Val Corr: 0.5550
  Epoch  120/1000 | Train: 0.029520 | Val Loss: 0.168128 | Val Corr: 0.6111
  Epoch  140/1000 | Train: 0.024308 | Val Loss: 0.194831 | Val Corr: 0.5384
  Epoch  160/1000 | Train: 0.027408 | Val Loss: 0.202686 | Val Corr: 0.5108
  Epoch  180/1000 | Train: 0.024777 | Val Loss: 0.184294 | Val Corr: 0.5652
  Epoch  200/1000 | Train: 0.023591 | Val Loss: 0.206326 | Val Corr: 0.5139
  Epoch  220/1000 | Train: 0.021745 | Val Loss: 0.191220 | Val Corr: 0.5567
  Epoch  240/1000 | Train: 0.021798 | Val Loss: 0.193660 | Val Corr: 0.5256
  Epoch  260/1000 | Train: 0.023083 | Val Loss: 0.185238 | Val Corr: 0.5111
  Epoch  280/1000 | Train: 0.021850 | Val Loss: 0.183529 | Val Corr: 0.6072
  Early stopping at epoch 294
    [lecun] s777: R²=0.2703, MAPE=17.48%
  Epoch    1/1000 | Train: 0.111914 | Val Loss: 0.154437 | Val Corr: 0.2350
  Epoch   20/1000 | Train: 0.053480 | Val Loss: 0.143822 | Val Corr: 0.4548
  Epoch   40/1000 | Train: 0.049106 | Val Loss: 0.151298 | Val Corr: 0.5786
  Epoch   60/1000 | Train: 0.043303 | Val Loss: 0.142768 | Val Corr: 0.5245
  Epoch   80/1000 | Train: 0.039255 | Val Loss: 0.168221 | Val Corr: 0.5100
  Epoch  100/1000 | Train: 0.030099 | Val Loss: 0.163043 | Val Corr: 0.5243
  Epoch  120/1000 | Train: 0.031484 | Val Loss: 0.164435 | Val Corr: 0.6039
  Epoch  140/1000 | Train: 0.031747 | Val Loss: 0.175044 | Val Corr: 0.5526
  Epoch  160/1000 | Train: 0.022941 | Val Loss: 0.174039 | Val Corr: 0.6329
  Epoch  180/1000 | Train: 0.024906 | Val Loss: 0.181044 | Val Corr: 0.5966
  Epoch  200/1000 | Train: 0.026137 | Val Loss: 0.181159 | Val Corr: 0.5690
  Epoch  220/1000 | Train: 0.026493 | Val Loss: 0.185339 | Val Corr: 0.5956
  Epoch  240/1000 | Train: 0.025244 | Val Loss: 0.176843 | Val Corr: 0.6573
  Epoch  260/1000 | Train: 0.022122 | Val Loss: 0.199351 | Val Corr: 0.5754
  Epoch  280/1000 | Train: 0.022260 | Val Loss: 0.174016 | Val Corr: 0.6214
  Epoch  300/1000 | Train: 0.022941 | Val Loss: 0.187504 | Val Corr: 0.5619
  Epoch  320/1000 | Train: 0.019933 | Val Loss: 0.206481 | Val Corr: 0.5707
  Epoch  340/1000 | Train: 0.023275 | Val Loss: 0.185803 | Val Corr: 0.5911
  Epoch  360/1000 | Train: 0.018913 | Val Loss: 0.185958 | Val Corr: 0.6261
  Epoch  380/1000 | Train: 0.018584 | Val Loss: 0.176799 | Val Corr: 0.6209
  Epoch  400/1000 | Train: 0.020774 | Val Loss: 0.170847 | Val Corr: 0.6090
  Epoch  420/1000 | Train: 0.021807 | Val Loss: 0.195935 | Val Corr: 0.5535
  Early stopping at epoch 424
    [lecun] s314: R²=0.3867, MAPE=15.99%
  Epoch    1/1000 | Train: 0.137639 | Val Loss: 0.177727 | Val Corr: 0.3068
  Epoch   20/1000 | Train: 0.060089 | Val Loss: 0.161965 | Val Corr: 0.3556
  Epoch   40/1000 | Train: 0.052311 | Val Loss: 0.165358 | Val Corr: 0.3967
  Epoch   60/1000 | Train: 0.042759 | Val Loss: 0.184623 | Val Corr: 0.4093
  Epoch   80/1000 | Train: 0.039384 | Val Loss: 0.178694 | Val Corr: 0.4564
  Epoch  100/1000 | Train: 0.036769 | Val Loss: 0.188320 | Val Corr: 0.4921
  Epoch  120/1000 | Train: 0.029202 | Val Loss: 0.189088 | Val Corr: 0.5177
  Epoch  140/1000 | Train: 0.029120 | Val Loss: 0.196575 | Val Corr: 0.5432
  Epoch  160/1000 | Train: 0.029299 | Val Loss: 0.191063 | Val Corr: 0.5512
  Epoch  180/1000 | Train: 0.022854 | Val Loss: 0.194406 | Val Corr: 0.5658
  Epoch  200/1000 | Train: 0.024109 | Val Loss: 0.193270 | Val Corr: 0.5568
  Epoch  220/1000 | Train: 0.028668 | Val Loss: 0.193392 | Val Corr: 0.5358
  Epoch  240/1000 | Train: 0.019735 | Val Loss: 0.205549 | Val Corr: 0.4805
  Epoch  260/1000 | Train: 0.022667 | Val Loss: 0.199198 | Val Corr: 0.5053
  Epoch  280/1000 | Train: 0.021295 | Val Loss: 0.192778 | Val Corr: 0.4901
  Early stopping at epoch 292
    [lecun] s2025: R²=0.2720, MAPE=18.61%
  Epoch    1/1000 | Train: 0.107984 | Val Loss: 0.174156 | Val Corr: 0.0774
  Epoch   20/1000 | Train: 0.058532 | Val Loss: 0.127377 | Val Corr: 0.5504
  Epoch   40/1000 | Train: 0.046572 | Val Loss: 0.140499 | Val Corr: 0.6032
  Epoch   60/1000 | Train: 0.046633 | Val Loss: 0.157861 | Val Corr: 0.4962
  Epoch   80/1000 | Train: 0.038019 | Val Loss: 0.155866 | Val Corr: 0.4845
  Epoch  100/1000 | Train: 0.033211 | Val Loss: 0.156487 | Val Corr: 0.5455
  Epoch  120/1000 | Train: 0.023305 | Val Loss: 0.172663 | Val Corr: 0.5552
  Epoch  140/1000 | Train: 0.026741 | Val Loss: 0.176676 | Val Corr: 0.5521
  Epoch  160/1000 | Train: 0.022986 | Val Loss: 0.175126 | Val Corr: 0.5952
  Epoch  180/1000 | Train: 0.022741 | Val Loss: 0.173976 | Val Corr: 0.5688
  Epoch  200/1000 | Train: 0.023653 | Val Loss: 0.174837 | Val Corr: 0.6008
  Epoch  220/1000 | Train: 0.022100 | Val Loss: 0.158467 | Val Corr: 0.6274
  Epoch  240/1000 | Train: 0.022252 | Val Loss: 0.177993 | Val Corr: 0.5474
  Epoch  260/1000 | Train: 0.018720 | Val Loss: 0.177749 | Val Corr: 0.4907
  Early stopping at epoch 276
    [lecun] s0: R²=0.0132, MAPE=19.77%
  Epoch    1/1000 | Train: 0.131291 | Val Loss: 0.178582 | Val Corr: 0.1481
  Epoch   20/1000 | Train: 0.057458 | Val Loss: 0.176200 | Val Corr: 0.4919
  Epoch   40/1000 | Train: 0.047882 | Val Loss: 0.157379 | Val Corr: 0.5935
  Epoch   60/1000 | Train: 0.042548 | Val Loss: 0.181062 | Val Corr: 0.4907
  Epoch   80/1000 | Train: 0.035321 | Val Loss: 0.181710 | Val Corr: 0.5727
  Epoch  100/1000 | Train: 0.031401 | Val Loss: 0.170929 | Val Corr: 0.5320
  Epoch  120/1000 | Train: 0.032637 | Val Loss: 0.181689 | Val Corr: 0.4718
  Epoch  140/1000 | Train: 0.026750 | Val Loss: 0.190895 | Val Corr: 0.5032
  Epoch  160/1000 | Train: 0.030075 | Val Loss: 0.181624 | Val Corr: 0.5748
  Epoch  180/1000 | Train: 0.022269 | Val Loss: 0.180036 | Val Corr: 0.5586
  Epoch  200/1000 | Train: 0.026268 | Val Loss: 0.192474 | Val Corr: 0.4790
  Epoch  220/1000 | Train: 0.023075 | Val Loss: 0.164297 | Val Corr: 0.4934
  Epoch  240/1000 | Train: 0.030196 | Val Loss: 0.184720 | Val Corr: 0.5430
  Epoch  260/1000 | Train: 0.022615 | Val Loss: 0.188938 | Val Corr: 0.4965
  Epoch  280/1000 | Train: 0.022289 | Val Loss: 0.180278 | Val Corr: 0.4488
  Early stopping at epoch 284
    [lecun] s1: R²=0.2551, MAPE=17.60%
  Epoch    1/1000 | Train: 0.109531 | Val Loss: 0.161552 | Val Corr: 0.1728
  Epoch   20/1000 | Train: 0.058210 | Val Loss: 0.147997 | Val Corr: 0.5521
  Epoch   40/1000 | Train: 0.050555 | Val Loss: 0.168110 | Val Corr: 0.6137
  Epoch   60/1000 | Train: 0.043211 | Val Loss: 0.177265 | Val Corr: 0.5351
  Epoch   80/1000 | Train: 0.032727 | Val Loss: 0.168961 | Val Corr: 0.5847
  Epoch  100/1000 | Train: 0.035993 | Val Loss: 0.169833 | Val Corr: 0.5587
  Epoch  120/1000 | Train: 0.025182 | Val Loss: 0.168210 | Val Corr: 0.5819
  Epoch  140/1000 | Train: 0.023261 | Val Loss: 0.180644 | Val Corr: 0.6836
  Epoch  160/1000 | Train: 0.027984 | Val Loss: 0.179751 | Val Corr: 0.6595
  Epoch  180/1000 | Train: 0.025619 | Val Loss: 0.175389 | Val Corr: 0.5311
  Epoch  200/1000 | Train: 0.024296 | Val Loss: 0.168902 | Val Corr: 0.6175
  Epoch  220/1000 | Train: 0.024079 | Val Loss: 0.174900 | Val Corr: 0.5843
  Epoch  240/1000 | Train: 0.020678 | Val Loss: 0.183424 | Val Corr: 0.6422
  Epoch  260/1000 | Train: 0.023703 | Val Loss: 0.163779 | Val Corr: 0.6608
  Epoch  280/1000 | Train: 0.020428 | Val Loss: 0.169730 | Val Corr: 0.6083
  Early stopping at epoch 282
    [lecun] s2: R²=0.2748, MAPE=18.06%
  Epoch    1/1000 | Train: 0.117405 | Val Loss: 0.179590 | Val Corr: 0.2945
  Epoch   20/1000 | Train: 0.054123 | Val Loss: 0.155978 | Val Corr: 0.5704
  Epoch   40/1000 | Train: 0.047617 | Val Loss: 0.156552 | Val Corr: 0.6160
  Epoch   60/1000 | Train: 0.044444 | Val Loss: 0.167669 | Val Corr: 0.6135
  Epoch   80/1000 | Train: 0.036968 | Val Loss: 0.171645 | Val Corr: 0.5961
  Epoch  100/1000 | Train: 0.029887 | Val Loss: 0.188967 | Val Corr: 0.5871
  Epoch  120/1000 | Train: 0.034180 | Val Loss: 0.184455 | Val Corr: 0.5965
  Epoch  140/1000 | Train: 0.027272 | Val Loss: 0.214848 | Val Corr: 0.5173
  Epoch  160/1000 | Train: 0.023653 | Val Loss: 0.196057 | Val Corr: 0.6019
  Epoch  180/1000 | Train: 0.022401 | Val Loss: 0.198092 | Val Corr: 0.6057
  Epoch  200/1000 | Train: 0.022729 | Val Loss: 0.210380 | Val Corr: 0.5442
  Epoch  220/1000 | Train: 0.022289 | Val Loss: 0.197357 | Val Corr: 0.5873
  Epoch  240/1000 | Train: 0.022480 | Val Loss: 0.197745 | Val Corr: 0.6216
  Epoch  260/1000 | Train: 0.022779 | Val Loss: 0.184772 | Val Corr: 0.6386
  Epoch  280/1000 | Train: 0.018016 | Val Loss: 0.202543 | Val Corr: 0.5783
  Early stopping at epoch 287
    [lecun] s3: R²=0.2645, MAPE=18.83%
  Epoch    1/1000 | Train: 0.096387 | Val Loss: 0.166586 | Val Corr: 0.1528
  Epoch   20/1000 | Train: 0.057183 | Val Loss: 0.169036 | Val Corr: 0.5393
  Epoch   40/1000 | Train: 0.044992 | Val Loss: 0.155261 | Val Corr: 0.5879
  Epoch   60/1000 | Train: 0.038944 | Val Loss: 0.167020 | Val Corr: 0.6276
  Epoch   80/1000 | Train: 0.034505 | Val Loss: 0.168403 | Val Corr: 0.6325
  Epoch  100/1000 | Train: 0.033955 | Val Loss: 0.195564 | Val Corr: 0.5362
  Epoch  120/1000 | Train: 0.033257 | Val Loss: 0.193273 | Val Corr: 0.6062
  Epoch  140/1000 | Train: 0.025465 | Val Loss: 0.185256 | Val Corr: 0.6232
  Epoch  160/1000 | Train: 0.026074 | Val Loss: 0.193878 | Val Corr: 0.6293
  Epoch  180/1000 | Train: 0.022642 | Val Loss: 0.202196 | Val Corr: 0.5809
  Epoch  200/1000 | Train: 0.024148 | Val Loss: 0.200925 | Val Corr: 0.6469
  Epoch  220/1000 | Train: 0.020692 | Val Loss: 0.186484 | Val Corr: 0.6245
  Epoch  240/1000 | Train: 0.025244 | Val Loss: 0.196660 | Val Corr: 0.5975
  Epoch  260/1000 | Train: 0.018205 | Val Loss: 0.185876 | Val Corr: 0.6718
  Epoch  280/1000 | Train: 0.022511 | Val Loss: 0.201378 | Val Corr: 0.6008
  Epoch  300/1000 | Train: 0.019838 | Val Loss: 0.188172 | Val Corr: 0.6659
  Early stopping at epoch 308
    [lecun] s4: R²=0.3768, MAPE=18.60%
  Epoch    1/1000 | Train: 0.106918 | Val Loss: 0.148844 | Val Corr: 0.1132
  Epoch   20/1000 | Train: 0.061633 | Val Loss: 0.173180 | Val Corr: 0.5064
  Epoch   40/1000 | Train: 0.049295 | Val Loss: 0.163210 | Val Corr: 0.5279
  Epoch   60/1000 | Train: 0.045954 | Val Loss: 0.172308 | Val Corr: 0.4430
  Epoch   80/1000 | Train: 0.039450 | Val Loss: 0.185238 | Val Corr: 0.5060
  Epoch  100/1000 | Train: 0.030771 | Val Loss: 0.193229 | Val Corr: 0.4324
  Epoch  120/1000 | Train: 0.024107 | Val Loss: 0.180196 | Val Corr: 0.4329
  Epoch  140/1000 | Train: 0.029978 | Val Loss: 0.181997 | Val Corr: 0.5393
  Epoch  160/1000 | Train: 0.029773 | Val Loss: 0.190355 | Val Corr: 0.5129
  Epoch  180/1000 | Train: 0.024249 | Val Loss: 0.198625 | Val Corr: 0.5485
  Epoch  200/1000 | Train: 0.025888 | Val Loss: 0.198750 | Val Corr: 0.5166
  Epoch  220/1000 | Train: 0.023239 | Val Loss: 0.200103 | Val Corr: 0.5103
  Epoch  240/1000 | Train: 0.021934 | Val Loss: 0.191377 | Val Corr: 0.5718
  Epoch  260/1000 | Train: 0.023451 | Val Loss: 0.188579 | Val Corr: 0.6073
  Epoch  280/1000 | Train: 0.020466 | Val Loss: 0.187848 | Val Corr: 0.5757
  Epoch  300/1000 | Train: 0.022448 | Val Loss: 0.202987 | Val Corr: 0.5215
  Epoch  320/1000 | Train: 0.022956 | Val Loss: 0.196377 | Val Corr: 0.5682
  Epoch  340/1000 | Train: 0.024004 | Val Loss: 0.209835 | Val Corr: 0.5391
  Epoch  360/1000 | Train: 0.021374 | Val Loss: 0.197260 | Val Corr: 0.5519
  Epoch  380/1000 | Train: 0.020045 | Val Loss: 0.194311 | Val Corr: 0.5266
  Epoch  400/1000 | Train: 0.019687 | Val Loss: 0.199853 | Val Corr: 0.5372
  Epoch  420/1000 | Train: 0.020546 | Val Loss: 0.196453 | Val Corr: 0.5681
  Epoch  440/1000 | Train: 0.021863 | Val Loss: 0.196932 | Val Corr: 0.5167
  Epoch  460/1000 | Train: 0.019996 | Val Loss: 0.197387 | Val Corr: 0.5421
  Epoch  480/1000 | Train: 0.019923 | Val Loss: 0.194211 | Val Corr: 0.5517
  Epoch  500/1000 | Train: 0.018539 | Val Loss: 0.197053 | Val Corr: 0.5516
  Early stopping at epoch 506
    [lecun] s5: R²=0.3213, MAPE=16.09%
  Epoch    1/1000 | Train: 0.121846 | Val Loss: 0.158397 | Val Corr: 0.2411
  Epoch   20/1000 | Train: 0.057409 | Val Loss: 0.154840 | Val Corr: 0.4984
  Epoch   40/1000 | Train: 0.051557 | Val Loss: 0.145813 | Val Corr: 0.6060
  Epoch   60/1000 | Train: 0.042590 | Val Loss: 0.181246 | Val Corr: 0.5271
  Epoch   80/1000 | Train: 0.040047 | Val Loss: 0.159676 | Val Corr: 0.4836
  Epoch  100/1000 | Train: 0.038052 | Val Loss: 0.192293 | Val Corr: 0.4981
  Epoch  120/1000 | Train: 0.034788 | Val Loss: 0.178266 | Val Corr: 0.5884
  Epoch  140/1000 | Train: 0.030465 | Val Loss: 0.197943 | Val Corr: 0.5461
  Epoch  160/1000 | Train: 0.027507 | Val Loss: 0.219405 | Val Corr: 0.4706
  Epoch  180/1000 | Train: 0.023911 | Val Loss: 0.220387 | Val Corr: 0.4777
  Epoch  200/1000 | Train: 0.020860 | Val Loss: 0.223386 | Val Corr: 0.5006
  Epoch  220/1000 | Train: 0.022795 | Val Loss: 0.222466 | Val Corr: 0.5015
  Epoch  240/1000 | Train: 0.020589 | Val Loss: 0.220686 | Val Corr: 0.4634
  Epoch  260/1000 | Train: 0.021275 | Val Loss: 0.233069 | Val Corr: 0.4786
  Epoch  280/1000 | Train: 0.019062 | Val Loss: 0.217206 | Val Corr: 0.5454
  Early stopping at epoch 282
    [lecun] s6: R²=0.3777, MAPE=16.74%
  Epoch    1/1000 | Train: 0.149822 | Val Loss: 0.168467 | Val Corr: 0.3439
  Epoch   20/1000 | Train: 0.055674 | Val Loss: 0.137943 | Val Corr: 0.5265
  Epoch   40/1000 | Train: 0.048100 | Val Loss: 0.136180 | Val Corr: 0.4927
  Epoch   60/1000 | Train: 0.040158 | Val Loss: 0.158030 | Val Corr: 0.4574
  Epoch   80/1000 | Train: 0.038340 | Val Loss: 0.144956 | Val Corr: 0.3919
  Epoch  100/1000 | Train: 0.032796 | Val Loss: 0.142679 | Val Corr: 0.4394
  Epoch  120/1000 | Train: 0.028594 | Val Loss: 0.168154 | Val Corr: 0.3486
  Epoch  140/1000 | Train: 0.027772 | Val Loss: 0.164836 | Val Corr: 0.3233
  Epoch  160/1000 | Train: 0.022157 | Val Loss: 0.174111 | Val Corr: 0.3435
  Epoch  180/1000 | Train: 0.021406 | Val Loss: 0.170714 | Val Corr: 0.3332
  Epoch  200/1000 | Train: 0.020805 | Val Loss: 0.172073 | Val Corr: 0.4339
  Epoch  220/1000 | Train: 0.021199 | Val Loss: 0.178349 | Val Corr: 0.3109
  Epoch  240/1000 | Train: 0.021820 | Val Loss: 0.183663 | Val Corr: 0.4087
  Epoch  260/1000 | Train: 0.019140 | Val Loss: 0.185097 | Val Corr: 0.3406
  Early stopping at epoch 271
    [lecun] s8: R²=0.2532, MAPE=18.09%
  Epoch    1/1000 | Train: 0.114469 | Val Loss: 0.152489 | Val Corr: 0.4244
  Epoch   20/1000 | Train: 0.056773 | Val Loss: 0.143838 | Val Corr: 0.4992
  Epoch   40/1000 | Train: 0.045054 | Val Loss: 0.161873 | Val Corr: 0.5553
  Epoch   60/1000 | Train: 0.042601 | Val Loss: 0.164368 | Val Corr: 0.6133
  Epoch   80/1000 | Train: 0.032208 | Val Loss: 0.183694 | Val Corr: 0.5429
  Epoch  100/1000 | Train: 0.031381 | Val Loss: 0.185320 | Val Corr: 0.4908
  Epoch  120/1000 | Train: 0.027232 | Val Loss: 0.183704 | Val Corr: 0.5611
  Epoch  140/1000 | Train: 0.027594 | Val Loss: 0.193344 | Val Corr: 0.5794
  Epoch  160/1000 | Train: 0.023129 | Val Loss: 0.190167 | Val Corr: 0.4916
  Epoch  180/1000 | Train: 0.022345 | Val Loss: 0.196909 | Val Corr: 0.5406
  Epoch  200/1000 | Train: 0.023098 | Val Loss: 0.197177 | Val Corr: 0.4905
  Epoch  220/1000 | Train: 0.021349 | Val Loss: 0.202603 | Val Corr: 0.4736
  Epoch  240/1000 | Train: 0.021351 | Val Loss: 0.188192 | Val Corr: 0.5538
  Epoch  260/1000 | Train: 0.016631 | Val Loss: 0.192189 | Val Corr: 0.5441
  Epoch  280/1000 | Train: 0.018451 | Val Loss: 0.195296 | Val Corr: 0.4567
  Epoch  300/1000 | Train: 0.022373 | Val Loss: 0.209772 | Val Corr: 0.4609
  Early stopping at epoch 319
    [lecun] s9: R²=0.3006, MAPE=17.19%
  Epoch    1/1000 | Train: 0.108605 | Val Loss: 0.154801 | Val Corr: 0.3557
  Epoch   20/1000 | Train: 0.064044 | Val Loss: 0.139865 | Val Corr: 0.4742
  Epoch   40/1000 | Train: 0.053215 | Val Loss: 0.142041 | Val Corr: 0.4669
  Epoch   60/1000 | Train: 0.037331 | Val Loss: 0.139328 | Val Corr: 0.3119
  Epoch   80/1000 | Train: 0.036006 | Val Loss: 0.154603 | Val Corr: 0.3244
  Epoch  100/1000 | Train: 0.031691 | Val Loss: 0.158156 | Val Corr: 0.5341
  Epoch  120/1000 | Train: 0.027901 | Val Loss: 0.170404 | Val Corr: 0.4383
  Epoch  140/1000 | Train: 0.027738 | Val Loss: 0.146254 | Val Corr: 0.4096
  Epoch  160/1000 | Train: 0.026794 | Val Loss: 0.158698 | Val Corr: 0.5383
  Epoch  180/1000 | Train: 0.023204 | Val Loss: 0.156734 | Val Corr: 0.5105
  Epoch  200/1000 | Train: 0.024259 | Val Loss: 0.182419 | Val Corr: 0.5034
  Epoch  220/1000 | Train: 0.020280 | Val Loss: 0.164538 | Val Corr: 0.4472
  Epoch  240/1000 | Train: 0.020570 | Val Loss: 0.161704 | Val Corr: 0.4187
  Epoch  260/1000 | Train: 0.025101 | Val Loss: 0.185351 | Val Corr: 0.5068
  Early stopping at epoch 263
    [lecun] s10: R²=0.1586, MAPE=19.93%
  Epoch    1/1000 | Train: 0.122879 | Val Loss: 0.165469 | Val Corr: 0.3660
  Epoch   20/1000 | Train: 0.065308 | Val Loss: 0.135869 | Val Corr: 0.6125
  Epoch   40/1000 | Train: 0.046665 | Val Loss: 0.155481 | Val Corr: 0.6690
  Epoch   60/1000 | Train: 0.042480 | Val Loss: 0.175885 | Val Corr: 0.5823
  Epoch   80/1000 | Train: 0.033104 | Val Loss: 0.183313 | Val Corr: 0.5673
  Epoch  100/1000 | Train: 0.030606 | Val Loss: 0.184209 | Val Corr: 0.5385
  Epoch  120/1000 | Train: 0.027999 | Val Loss: 0.183148 | Val Corr: 0.5753
  Epoch  140/1000 | Train: 0.027337 | Val Loss: 0.202247 | Val Corr: 0.5344
  Epoch  160/1000 | Train: 0.024983 | Val Loss: 0.190819 | Val Corr: 0.5992
  Epoch  180/1000 | Train: 0.026123 | Val Loss: 0.198815 | Val Corr: 0.5848
  Epoch  200/1000 | Train: 0.025993 | Val Loss: 0.186952 | Val Corr: 0.6348
  Epoch  220/1000 | Train: 0.024987 | Val Loss: 0.196153 | Val Corr: 0.6147
  Epoch  240/1000 | Train: 0.021302 | Val Loss: 0.197952 | Val Corr: 0.5790
  Epoch  260/1000 | Train: 0.019203 | Val Loss: 0.190695 | Val Corr: 0.6420
  Epoch  280/1000 | Train: 0.021184 | Val Loss: 0.194550 | Val Corr: 0.6249
  Epoch  300/1000 | Train: 0.017191 | Val Loss: 0.190318 | Val Corr: 0.6218
  Early stopping at epoch 302
    [lecun] s11: R²=0.1356, MAPE=21.52%
  Epoch    1/1000 | Train: 0.103843 | Val Loss: 0.175087 | Val Corr: 0.2839
  Epoch   20/1000 | Train: 0.058167 | Val Loss: 0.156954 | Val Corr: 0.4435
  Epoch   40/1000 | Train: 0.049914 | Val Loss: 0.162105 | Val Corr: 0.5874
  Epoch   60/1000 | Train: 0.041256 | Val Loss: 0.171574 | Val Corr: 0.6396
  Epoch   80/1000 | Train: 0.037685 | Val Loss: 0.171634 | Val Corr: 0.6031
  Epoch  100/1000 | Train: 0.034211 | Val Loss: 0.189195 | Val Corr: 0.5593
  Epoch  120/1000 | Train: 0.028959 | Val Loss: 0.186711 | Val Corr: 0.5790
  Epoch  140/1000 | Train: 0.025454 | Val Loss: 0.187036 | Val Corr: 0.5998
  Epoch  160/1000 | Train: 0.026059 | Val Loss: 0.198787 | Val Corr: 0.5797
  Epoch  180/1000 | Train: 0.022665 | Val Loss: 0.198902 | Val Corr: 0.5735
  Epoch  200/1000 | Train: 0.025545 | Val Loss: 0.192322 | Val Corr: 0.6053
  Epoch  220/1000 | Train: 0.022474 | Val Loss: 0.199317 | Val Corr: 0.5684
  Epoch  240/1000 | Train: 0.023316 | Val Loss: 0.190918 | Val Corr: 0.6158
  Epoch  260/1000 | Train: 0.022174 | Val Loss: 0.197273 | Val Corr: 0.6074
  Epoch  280/1000 | Train: 0.020479 | Val Loss: 0.185844 | Val Corr: 0.5908
  Epoch  300/1000 | Train: 0.020916 | Val Loss: 0.194230 | Val Corr: 0.6138
  Epoch  320/1000 | Train: 0.019836 | Val Loss: 0.203612 | Val Corr: 0.5792
  Early stopping at epoch 322
    [lecun] s12: R²=0.2492, MAPE=17.43%
  Epoch    1/1000 | Train: 0.122427 | Val Loss: 0.154180 | Val Corr: 0.2802
  Epoch   20/1000 | Train: 0.064975 | Val Loss: 0.170821 | Val Corr: 0.4525
  Epoch   40/1000 | Train: 0.052122 | Val Loss: 0.176368 | Val Corr: 0.5721
  Epoch   60/1000 | Train: 0.043073 | Val Loss: 0.189654 | Val Corr: 0.4466
  Epoch   80/1000 | Train: 0.037211 | Val Loss: 0.202424 | Val Corr: 0.3764
  Epoch  100/1000 | Train: 0.036506 | Val Loss: 0.180672 | Val Corr: 0.5611
  Epoch  120/1000 | Train: 0.031257 | Val Loss: 0.195683 | Val Corr: 0.5895
  Epoch  140/1000 | Train: 0.032395 | Val Loss: 0.189392 | Val Corr: 0.5838
  Epoch  160/1000 | Train: 0.020383 | Val Loss: 0.195601 | Val Corr: 0.6178
  Epoch  180/1000 | Train: 0.024629 | Val Loss: 0.190912 | Val Corr: 0.5846
  Epoch  200/1000 | Train: 0.022619 | Val Loss: 0.192874 | Val Corr: 0.6310
  Epoch  220/1000 | Train: 0.020059 | Val Loss: 0.193486 | Val Corr: 0.6170
  Epoch  240/1000 | Train: 0.022382 | Val Loss: 0.193687 | Val Corr: 0.6160
  Epoch  260/1000 | Train: 0.019445 | Val Loss: 0.188913 | Val Corr: 0.6497
  Epoch  280/1000 | Train: 0.021694 | Val Loss: 0.196755 | Val Corr: 0.6106
  Epoch  300/1000 | Train: 0.021870 | Val Loss: 0.189540 | Val Corr: 0.6399
  Epoch  320/1000 | Train: 0.020609 | Val Loss: 0.195064 | Val Corr: 0.6410
  Epoch  340/1000 | Train: 0.022887 | Val Loss: 0.194271 | Val Corr: 0.6260
  Epoch  360/1000 | Train: 0.022536 | Val Loss: 0.200862 | Val Corr: 0.5790
  Epoch  380/1000 | Train: 0.019162 | Val Loss: 0.202563 | Val Corr: 0.5884
  Epoch  400/1000 | Train: 0.019960 | Val Loss: 0.198436 | Val Corr: 0.6256
  Epoch  420/1000 | Train: 0.020309 | Val Loss: 0.197292 | Val Corr: 0.6493
  Early stopping at epoch 432
    [lecun] s14: R²=0.4613, MAPE=16.34%
  Epoch    1/1000 | Train: 0.109208 | Val Loss: 0.171170 | Val Corr: -0.0873
  Epoch   20/1000 | Train: 0.057710 | Val Loss: 0.163615 | Val Corr: 0.5165
  Epoch   40/1000 | Train: 0.046734 | Val Loss: 0.167313 | Val Corr: 0.5271
  Epoch   60/1000 | Train: 0.040069 | Val Loss: 0.157247 | Val Corr: 0.5668
  Epoch   80/1000 | Train: 0.035640 | Val Loss: 0.197647 | Val Corr: 0.3984
  Epoch  100/1000 | Train: 0.026704 | Val Loss: 0.192826 | Val Corr: 0.5385
  Epoch  120/1000 | Train: 0.031234 | Val Loss: 0.183999 | Val Corr: 0.5029
  Epoch  140/1000 | Train: 0.028080 | Val Loss: 0.192925 | Val Corr: 0.4908
  Epoch  160/1000 | Train: 0.030391 | Val Loss: 0.181616 | Val Corr: 0.5782
  Epoch  180/1000 | Train: 0.022368 | Val Loss: 0.193138 | Val Corr: 0.5603
  Epoch  200/1000 | Train: 0.022743 | Val Loss: 0.195143 | Val Corr: 0.4994
  Epoch  220/1000 | Train: 0.024319 | Val Loss: 0.204773 | Val Corr: 0.4807
  Epoch  240/1000 | Train: 0.021933 | Val Loss: 0.201418 | Val Corr: 0.5244
  Epoch  260/1000 | Train: 0.020075 | Val Loss: 0.192602 | Val Corr: 0.5175
  Epoch  280/1000 | Train: 0.018521 | Val Loss: 0.207449 | Val Corr: 0.4523
  Early stopping at epoch 282
    [lecun] s15: R²=0.1316, MAPE=20.14%
  Epoch    1/1000 | Train: 0.113723 | Val Loss: 0.154775 | Val Corr: 0.4371
  Epoch   20/1000 | Train: 0.061811 | Val Loss: 0.146538 | Val Corr: 0.5904
  Epoch   40/1000 | Train: 0.046099 | Val Loss: 0.158541 | Val Corr: 0.6253
  Epoch   60/1000 | Train: 0.044537 | Val Loss: 0.160678 | Val Corr: 0.6090
  Epoch   80/1000 | Train: 0.037236 | Val Loss: 0.156975 | Val Corr: 0.5849
  Epoch  100/1000 | Train: 0.032209 | Val Loss: 0.158958 | Val Corr: 0.6234
  Epoch  120/1000 | Train: 0.028744 | Val Loss: 0.162148 | Val Corr: 0.6109
  Epoch  140/1000 | Train: 0.030050 | Val Loss: 0.172662 | Val Corr: 0.6327
  Epoch  160/1000 | Train: 0.025292 | Val Loss: 0.165492 | Val Corr: 0.6663
  Epoch  180/1000 | Train: 0.025703 | Val Loss: 0.171209 | Val Corr: 0.6150
  Epoch  200/1000 | Train: 0.023984 | Val Loss: 0.180566 | Val Corr: 0.6158
  Epoch  220/1000 | Train: 0.019106 | Val Loss: 0.173648 | Val Corr: 0.6554
  Epoch  240/1000 | Train: 0.018563 | Val Loss: 0.171595 | Val Corr: 0.6419
  Epoch  260/1000 | Train: 0.022465 | Val Loss: 0.165436 | Val Corr: 0.6475
  Epoch  280/1000 | Train: 0.018155 | Val Loss: 0.182711 | Val Corr: 0.6392
  Early stopping at epoch 283
    [lecun] s16: R²=0.4449, MAPE=16.80%
  Epoch    1/1000 | Train: 0.139922 | Val Loss: 0.188147 | Val Corr: 0.3311
  Epoch   20/1000 | Train: 0.059082 | Val Loss: 0.169472 | Val Corr: 0.5760
  Epoch   40/1000 | Train: 0.051786 | Val Loss: 0.184524 | Val Corr: 0.5150
  Epoch   60/1000 | Train: 0.037875 | Val Loss: 0.194844 | Val Corr: 0.5508
  Epoch   80/1000 | Train: 0.036827 | Val Loss: 0.187225 | Val Corr: 0.4892
  Epoch  100/1000 | Train: 0.036774 | Val Loss: 0.181019 | Val Corr: 0.6164
  Epoch  120/1000 | Train: 0.029938 | Val Loss: 0.195566 | Val Corr: 0.5693
  Epoch  140/1000 | Train: 0.031651 | Val Loss: 0.212748 | Val Corr: 0.4991
  Epoch  160/1000 | Train: 0.029026 | Val Loss: 0.209200 | Val Corr: 0.5391
  Epoch  180/1000 | Train: 0.028005 | Val Loss: 0.217642 | Val Corr: 0.4511
  Epoch  200/1000 | Train: 0.027398 | Val Loss: 0.212882 | Val Corr: 0.5160
  Epoch  220/1000 | Train: 0.025358 | Val Loss: 0.204282 | Val Corr: 0.5734
  Epoch  240/1000 | Train: 0.024150 | Val Loss: 0.218126 | Val Corr: 0.4827
  Epoch  260/1000 | Train: 0.020345 | Val Loss: 0.203153 | Val Corr: 0.5624
  Epoch  280/1000 | Train: 0.018553 | Val Loss: 0.202226 | Val Corr: 0.5987
  Epoch  300/1000 | Train: 0.021100 | Val Loss: 0.210455 | Val Corr: 0.5685
  Early stopping at epoch 309
    [lecun] s17: R²=0.3486, MAPE=19.87%
  Epoch    1/1000 | Train: 0.133246 | Val Loss: 0.184236 | Val Corr: 0.4613
  Epoch   20/1000 | Train: 0.054731 | Val Loss: 0.174607 | Val Corr: 0.5182
  Epoch   40/1000 | Train: 0.050904 | Val Loss: 0.184629 | Val Corr: 0.5667
  Epoch   60/1000 | Train: 0.045770 | Val Loss: 0.170942 | Val Corr: 0.5689
  Epoch   80/1000 | Train: 0.039426 | Val Loss: 0.203108 | Val Corr: 0.5262
  Epoch  100/1000 | Train: 0.035821 | Val Loss: 0.204855 | Val Corr: 0.5000
  Epoch  120/1000 | Train: 0.028987 | Val Loss: 0.200245 | Val Corr: 0.5476
  Epoch  140/1000 | Train: 0.028496 | Val Loss: 0.204166 | Val Corr: 0.5432
  Epoch  160/1000 | Train: 0.023816 | Val Loss: 0.211238 | Val Corr: 0.5239
  Epoch  180/1000 | Train: 0.027372 | Val Loss: 0.207669 | Val Corr: 0.5646
  Epoch  200/1000 | Train: 0.022381 | Val Loss: 0.227716 | Val Corr: 0.4785
  Epoch  220/1000 | Train: 0.024605 | Val Loss: 0.211701 | Val Corr: 0.5558
  Epoch  240/1000 | Train: 0.019871 | Val Loss: 0.210808 | Val Corr: 0.5581
  Epoch  260/1000 | Train: 0.019687 | Val Loss: 0.189419 | Val Corr: 0.6056
  Epoch  280/1000 | Train: 0.019563 | Val Loss: 0.212533 | Val Corr: 0.5398
  Early stopping at epoch 286
    [lecun] s18: R²=0.2174, MAPE=19.63%
  Epoch    1/1000 | Train: 0.131701 | Val Loss: 0.174332 | Val Corr: 0.3159
  Epoch   20/1000 | Train: 0.059237 | Val Loss: 0.170712 | Val Corr: 0.5945
  Epoch   40/1000 | Train: 0.045229 | Val Loss: 0.188330 | Val Corr: 0.5050
  Epoch   60/1000 | Train: 0.042879 | Val Loss: 0.186659 | Val Corr: 0.5335
  Epoch   80/1000 | Train: 0.035177 | Val Loss: 0.179603 | Val Corr: 0.5811
  Epoch  100/1000 | Train: 0.032515 | Val Loss: 0.169232 | Val Corr: 0.6104
  Epoch  120/1000 | Train: 0.027458 | Val Loss: 0.192774 | Val Corr: 0.5213
  Epoch  140/1000 | Train: 0.027333 | Val Loss: 0.184736 | Val Corr: 0.5622
  Epoch  160/1000 | Train: 0.024682 | Val Loss: 0.187583 | Val Corr: 0.5154
  Epoch  180/1000 | Train: 0.023167 | Val Loss: 0.184271 | Val Corr: 0.5514
  Epoch  200/1000 | Train: 0.025853 | Val Loss: 0.186541 | Val Corr: 0.5662
  Epoch  220/1000 | Train: 0.024934 | Val Loss: 0.182718 | Val Corr: 0.5611
  Epoch  240/1000 | Train: 0.020879 | Val Loss: 0.178112 | Val Corr: 0.5877
  Epoch  260/1000 | Train: 0.025891 | Val Loss: 0.190311 | Val Corr: 0.5774
  Early stopping at epoch 264
    [lecun] s19: R²=0.1834, MAPE=19.59%
  Epoch    1/1000 | Train: 0.127755 | Val Loss: 0.178095 | Val Corr: -0.3227
  Epoch   20/1000 | Train: 0.059668 | Val Loss: 0.170969 | Val Corr: 0.5205
  Epoch   40/1000 | Train: 0.045929 | Val Loss: 0.159471 | Val Corr: 0.5802
  Epoch   60/1000 | Train: 0.046077 | Val Loss: 0.181225 | Val Corr: 0.5598
  Epoch   80/1000 | Train: 0.038775 | Val Loss: 0.173490 | Val Corr: 0.5939
  Epoch  100/1000 | Train: 0.037694 | Val Loss: 0.162830 | Val Corr: 0.6330
  Epoch  120/1000 | Train: 0.026341 | Val Loss: 0.176212 | Val Corr: 0.5246
  Epoch  140/1000 | Train: 0.026620 | Val Loss: 0.178465 | Val Corr: 0.5620
  Epoch  160/1000 | Train: 0.022613 | Val Loss: 0.184974 | Val Corr: 0.5746
  Epoch  180/1000 | Train: 0.023766 | Val Loss: 0.182193 | Val Corr: 0.6043
  Epoch  200/1000 | Train: 0.026060 | Val Loss: 0.181749 | Val Corr: 0.5884
  Epoch  220/1000 | Train: 0.019556 | Val Loss: 0.186471 | Val Corr: 0.5808
  Epoch  240/1000 | Train: 0.025096 | Val Loss: 0.189665 | Val Corr: 0.5874
  Epoch  260/1000 | Train: 0.024785 | Val Loss: 0.167958 | Val Corr: 0.5931
  Epoch  280/1000 | Train: 0.018230 | Val Loss: 0.177378 | Val Corr: 0.5645
  Epoch  300/1000 | Train: 0.022218 | Val Loss: 0.174901 | Val Corr: 0.6171
  Epoch  320/1000 | Train: 0.021591 | Val Loss: 0.184917 | Val Corr: 0.6101
  Epoch  340/1000 | Train: 0.019374 | Val Loss: 0.176263 | Val Corr: 0.5719
  Early stopping at epoch 353
    [lecun] s20: R²=0.3021, MAPE=17.98%
  Epoch    1/1000 | Train: 0.113141 | Val Loss: 0.149667 | Val Corr: 0.2156
  Epoch   20/1000 | Train: 0.064186 | Val Loss: 0.169251 | Val Corr: 0.5084
  Epoch   40/1000 | Train: 0.048985 | Val Loss: 0.160727 | Val Corr: 0.6032
  Epoch   60/1000 | Train: 0.040930 | Val Loss: 0.164819 | Val Corr: 0.6435
  Epoch   80/1000 | Train: 0.039751 | Val Loss: 0.173760 | Val Corr: 0.6114
  Epoch  100/1000 | Train: 0.034802 | Val Loss: 0.182286 | Val Corr: 0.5981
  Epoch  120/1000 | Train: 0.026202 | Val Loss: 0.185392 | Val Corr: 0.6163
  Epoch  140/1000 | Train: 0.031937 | Val Loss: 0.185511 | Val Corr: 0.6212
  Epoch  160/1000 | Train: 0.024309 | Val Loss: 0.173667 | Val Corr: 0.6637
  Epoch  180/1000 | Train: 0.025376 | Val Loss: 0.198704 | Val Corr: 0.5771
  Epoch  200/1000 | Train: 0.023850 | Val Loss: 0.199639 | Val Corr: 0.5282
  Epoch  220/1000 | Train: 0.022308 | Val Loss: 0.190729 | Val Corr: 0.5855
  Epoch  240/1000 | Train: 0.020010 | Val Loss: 0.205366 | Val Corr: 0.5316
  Epoch  260/1000 | Train: 0.020872 | Val Loss: 0.200356 | Val Corr: 0.5681
  Epoch  280/1000 | Train: 0.021808 | Val Loss: 0.197794 | Val Corr: 0.6000
  Epoch  300/1000 | Train: 0.017494 | Val Loss: 0.195180 | Val Corr: 0.5907
  Epoch  320/1000 | Train: 0.021558 | Val Loss: 0.202838 | Val Corr: 0.5612
  Early stopping at epoch 329
    [lecun] s21: R²=0.3072, MAPE=18.30%
  Epoch    1/1000 | Train: 0.106410 | Val Loss: 0.164438 | Val Corr: 0.2998
  Epoch   20/1000 | Train: 0.059750 | Val Loss: 0.163051 | Val Corr: 0.4593
  Epoch   40/1000 | Train: 0.047502 | Val Loss: 0.173788 | Val Corr: 0.5656
  Epoch   60/1000 | Train: 0.045234 | Val Loss: 0.179809 | Val Corr: 0.5631
  Epoch   80/1000 | Train: 0.036030 | Val Loss: 0.179606 | Val Corr: 0.5542
  Epoch  100/1000 | Train: 0.036746 | Val Loss: 0.182541 | Val Corr: 0.5348
  Epoch  120/1000 | Train: 0.032426 | Val Loss: 0.186893 | Val Corr: 0.5055
  Epoch  140/1000 | Train: 0.027371 | Val Loss: 0.204804 | Val Corr: 0.4718
  Epoch  160/1000 | Train: 0.026827 | Val Loss: 0.206017 | Val Corr: 0.4959
  Epoch  180/1000 | Train: 0.023192 | Val Loss: 0.210752 | Val Corr: 0.5178
  Epoch  200/1000 | Train: 0.022878 | Val Loss: 0.204387 | Val Corr: 0.5308
  Epoch  220/1000 | Train: 0.020578 | Val Loss: 0.217345 | Val Corr: 0.4581
  Epoch  240/1000 | Train: 0.021432 | Val Loss: 0.203413 | Val Corr: 0.4588
  Epoch  260/1000 | Train: 0.024115 | Val Loss: 0.211465 | Val Corr: 0.4690
  Epoch  280/1000 | Train: 0.019982 | Val Loss: 0.216927 | Val Corr: 0.4761
  Epoch  300/1000 | Train: 0.022564 | Val Loss: 0.204636 | Val Corr: 0.5061
  Early stopping at epoch 300
    [lecun] s22: R²=0.2639, MAPE=18.65%
  Epoch    1/1000 | Train: 0.101380 | Val Loss: 0.172787 | Val Corr: 0.3906
  Epoch   20/1000 | Train: 0.054413 | Val Loss: 0.174034 | Val Corr: 0.5012
  Epoch   40/1000 | Train: 0.044354 | Val Loss: 0.159883 | Val Corr: 0.6244
  Epoch   60/1000 | Train: 0.045205 | Val Loss: 0.174636 | Val Corr: 0.4582
  Epoch   80/1000 | Train: 0.035507 | Val Loss: 0.165594 | Val Corr: 0.5735
  Epoch  100/1000 | Train: 0.033784 | Val Loss: 0.178746 | Val Corr: 0.5694
  Epoch  120/1000 | Train: 0.031177 | Val Loss: 0.187479 | Val Corr: 0.5776
  Epoch  140/1000 | Train: 0.026204 | Val Loss: 0.182781 | Val Corr: 0.5840
  Epoch  160/1000 | Train: 0.024436 | Val Loss: 0.186512 | Val Corr: 0.5529
  Epoch  180/1000 | Train: 0.025805 | Val Loss: 0.194579 | Val Corr: 0.5858
  Epoch  200/1000 | Train: 0.024145 | Val Loss: 0.189600 | Val Corr: 0.5753
  Epoch  220/1000 | Train: 0.022889 | Val Loss: 0.197729 | Val Corr: 0.5564
  Epoch  240/1000 | Train: 0.021114 | Val Loss: 0.189674 | Val Corr: 0.6022
  Epoch  260/1000 | Train: 0.021424 | Val Loss: 0.198953 | Val Corr: 0.5516
  Epoch  280/1000 | Train: 0.021067 | Val Loss: 0.200020 | Val Corr: 0.5858
  Epoch  300/1000 | Train: 0.023064 | Val Loss: 0.188616 | Val Corr: 0.5602
  Epoch  320/1000 | Train: 0.018602 | Val Loss: 0.198911 | Val Corr: 0.5812
  Epoch  340/1000 | Train: 0.021975 | Val Loss: 0.185979 | Val Corr: 0.6016
  Early stopping at epoch 346
    [lecun] s23: R²=0.2766, MAPE=21.12%
  Epoch    1/1000 | Train: 0.113280 | Val Loss: 0.143830 | Val Corr: 0.1790
  Epoch   20/1000 | Train: 0.063468 | Val Loss: 0.159895 | Val Corr: 0.3910
  Epoch   40/1000 | Train: 0.052931 | Val Loss: 0.177309 | Val Corr: 0.4625
  Epoch   60/1000 | Train: 0.048285 | Val Loss: 0.160803 | Val Corr: 0.5525
  Epoch   80/1000 | Train: 0.040472 | Val Loss: 0.189141 | Val Corr: 0.4127
  Epoch  100/1000 | Train: 0.029522 | Val Loss: 0.198861 | Val Corr: 0.4937
  Epoch  120/1000 | Train: 0.028805 | Val Loss: 0.195515 | Val Corr: 0.4904
  Epoch  140/1000 | Train: 0.028260 | Val Loss: 0.205231 | Val Corr: 0.5157
  Epoch  160/1000 | Train: 0.024478 | Val Loss: 0.194353 | Val Corr: 0.5513
  Epoch  180/1000 | Train: 0.025561 | Val Loss: 0.176136 | Val Corr: 0.5342
  Epoch  200/1000 | Train: 0.022754 | Val Loss: 0.209618 | Val Corr: 0.4888
  Epoch  220/1000 | Train: 0.021168 | Val Loss: 0.204239 | Val Corr: 0.5288
  Epoch  240/1000 | Train: 0.021015 | Val Loss: 0.191993 | Val Corr: 0.6119
  Epoch  260/1000 | Train: 0.024931 | Val Loss: 0.213160 | Val Corr: 0.5278
  Epoch  280/1000 | Train: 0.021242 | Val Loss: 0.204737 | Val Corr: 0.5395
  Epoch  300/1000 | Train: 0.019748 | Val Loss: 0.214159 | Val Corr: 0.5316
  Early stopping at epoch 312
    [lecun] s24: R²=0.3531, MAPE=17.51%
  Epoch    1/1000 | Train: 0.118507 | Val Loss: 0.164162 | Val Corr: 0.2708
  Epoch   20/1000 | Train: 0.059389 | Val Loss: 0.156059 | Val Corr: 0.5953
  Epoch   40/1000 | Train: 0.048120 | Val Loss: 0.154453 | Val Corr: 0.6319
  Epoch   60/1000 | Train: 0.039162 | Val Loss: 0.150870 | Val Corr: 0.5757
  Epoch   80/1000 | Train: 0.035952 | Val Loss: 0.169129 | Val Corr: 0.5530
  Epoch  100/1000 | Train: 0.036913 | Val Loss: 0.180134 | Val Corr: 0.5355
  Epoch  120/1000 | Train: 0.027906 | Val Loss: 0.203446 | Val Corr: 0.4770
  Epoch  140/1000 | Train: 0.024793 | Val Loss: 0.176302 | Val Corr: 0.5582
  Epoch  160/1000 | Train: 0.022189 | Val Loss: 0.184116 | Val Corr: 0.5629
  Epoch  180/1000 | Train: 0.021196 | Val Loss: 0.200179 | Val Corr: 0.5354
  Epoch  200/1000 | Train: 0.025589 | Val Loss: 0.203366 | Val Corr: 0.5245
  Epoch  220/1000 | Train: 0.022610 | Val Loss: 0.192357 | Val Corr: 0.5747
  Epoch  240/1000 | Train: 0.019893 | Val Loss: 0.186760 | Val Corr: 0.5581
  Epoch  260/1000 | Train: 0.022030 | Val Loss: 0.170111 | Val Corr: 0.5115
  Epoch  280/1000 | Train: 0.018705 | Val Loss: 0.182390 | Val Corr: 0.5430
  Early stopping at epoch 296
    [lecun] s25: R²=0.4866, MAPE=14.58%
  Epoch    1/1000 | Train: 0.124344 | Val Loss: 0.172580 | Val Corr: 0.4004
  Epoch   20/1000 | Train: 0.050725 | Val Loss: 0.158489 | Val Corr: 0.5264
  Epoch   40/1000 | Train: 0.050312 | Val Loss: 0.164398 | Val Corr: 0.5537
  Epoch   60/1000 | Train: 0.042197 | Val Loss: 0.164987 | Val Corr: 0.6391
  Epoch   80/1000 | Train: 0.037599 | Val Loss: 0.176662 | Val Corr: 0.5993
  Epoch  100/1000 | Train: 0.035752 | Val Loss: 0.176800 | Val Corr: 0.6032
  Epoch  120/1000 | Train: 0.031783 | Val Loss: 0.173727 | Val Corr: 0.6310
  Epoch  140/1000 | Train: 0.028526 | Val Loss: 0.176595 | Val Corr: 0.6555
  Epoch  160/1000 | Train: 0.028476 | Val Loss: 0.167576 | Val Corr: 0.6686
  Epoch  180/1000 | Train: 0.025466 | Val Loss: 0.163310 | Val Corr: 0.6842
  Epoch  200/1000 | Train: 0.024301 | Val Loss: 0.168843 | Val Corr: 0.6625
  Epoch  220/1000 | Train: 0.024743 | Val Loss: 0.176552 | Val Corr: 0.6574
  Epoch  240/1000 | Train: 0.019361 | Val Loss: 0.177400 | Val Corr: 0.6272
  Epoch  260/1000 | Train: 0.023287 | Val Loss: 0.168758 | Val Corr: 0.6460
  Epoch  280/1000 | Train: 0.021990 | Val Loss: 0.171523 | Val Corr: 0.6148
  Epoch  300/1000 | Train: 0.023004 | Val Loss: 0.173412 | Val Corr: 0.6459
  Epoch  320/1000 | Train: 0.021931 | Val Loss: 0.178800 | Val Corr: 0.6424
  Epoch  340/1000 | Train: 0.020181 | Val Loss: 0.172988 | Val Corr: 0.6541
  Epoch  360/1000 | Train: 0.019605 | Val Loss: 0.174917 | Val Corr: 0.6427
  Early stopping at epoch 378
    [lecun] s26: R²=0.2642, MAPE=16.44%
  Epoch    1/1000 | Train: 0.117592 | Val Loss: 0.160443 | Val Corr: 0.2920
  Epoch   20/1000 | Train: 0.057540 | Val Loss: 0.148515 | Val Corr: 0.6445
  Epoch   40/1000 | Train: 0.046429 | Val Loss: 0.149350 | Val Corr: 0.5621
  Epoch   60/1000 | Train: 0.042172 | Val Loss: 0.178413 | Val Corr: 0.5148
  Epoch   80/1000 | Train: 0.037734 | Val Loss: 0.157076 | Val Corr: 0.5824
  Epoch  100/1000 | Train: 0.032653 | Val Loss: 0.163984 | Val Corr: 0.6037
  Epoch  120/1000 | Train: 0.029128 | Val Loss: 0.155151 | Val Corr: 0.5736
  Epoch  140/1000 | Train: 0.025152 | Val Loss: 0.163734 | Val Corr: 0.6337
  Epoch  160/1000 | Train: 0.025986 | Val Loss: 0.151933 | Val Corr: 0.6254
  Epoch  180/1000 | Train: 0.022828 | Val Loss: 0.156746 | Val Corr: 0.6693
  Epoch  200/1000 | Train: 0.026189 | Val Loss: 0.150711 | Val Corr: 0.5768
  Epoch  220/1000 | Train: 0.022347 | Val Loss: 0.151291 | Val Corr: 0.6559
  Epoch  240/1000 | Train: 0.027715 | Val Loss: 0.157659 | Val Corr: 0.6353
  Epoch  260/1000 | Train: 0.023509 | Val Loss: 0.161602 | Val Corr: 0.6713
  Epoch  280/1000 | Train: 0.020854 | Val Loss: 0.164708 | Val Corr: 0.6569
  Epoch  300/1000 | Train: 0.022614 | Val Loss: 0.165309 | Val Corr: 0.6782
  Epoch  320/1000 | Train: 0.018428 | Val Loss: 0.174511 | Val Corr: 0.6224
  Epoch  340/1000 | Train: 0.019293 | Val Loss: 0.172486 | Val Corr: 0.6684
  Epoch  360/1000 | Train: 0.020830 | Val Loss: 0.164291 | Val Corr: 0.6683
  Epoch  380/1000 | Train: 0.019497 | Val Loss: 0.166606 | Val Corr: 0.6693
  Early stopping at epoch 380
    [lecun] s27: R²=0.2609, MAPE=19.54%
  Epoch    1/1000 | Train: 0.105754 | Val Loss: 0.152947 | Val Corr: 0.0479
  Epoch   20/1000 | Train: 0.053541 | Val Loss: 0.144188 | Val Corr: 0.5446
  Epoch   40/1000 | Train: 0.045849 | Val Loss: 0.148764 | Val Corr: 0.5227
  Epoch   60/1000 | Train: 0.039909 | Val Loss: 0.156681 | Val Corr: 0.6102
  Epoch   80/1000 | Train: 0.037859 | Val Loss: 0.161728 | Val Corr: 0.5474
  Epoch  100/1000 | Train: 0.030726 | Val Loss: 0.162129 | Val Corr: 0.5337
  Epoch  120/1000 | Train: 0.029881 | Val Loss: 0.162750 | Val Corr: 0.5566
  Epoch  140/1000 | Train: 0.027351 | Val Loss: 0.171085 | Val Corr: 0.5960
  Epoch  160/1000 | Train: 0.026071 | Val Loss: 0.179361 | Val Corr: 0.6347
  Epoch  180/1000 | Train: 0.029500 | Val Loss: 0.163388 | Val Corr: 0.6173
  Epoch  200/1000 | Train: 0.021221 | Val Loss: 0.197523 | Val Corr: 0.5165
  Epoch  220/1000 | Train: 0.027632 | Val Loss: 0.173632 | Val Corr: 0.6162
  Epoch  240/1000 | Train: 0.021252 | Val Loss: 0.190913 | Val Corr: 0.5482
  Epoch  260/1000 | Train: 0.023072 | Val Loss: 0.169834 | Val Corr: 0.5880
  Epoch  280/1000 | Train: 0.025178 | Val Loss: 0.162827 | Val Corr: 0.6340
  Epoch  300/1000 | Train: 0.022293 | Val Loss: 0.175585 | Val Corr: 0.5951
  Epoch  320/1000 | Train: 0.021596 | Val Loss: 0.160978 | Val Corr: 0.5932
  Epoch  340/1000 | Train: 0.020313 | Val Loss: 0.179160 | Val Corr: 0.5951
  Epoch  360/1000 | Train: 0.019029 | Val Loss: 0.168003 | Val Corr: 0.6114
  Early stopping at epoch 369
    [lecun] s28: R²=0.1835, MAPE=20.19%
  Epoch    1/1000 | Train: 0.123049 | Val Loss: 0.185153 | Val Corr: 0.3722
  Epoch   20/1000 | Train: 0.060853 | Val Loss: 0.138322 | Val Corr: 0.3453
  Epoch   40/1000 | Train: 0.049146 | Val Loss: 0.170993 | Val Corr: 0.5551
  Epoch   60/1000 | Train: 0.048129 | Val Loss: 0.175368 | Val Corr: 0.4822
  Epoch   80/1000 | Train: 0.036077 | Val Loss: 0.173364 | Val Corr: 0.4864
  Epoch  100/1000 | Train: 0.038453 | Val Loss: 0.178259 | Val Corr: 0.5452
  Epoch  120/1000 | Train: 0.033582 | Val Loss: 0.189288 | Val Corr: 0.5346
  Epoch  140/1000 | Train: 0.026653 | Val Loss: 0.181678 | Val Corr: 0.4444
  Epoch  160/1000 | Train: 0.024737 | Val Loss: 0.183410 | Val Corr: 0.5155
  Epoch  180/1000 | Train: 0.022717 | Val Loss: 0.186968 | Val Corr: 0.5221
  Epoch  200/1000 | Train: 0.025175 | Val Loss: 0.183775 | Val Corr: 0.4992
  Epoch  220/1000 | Train: 0.025651 | Val Loss: 0.181751 | Val Corr: 0.6177
  Epoch  240/1000 | Train: 0.020766 | Val Loss: 0.189390 | Val Corr: 0.5769
  Epoch  260/1000 | Train: 0.021936 | Val Loss: 0.203726 | Val Corr: 0.5228
  Epoch  280/1000 | Train: 0.025018 | Val Loss: 0.186625 | Val Corr: 0.5518
  Epoch  300/1000 | Train: 0.019900 | Val Loss: 0.173150 | Val Corr: 0.5898
  Epoch  320/1000 | Train: 0.021767 | Val Loss: 0.192104 | Val Corr: 0.5735
  Epoch  340/1000 | Train: 0.018745 | Val Loss: 0.201366 | Val Corr: 0.5585
  Epoch  360/1000 | Train: 0.020712 | Val Loss: 0.186685 | Val Corr: 0.5897
  Epoch  380/1000 | Train: 0.016181 | Val Loss: 0.198892 | Val Corr: 0.5781
  Epoch  400/1000 | Train: 0.020653 | Val Loss: 0.182955 | Val Corr: 0.6021
  Epoch  420/1000 | Train: 0.020163 | Val Loss: 0.190345 | Val Corr: 0.5997
  Epoch  440/1000 | Train: 0.020193 | Val Loss: 0.182940 | Val Corr: 0.5695
  Epoch  460/1000 | Train: 0.018275 | Val Loss: 0.181277 | Val Corr: 0.6308
  Epoch  480/1000 | Train: 0.016812 | Val Loss: 0.181728 | Val Corr: 0.6334
  Epoch  500/1000 | Train: 0.018237 | Val Loss: 0.189586 | Val Corr: 0.5937
  Epoch  520/1000 | Train: 0.018377 | Val Loss: 0.204028 | Val Corr: 0.5719
  Epoch  540/1000 | Train: 0.014593 | Val Loss: 0.206318 | Val Corr: 0.5524
  Epoch  560/1000 | Train: 0.017240 | Val Loss: 0.197611 | Val Corr: 0.5671
  Epoch  580/1000 | Train: 0.019485 | Val Loss: 0.195276 | Val Corr: 0.5761
  Epoch  600/1000 | Train: 0.016436 | Val Loss: 0.187723 | Val Corr: 0.6162
  Epoch  620/1000 | Train: 0.019418 | Val Loss: 0.194213 | Val Corr: 0.5488
  Epoch  640/1000 | Train: 0.017860 | Val Loss: 0.191410 | Val Corr: 0.6140
  Epoch  660/1000 | Train: 0.016337 | Val Loss: 0.191225 | Val Corr: 0.6181
  Epoch  680/1000 | Train: 0.020303 | Val Loss: 0.192810 | Val Corr: 0.6144
  Epoch  700/1000 | Train: 0.019489 | Val Loss: 0.197163 | Val Corr: 0.6086
  Epoch  720/1000 | Train: 0.017602 | Val Loss: 0.198134 | Val Corr: 0.6109
  Early stopping at epoch 721
    [lecun] s29: R²=0.4148, MAPE=17.20%
  Epoch    1/1000 | Train: 0.114959 | Val Loss: 0.174039 | Val Corr: 0.0879
  Epoch   20/1000 | Train: 0.055243 | Val Loss: 0.145660 | Val Corr: 0.5558
  Epoch   40/1000 | Train: 0.042933 | Val Loss: 0.172696 | Val Corr: 0.6406
  Epoch   60/1000 | Train: 0.042352 | Val Loss: 0.163647 | Val Corr: 0.6210
  Epoch   80/1000 | Train: 0.035354 | Val Loss: 0.172917 | Val Corr: 0.5270
  Epoch  100/1000 | Train: 0.029595 | Val Loss: 0.178468 | Val Corr: 0.6286
  Epoch  120/1000 | Train: 0.027595 | Val Loss: 0.182157 | Val Corr: 0.5615
  Epoch  140/1000 | Train: 0.026543 | Val Loss: 0.165718 | Val Corr: 0.5973
  Epoch  160/1000 | Train: 0.027773 | Val Loss: 0.181682 | Val Corr: 0.6134
  Epoch  180/1000 | Train: 0.027934 | Val Loss: 0.161907 | Val Corr: 0.5723
  Epoch  200/1000 | Train: 0.023157 | Val Loss: 0.190842 | Val Corr: 0.5872
  Epoch  220/1000 | Train: 0.022560 | Val Loss: 0.190595 | Val Corr: 0.5906
  Epoch  240/1000 | Train: 0.020437 | Val Loss: 0.166340 | Val Corr: 0.6089
  Epoch  260/1000 | Train: 0.024556 | Val Loss: 0.175024 | Val Corr: 0.5924
  Early stopping at epoch 271
    [lecun] s30: R²=0.4124, MAPE=14.64%
  Epoch    1/1000 | Train: 0.116248 | Val Loss: 0.174205 | Val Corr: 0.2417
  Epoch   20/1000 | Train: 0.054288 | Val Loss: 0.153740 | Val Corr: 0.5433
  Epoch   40/1000 | Train: 0.051466 | Val Loss: 0.163243 | Val Corr: 0.6419
  Epoch   60/1000 | Train: 0.043311 | Val Loss: 0.173367 | Val Corr: 0.5801
  Epoch   80/1000 | Train: 0.034990 | Val Loss: 0.177130 | Val Corr: 0.5732
  Epoch  100/1000 | Train: 0.030894 | Val Loss: 0.177765 | Val Corr: 0.5623
  Epoch  120/1000 | Train: 0.030268 | Val Loss: 0.191439 | Val Corr: 0.5976
  Epoch  140/1000 | Train: 0.026726 | Val Loss: 0.198595 | Val Corr: 0.5629
  Epoch  160/1000 | Train: 0.026821 | Val Loss: 0.184140 | Val Corr: 0.6244
  Epoch  180/1000 | Train: 0.024846 | Val Loss: 0.175270 | Val Corr: 0.6732
  Epoch  200/1000 | Train: 0.024895 | Val Loss: 0.180852 | Val Corr: 0.6688
  Epoch  220/1000 | Train: 0.019950 | Val Loss: 0.183895 | Val Corr: 0.6176
  Epoch  240/1000 | Train: 0.026077 | Val Loss: 0.163715 | Val Corr: 0.6404
  Epoch  260/1000 | Train: 0.022450 | Val Loss: 0.186729 | Val Corr: 0.5812
  Epoch  280/1000 | Train: 0.020183 | Val Loss: 0.164808 | Val Corr: 0.6615
  Epoch  300/1000 | Train: 0.020942 | Val Loss: 0.184531 | Val Corr: 0.5611
  Epoch  320/1000 | Train: 0.019197 | Val Loss: 0.177902 | Val Corr: 0.6363
  Epoch  340/1000 | Train: 0.019975 | Val Loss: 0.168318 | Val Corr: 0.6505
  Epoch  360/1000 | Train: 0.020664 | Val Loss: 0.179982 | Val Corr: 0.6300
  Epoch  380/1000 | Train: 0.018857 | Val Loss: 0.182827 | Val Corr: 0.6406
  Epoch  400/1000 | Train: 0.018951 | Val Loss: 0.178876 | Val Corr: 0.6536
  Epoch  420/1000 | Train: 0.018444 | Val Loss: 0.185153 | Val Corr: 0.6123
  Epoch  440/1000 | Train: 0.021510 | Val Loss: 0.190389 | Val Corr: 0.6246
  Epoch  460/1000 | Train: 0.020364 | Val Loss: 0.166493 | Val Corr: 0.6671
  Epoch  480/1000 | Train: 0.019204 | Val Loss: 0.187943 | Val Corr: 0.6380
  Epoch  500/1000 | Train: 0.020712 | Val Loss: 0.205610 | Val Corr: 0.5960
  Epoch  520/1000 | Train: 0.018306 | Val Loss: 0.188851 | Val Corr: 0.6407
  Epoch  540/1000 | Train: 0.016965 | Val Loss: 0.198639 | Val Corr: 0.6021
  Epoch  560/1000 | Train: 0.017858 | Val Loss: 0.188822 | Val Corr: 0.6258
  Epoch  580/1000 | Train: 0.019828 | Val Loss: 0.186636 | Val Corr: 0.6410
  Early stopping at epoch 585
    [lecun] s31: R²=0.2953, MAPE=18.24%
  Epoch    1/1000 | Train: 0.124412 | Val Loss: 0.178710 | Val Corr: 0.4933
  Epoch   20/1000 | Train: 0.055147 | Val Loss: 0.164337 | Val Corr: 0.5856
  Epoch   40/1000 | Train: 0.051355 | Val Loss: 0.144076 | Val Corr: 0.5594
  Epoch   60/1000 | Train: 0.039255 | Val Loss: 0.164059 | Val Corr: 0.5917
  Epoch   80/1000 | Train: 0.034463 | Val Loss: 0.164466 | Val Corr: 0.4596
  Epoch  100/1000 | Train: 0.035383 | Val Loss: 0.177348 | Val Corr: 0.4367
  Epoch  120/1000 | Train: 0.032319 | Val Loss: 0.184126 | Val Corr: 0.5499
  Epoch  140/1000 | Train: 0.027144 | Val Loss: 0.177094 | Val Corr: 0.5945
  Epoch  160/1000 | Train: 0.023477 | Val Loss: 0.183335 | Val Corr: 0.5833
  Epoch  180/1000 | Train: 0.028656 | Val Loss: 0.184156 | Val Corr: 0.5973
  Epoch  200/1000 | Train: 0.025658 | Val Loss: 0.169631 | Val Corr: 0.5585
  Epoch  220/1000 | Train: 0.021902 | Val Loss: 0.187046 | Val Corr: 0.5492
  Epoch  240/1000 | Train: 0.020815 | Val Loss: 0.193990 | Val Corr: 0.5394
  Epoch  260/1000 | Train: 0.019869 | Val Loss: 0.196855 | Val Corr: 0.5152
  Early stopping at epoch 265
    [lecun] s32: R²=0.2580, MAPE=18.22%
  Epoch    1/1000 | Train: 0.124290 | Val Loss: 0.153374 | Val Corr: 0.0985
  Epoch   20/1000 | Train: 0.057252 | Val Loss: 0.168691 | Val Corr: 0.6153
  Epoch   40/1000 | Train: 0.051545 | Val Loss: 0.188461 | Val Corr: 0.5139
  Epoch   60/1000 | Train: 0.041168 | Val Loss: 0.181680 | Val Corr: 0.5137
  Epoch   80/1000 | Train: 0.036374 | Val Loss: 0.181701 | Val Corr: 0.4841
  Epoch  100/1000 | Train: 0.033465 | Val Loss: 0.188742 | Val Corr: 0.5106
  Epoch  120/1000 | Train: 0.031661 | Val Loss: 0.189500 | Val Corr: 0.4123
  Epoch  140/1000 | Train: 0.028890 | Val Loss: 0.204355 | Val Corr: 0.4280
  Epoch  160/1000 | Train: 0.024697 | Val Loss: 0.198848 | Val Corr: 0.3934
  Epoch  180/1000 | Train: 0.022977 | Val Loss: 0.178946 | Val Corr: 0.4540
  Epoch  200/1000 | Train: 0.025973 | Val Loss: 0.211750 | Val Corr: 0.4234
  Epoch  220/1000 | Train: 0.021027 | Val Loss: 0.224282 | Val Corr: 0.3980
  Epoch  240/1000 | Train: 0.024196 | Val Loss: 0.214088 | Val Corr: 0.4441
  Epoch  260/1000 | Train: 0.021524 | Val Loss: 0.195000 | Val Corr: 0.5279
  Early stopping at epoch 276
    [lecun] s33: R²=0.3086, MAPE=17.97%
  Epoch    1/1000 | Train: 0.146465 | Val Loss: 0.185200 | Val Corr: 0.3229
  Epoch   20/1000 | Train: 0.060435 | Val Loss: 0.162692 | Val Corr: 0.5031
  Epoch   40/1000 | Train: 0.045887 | Val Loss: 0.162937 | Val Corr: 0.5967
  Epoch   60/1000 | Train: 0.045953 | Val Loss: 0.160255 | Val Corr: 0.5993
  Epoch   80/1000 | Train: 0.038106 | Val Loss: 0.186886 | Val Corr: 0.5072
  Epoch  100/1000 | Train: 0.031538 | Val Loss: 0.171236 | Val Corr: 0.5876
  Epoch  120/1000 | Train: 0.030276 | Val Loss: 0.181696 | Val Corr: 0.5596
  Epoch  140/1000 | Train: 0.028425 | Val Loss: 0.197802 | Val Corr: 0.5354
  Epoch  160/1000 | Train: 0.026841 | Val Loss: 0.196015 | Val Corr: 0.5636
  Epoch  180/1000 | Train: 0.027667 | Val Loss: 0.196885 | Val Corr: 0.5683
  Epoch  200/1000 | Train: 0.027162 | Val Loss: 0.191932 | Val Corr: 0.6113
  Epoch  220/1000 | Train: 0.021021 | Val Loss: 0.198468 | Val Corr: 0.5426
  Epoch  240/1000 | Train: 0.018778 | Val Loss: 0.198659 | Val Corr: 0.6110
  Epoch  260/1000 | Train: 0.022408 | Val Loss: 0.200847 | Val Corr: 0.5674
  Early stopping at epoch 272
    [lecun] s34: R²=0.3705, MAPE=16.10%
  Epoch    1/1000 | Train: 0.110847 | Val Loss: 0.160348 | Val Corr: 0.3097
  Epoch   20/1000 | Train: 0.058337 | Val Loss: 0.156858 | Val Corr: 0.5569
  Epoch   40/1000 | Train: 0.053298 | Val Loss: 0.165640 | Val Corr: 0.5852
  Epoch   60/1000 | Train: 0.045260 | Val Loss: 0.170154 | Val Corr: 0.5103
  Epoch   80/1000 | Train: 0.039011 | Val Loss: 0.161582 | Val Corr: 0.5258
  Epoch  100/1000 | Train: 0.035290 | Val Loss: 0.180044 | Val Corr: 0.5562
  Epoch  120/1000 | Train: 0.034479 | Val Loss: 0.191292 | Val Corr: 0.4868
  Epoch  140/1000 | Train: 0.032815 | Val Loss: 0.182770 | Val Corr: 0.5976
  Epoch  160/1000 | Train: 0.029265 | Val Loss: 0.183524 | Val Corr: 0.5129
  Epoch  180/1000 | Train: 0.029158 | Val Loss: 0.184404 | Val Corr: 0.6120
  Epoch  200/1000 | Train: 0.025228 | Val Loss: 0.184647 | Val Corr: 0.5788
  Epoch  220/1000 | Train: 0.022600 | Val Loss: 0.193683 | Val Corr: 0.5144
  Epoch  240/1000 | Train: 0.020763 | Val Loss: 0.174844 | Val Corr: 0.6132
  Epoch  260/1000 | Train: 0.022131 | Val Loss: 0.186591 | Val Corr: 0.5797
  Epoch  280/1000 | Train: 0.022832 | Val Loss: 0.178672 | Val Corr: 0.5448
  Epoch  300/1000 | Train: 0.020828 | Val Loss: 0.178471 | Val Corr: 0.5697
  Epoch  320/1000 | Train: 0.019004 | Val Loss: 0.177444 | Val Corr: 0.5936
  Epoch  340/1000 | Train: 0.022124 | Val Loss: 0.168115 | Val Corr: 0.6214
  Epoch  360/1000 | Train: 0.021673 | Val Loss: 0.161540 | Val Corr: 0.5830
  Epoch  380/1000 | Train: 0.020260 | Val Loss: 0.196162 | Val Corr: 0.5958
  Epoch  400/1000 | Train: 0.019454 | Val Loss: 0.169306 | Val Corr: 0.6381
  Epoch  420/1000 | Train: 0.017433 | Val Loss: 0.174401 | Val Corr: 0.6225
  Epoch  440/1000 | Train: 0.021769 | Val Loss: 0.189647 | Val Corr: 0.6121
  Epoch  460/1000 | Train: 0.018903 | Val Loss: 0.194753 | Val Corr: 0.6162
  Epoch  480/1000 | Train: 0.020095 | Val Loss: 0.183129 | Val Corr: 0.6284
  Epoch  500/1000 | Train: 0.018493 | Val Loss: 0.188254 | Val Corr: 0.6040
  Epoch  520/1000 | Train: 0.021362 | Val Loss: 0.176225 | Val Corr: 0.6184
  Epoch  540/1000 | Train: 0.020803 | Val Loss: 0.168835 | Val Corr: 0.5967
  Epoch  560/1000 | Train: 0.018560 | Val Loss: 0.181965 | Val Corr: 0.6738
  Epoch  580/1000 | Train: 0.016445 | Val Loss: 0.181862 | Val Corr: 0.6154
  Epoch  600/1000 | Train: 0.016904 | Val Loss: 0.183403 | Val Corr: 0.5966
  Epoch  620/1000 | Train: 0.018194 | Val Loss: 0.191365 | Val Corr: 0.5878
  Epoch  640/1000 | Train: 0.019002 | Val Loss: 0.193593 | Val Corr: 0.5737
  Epoch  660/1000 | Train: 0.017023 | Val Loss: 0.179087 | Val Corr: 0.6428
  Epoch  680/1000 | Train: 0.018850 | Val Loss: 0.182262 | Val Corr: 0.6005
  Epoch  700/1000 | Train: 0.015329 | Val Loss: 0.187268 | Val Corr: 0.6239
  Early stopping at epoch 716
    [lecun] s35: R²=0.2802, MAPE=16.60%
  Epoch    1/1000 | Train: 0.155325 | Val Loss: 0.192869 | Val Corr: 0.3265
  Epoch   20/1000 | Train: 0.063298 | Val Loss: 0.154423 | Val Corr: 0.4954
  Epoch   40/1000 | Train: 0.051029 | Val Loss: 0.177048 | Val Corr: 0.5091
  Epoch   60/1000 | Train: 0.045330 | Val Loss: 0.141513 | Val Corr: 0.5313
  Epoch   80/1000 | Train: 0.045360 | Val Loss: 0.184310 | Val Corr: 0.5786
  Epoch  100/1000 | Train: 0.036366 | Val Loss: 0.187803 | Val Corr: 0.4890
  Epoch  120/1000 | Train: 0.030701 | Val Loss: 0.193962 | Val Corr: 0.4380
  Epoch  140/1000 | Train: 0.030321 | Val Loss: 0.190473 | Val Corr: 0.5538
  Epoch  160/1000 | Train: 0.024509 | Val Loss: 0.206289 | Val Corr: 0.4769
  Epoch  180/1000 | Train: 0.025214 | Val Loss: 0.201038 | Val Corr: 0.5268
  Epoch  200/1000 | Train: 0.026297 | Val Loss: 0.202991 | Val Corr: 0.5051
  Epoch  220/1000 | Train: 0.024570 | Val Loss: 0.185952 | Val Corr: 0.5547
  Epoch  240/1000 | Train: 0.024206 | Val Loss: 0.201646 | Val Corr: 0.5618
  Epoch  260/1000 | Train: 0.020699 | Val Loss: 0.205503 | Val Corr: 0.5062
  Epoch  280/1000 | Train: 0.023840 | Val Loss: 0.218680 | Val Corr: 0.4837
  Early stopping at epoch 296
    [lecun] s36: R²=0.3195, MAPE=17.44%
  Epoch    1/1000 | Train: 0.115411 | Val Loss: 0.157353 | Val Corr: 0.1800
  Epoch   20/1000 | Train: 0.058218 | Val Loss: 0.159871 | Val Corr: 0.5501
  Epoch   40/1000 | Train: 0.049356 | Val Loss: 0.143834 | Val Corr: 0.5367
  Epoch   60/1000 | Train: 0.048570 | Val Loss: 0.152745 | Val Corr: 0.5949
  Epoch   80/1000 | Train: 0.039540 | Val Loss: 0.156667 | Val Corr: 0.6416
  Epoch  100/1000 | Train: 0.032037 | Val Loss: 0.161551 | Val Corr: 0.5653
  Epoch  120/1000 | Train: 0.025529 | Val Loss: 0.145815 | Val Corr: 0.5998
  Epoch  140/1000 | Train: 0.032416 | Val Loss: 0.172336 | Val Corr: 0.6285
  Epoch  160/1000 | Train: 0.032087 | Val Loss: 0.172434 | Val Corr: 0.6009
  Epoch  180/1000 | Train: 0.022975 | Val Loss: 0.192252 | Val Corr: 0.5711
  Epoch  200/1000 | Train: 0.025237 | Val Loss: 0.172761 | Val Corr: 0.5912
  Epoch  220/1000 | Train: 0.023379 | Val Loss: 0.159669 | Val Corr: 0.6497
  Epoch  240/1000 | Train: 0.022703 | Val Loss: 0.171823 | Val Corr: 0.6443
  Epoch  260/1000 | Train: 0.019554 | Val Loss: 0.184364 | Val Corr: 0.5815
  Epoch  280/1000 | Train: 0.020108 | Val Loss: 0.170268 | Val Corr: 0.6443
  Epoch  300/1000 | Train: 0.022783 | Val Loss: 0.170294 | Val Corr: 0.6132
  Early stopping at epoch 300
    [lecun] s37: R²=0.2441, MAPE=19.79%
  Epoch    1/1000 | Train: 0.130482 | Val Loss: 0.175280 | Val Corr: 0.1497
  Epoch   20/1000 | Train: 0.058270 | Val Loss: 0.181594 | Val Corr: 0.4452
  Epoch   40/1000 | Train: 0.050103 | Val Loss: 0.179048 | Val Corr: 0.4937
  Epoch   60/1000 | Train: 0.046490 | Val Loss: 0.174246 | Val Corr: 0.5685
  Epoch   80/1000 | Train: 0.038857 | Val Loss: 0.178931 | Val Corr: 0.5395
  Epoch  100/1000 | Train: 0.034715 | Val Loss: 0.181888 | Val Corr: 0.5540
  Epoch  120/1000 | Train: 0.027119 | Val Loss: 0.193769 | Val Corr: 0.5296
  Epoch  140/1000 | Train: 0.025848 | Val Loss: 0.181820 | Val Corr: 0.6420
  Epoch  160/1000 | Train: 0.025340 | Val Loss: 0.191210 | Val Corr: 0.5635
  Epoch  180/1000 | Train: 0.023034 | Val Loss: 0.183700 | Val Corr: 0.5887
  Epoch  200/1000 | Train: 0.025035 | Val Loss: 0.187581 | Val Corr: 0.6111
  Epoch  220/1000 | Train: 0.022215 | Val Loss: 0.189099 | Val Corr: 0.5773
  Epoch  240/1000 | Train: 0.018867 | Val Loss: 0.185245 | Val Corr: 0.5758
  Epoch  260/1000 | Train: 0.023086 | Val Loss: 0.194716 | Val Corr: 0.5325
  Epoch  280/1000 | Train: 0.021028 | Val Loss: 0.210603 | Val Corr: 0.4751
  Epoch  300/1000 | Train: 0.019846 | Val Loss: 0.199353 | Val Corr: 0.5329
  Early stopping at epoch 317
    [lecun] s38: R²=0.5405, MAPE=15.82%
  Epoch    1/1000 | Train: 0.103867 | Val Loss: 0.167269 | Val Corr: 0.2548
  Epoch   20/1000 | Train: 0.057336 | Val Loss: 0.143410 | Val Corr: 0.5553
  Epoch   40/1000 | Train: 0.048300 | Val Loss: 0.169213 | Val Corr: 0.5986
  Epoch   60/1000 | Train: 0.043409 | Val Loss: 0.195883 | Val Corr: 0.4531
  Epoch   80/1000 | Train: 0.032946 | Val Loss: 0.192606 | Val Corr: 0.5670
  Epoch  100/1000 | Train: 0.036523 | Val Loss: 0.192820 | Val Corr: 0.5867
  Epoch  120/1000 | Train: 0.031567 | Val Loss: 0.198927 | Val Corr: 0.5583
  Epoch  140/1000 | Train: 0.024946 | Val Loss: 0.186708 | Val Corr: 0.5950
  Epoch  160/1000 | Train: 0.024648 | Val Loss: 0.194894 | Val Corr: 0.5650
  Epoch  180/1000 | Train: 0.025132 | Val Loss: 0.202575 | Val Corr: 0.5186
  Epoch  200/1000 | Train: 0.024102 | Val Loss: 0.199057 | Val Corr: 0.5751
  Epoch  220/1000 | Train: 0.023628 | Val Loss: 0.192567 | Val Corr: 0.5699
  Epoch  240/1000 | Train: 0.023258 | Val Loss: 0.183268 | Val Corr: 0.5918
  Epoch  260/1000 | Train: 0.019913 | Val Loss: 0.190551 | Val Corr: 0.5711
  Epoch  280/1000 | Train: 0.025356 | Val Loss: 0.190148 | Val Corr: 0.5860
  Early stopping at epoch 280
    [lecun] s39: R²=0.3047, MAPE=17.04%
  Epoch    1/1000 | Train: 0.137016 | Val Loss: 0.172155 | Val Corr: 0.0987
  Epoch   20/1000 | Train: 0.058305 | Val Loss: 0.138788 | Val Corr: 0.6041
  Epoch   40/1000 | Train: 0.051903 | Val Loss: 0.160036 | Val Corr: 0.6055
  Epoch   60/1000 | Train: 0.041266 | Val Loss: 0.146022 | Val Corr: 0.5292
  Epoch   80/1000 | Train: 0.035139 | Val Loss: 0.155364 | Val Corr: 0.5562
  Epoch  100/1000 | Train: 0.036273 | Val Loss: 0.156652 | Val Corr: 0.6098
  Epoch  120/1000 | Train: 0.030791 | Val Loss: 0.151049 | Val Corr: 0.5851
  Epoch  140/1000 | Train: 0.031721 | Val Loss: 0.171143 | Val Corr: 0.6030
  Epoch  160/1000 | Train: 0.025117 | Val Loss: 0.160232 | Val Corr: 0.5498
  Epoch  180/1000 | Train: 0.029628 | Val Loss: 0.171715 | Val Corr: 0.5001
  Epoch  200/1000 | Train: 0.024452 | Val Loss: 0.168245 | Val Corr: 0.5623
  Epoch  220/1000 | Train: 0.022560 | Val Loss: 0.184164 | Val Corr: 0.5152
  Epoch  240/1000 | Train: 0.021489 | Val Loss: 0.177942 | Val Corr: 0.5474
  Epoch  260/1000 | Train: 0.021366 | Val Loss: 0.191840 | Val Corr: 0.5174
  Epoch  280/1000 | Train: 0.019006 | Val Loss: 0.176194 | Val Corr: 0.5587
  Early stopping at epoch 282
    [lecun] s40: R²=0.4114, MAPE=17.68%
  Epoch    1/1000 | Train: 0.119802 | Val Loss: 0.167591 | Val Corr: -0.2983
  Epoch   20/1000 | Train: 0.062153 | Val Loss: 0.161325 | Val Corr: 0.5143
  Epoch   40/1000 | Train: 0.049072 | Val Loss: 0.184250 | Val Corr: 0.5483
  Epoch   60/1000 | Train: 0.044437 | Val Loss: 0.185651 | Val Corr: 0.5501
  Epoch   80/1000 | Train: 0.039699 | Val Loss: 0.189109 | Val Corr: 0.5473
  Epoch  100/1000 | Train: 0.033030 | Val Loss: 0.176345 | Val Corr: 0.5654
  Epoch  120/1000 | Train: 0.025794 | Val Loss: 0.181726 | Val Corr: 0.5864
  Epoch  140/1000 | Train: 0.024983 | Val Loss: 0.176622 | Val Corr: 0.5723
  Epoch  160/1000 | Train: 0.026291 | Val Loss: 0.181774 | Val Corr: 0.5812
  Epoch  180/1000 | Train: 0.023873 | Val Loss: 0.183178 | Val Corr: 0.5797
  Epoch  200/1000 | Train: 0.023301 | Val Loss: 0.202462 | Val Corr: 0.5292
  Epoch  220/1000 | Train: 0.021320 | Val Loss: 0.192973 | Val Corr: 0.5591
  Epoch  240/1000 | Train: 0.020151 | Val Loss: 0.195333 | Val Corr: 0.5903
  Epoch  260/1000 | Train: 0.020426 | Val Loss: 0.194841 | Val Corr: 0.5580
  Epoch  280/1000 | Train: 0.018528 | Val Loss: 0.197878 | Val Corr: 0.5316
  Epoch  300/1000 | Train: 0.020068 | Val Loss: 0.198670 | Val Corr: 0.5478
  Epoch  320/1000 | Train: 0.021305 | Val Loss: 0.195783 | Val Corr: 0.5841
  Epoch  340/1000 | Train: 0.019407 | Val Loss: 0.190379 | Val Corr: 0.5745
  Epoch  360/1000 | Train: 0.021097 | Val Loss: 0.198441 | Val Corr: 0.5632
  Epoch  380/1000 | Train: 0.023578 | Val Loss: 0.203315 | Val Corr: 0.5349
  Epoch  400/1000 | Train: 0.017398 | Val Loss: 0.201503 | Val Corr: 0.5516
  Epoch  420/1000 | Train: 0.019500 | Val Loss: 0.185701 | Val Corr: 0.6158
  Early stopping at epoch 433
    [lecun] s41: R²=0.1913, MAPE=19.93%
  Epoch    1/1000 | Train: 0.136189 | Val Loss: 0.180645 | Val Corr: 0.0195
  Epoch   20/1000 | Train: 0.057168 | Val Loss: 0.151500 | Val Corr: 0.5709
  Epoch   40/1000 | Train: 0.049101 | Val Loss: 0.152550 | Val Corr: 0.5634
  Epoch   60/1000 | Train: 0.042273 | Val Loss: 0.159132 | Val Corr: 0.5461
  Epoch   80/1000 | Train: 0.041328 | Val Loss: 0.172605 | Val Corr: 0.5539
  Epoch  100/1000 | Train: 0.038640 | Val Loss: 0.154774 | Val Corr: 0.5710
  Epoch  120/1000 | Train: 0.029728 | Val Loss: 0.177305 | Val Corr: 0.6202
  Epoch  140/1000 | Train: 0.030669 | Val Loss: 0.162016 | Val Corr: 0.6482
  Epoch  160/1000 | Train: 0.026210 | Val Loss: 0.171844 | Val Corr: 0.6269
  Epoch  180/1000 | Train: 0.021589 | Val Loss: 0.198830 | Val Corr: 0.5633
  Epoch  200/1000 | Train: 0.025081 | Val Loss: 0.189249 | Val Corr: 0.5766
  Epoch  220/1000 | Train: 0.023016 | Val Loss: 0.192441 | Val Corr: 0.5663
  Epoch  240/1000 | Train: 0.022707 | Val Loss: 0.186063 | Val Corr: 0.6089
  Epoch  260/1000 | Train: 0.028477 | Val Loss: 0.178287 | Val Corr: 0.6515
  Epoch  280/1000 | Train: 0.022838 | Val Loss: 0.177447 | Val Corr: 0.6308
  Epoch  300/1000 | Train: 0.019539 | Val Loss: 0.163023 | Val Corr: 0.6389
  Epoch  320/1000 | Train: 0.021829 | Val Loss: 0.170170 | Val Corr: 0.6623
  Epoch  340/1000 | Train: 0.020818 | Val Loss: 0.181749 | Val Corr: 0.6424
  Early stopping at epoch 347
    [lecun] s100: R²=0.2058, MAPE=19.81%
  Epoch    1/1000 | Train: 0.110938 | Val Loss: 0.165651 | Val Corr: 0.2869
  Epoch   20/1000 | Train: 0.055445 | Val Loss: 0.150036 | Val Corr: 0.5356
  Epoch   40/1000 | Train: 0.047506 | Val Loss: 0.156671 | Val Corr: 0.6188
  Epoch   60/1000 | Train: 0.043412 | Val Loss: 0.153049 | Val Corr: 0.6262
  Epoch   80/1000 | Train: 0.039926 | Val Loss: 0.174628 | Val Corr: 0.5542
  Epoch  100/1000 | Train: 0.035749 | Val Loss: 0.189902 | Val Corr: 0.5444
  Epoch  120/1000 | Train: 0.033286 | Val Loss: 0.189183 | Val Corr: 0.5784
  Epoch  140/1000 | Train: 0.028108 | Val Loss: 0.203883 | Val Corr: 0.5151
  Epoch  160/1000 | Train: 0.027210 | Val Loss: 0.193866 | Val Corr: 0.5646
  Epoch  180/1000 | Train: 0.031910 | Val Loss: 0.190039 | Val Corr: 0.6138
  Epoch  200/1000 | Train: 0.022824 | Val Loss: 0.196648 | Val Corr: 0.5605
  Epoch  220/1000 | Train: 0.024667 | Val Loss: 0.177260 | Val Corr: 0.6432
  Epoch  240/1000 | Train: 0.024641 | Val Loss: 0.189579 | Val Corr: 0.6331
  Epoch  260/1000 | Train: 0.022282 | Val Loss: 0.201869 | Val Corr: 0.5696
  Epoch  280/1000 | Train: 0.021580 | Val Loss: 0.195604 | Val Corr: 0.5997
  Early stopping at epoch 299
    [lecun] s200: R²=0.3711, MAPE=16.29%
  Epoch    1/1000 | Train: 0.129923 | Val Loss: 0.174699 | Val Corr: 0.1049
  Epoch   20/1000 | Train: 0.058360 | Val Loss: 0.173167 | Val Corr: 0.3828
  Epoch   40/1000 | Train: 0.047928 | Val Loss: 0.164640 | Val Corr: 0.6013
  Epoch   60/1000 | Train: 0.041018 | Val Loss: 0.166240 | Val Corr: 0.5560
  Epoch   80/1000 | Train: 0.037984 | Val Loss: 0.162153 | Val Corr: 0.5842
  Epoch  100/1000 | Train: 0.031130 | Val Loss: 0.173598 | Val Corr: 0.5557
  Epoch  120/1000 | Train: 0.026679 | Val Loss: 0.177347 | Val Corr: 0.6377
  Epoch  140/1000 | Train: 0.029253 | Val Loss: 0.184176 | Val Corr: 0.4963
  Epoch  160/1000 | Train: 0.029055 | Val Loss: 0.160957 | Val Corr: 0.6787
  Epoch  180/1000 | Train: 0.026264 | Val Loss: 0.173258 | Val Corr: 0.5939
  Epoch  200/1000 | Train: 0.020918 | Val Loss: 0.176719 | Val Corr: 0.6325
  Epoch  220/1000 | Train: 0.024221 | Val Loss: 0.174927 | Val Corr: 0.5937
  Epoch  240/1000 | Train: 0.020548 | Val Loss: 0.172779 | Val Corr: 0.6310
  Epoch  260/1000 | Train: 0.021120 | Val Loss: 0.178267 | Val Corr: 0.6097
  Epoch  280/1000 | Train: 0.022861 | Val Loss: 0.170636 | Val Corr: 0.6344
  Epoch  300/1000 | Train: 0.022555 | Val Loss: 0.176561 | Val Corr: 0.6097
  Epoch  320/1000 | Train: 0.023710 | Val Loss: 0.167211 | Val Corr: 0.6463
  Epoch  340/1000 | Train: 0.021285 | Val Loss: 0.169087 | Val Corr: 0.6454
  Epoch  360/1000 | Train: 0.020024 | Val Loss: 0.173352 | Val Corr: 0.6680
  Epoch  380/1000 | Train: 0.019099 | Val Loss: 0.169916 | Val Corr: 0.6520
  Epoch  400/1000 | Train: 0.020237 | Val Loss: 0.174041 | Val Corr: 0.6095
  Epoch  420/1000 | Train: 0.024855 | Val Loss: 0.169029 | Val Corr: 0.6655
  Epoch  440/1000 | Train: 0.018404 | Val Loss: 0.181828 | Val Corr: 0.6078
  Epoch  460/1000 | Train: 0.016916 | Val Loss: 0.176831 | Val Corr: 0.6254
  Epoch  480/1000 | Train: 0.023059 | Val Loss: 0.187765 | Val Corr: 0.6249
  Epoch  500/1000 | Train: 0.022751 | Val Loss: 0.194146 | Val Corr: 0.5967
  Epoch  520/1000 | Train: 0.019221 | Val Loss: 0.180620 | Val Corr: 0.6209
  Epoch  540/1000 | Train: 0.019225 | Val Loss: 0.182941 | Val Corr: 0.6484
  Epoch  560/1000 | Train: 0.016890 | Val Loss: 0.192347 | Val Corr: 0.6107
  Epoch  580/1000 | Train: 0.019761 | Val Loss: 0.185939 | Val Corr: 0.6315
  Epoch  600/1000 | Train: 0.020941 | Val Loss: 0.184050 | Val Corr: 0.6162
  Epoch  620/1000 | Train: 0.019530 | Val Loss: 0.191666 | Val Corr: 0.6090
  Epoch  640/1000 | Train: 0.015668 | Val Loss: 0.196353 | Val Corr: 0.6231
  Epoch  660/1000 | Train: 0.018665 | Val Loss: 0.190295 | Val Corr: 0.6030
  Epoch  680/1000 | Train: 0.016585 | Val Loss: 0.192416 | Val Corr: 0.6690
  Epoch  700/1000 | Train: 0.016774 | Val Loss: 0.184899 | Val Corr: 0.6703
  Epoch  720/1000 | Train: 0.017928 | Val Loss: 0.198155 | Val Corr: 0.5933
  Early stopping at epoch 723
    [lecun] s500: R²=0.2722, MAPE=19.00%
  Epoch    1/1000 | Train: 0.099459 | Val Loss: 0.157173 | Val Corr: 0.3454
  Epoch   20/1000 | Train: 0.059911 | Val Loss: 0.147201 | Val Corr: 0.4457
  Epoch   40/1000 | Train: 0.050051 | Val Loss: 0.161329 | Val Corr: 0.5562
  Epoch   60/1000 | Train: 0.041276 | Val Loss: 0.153065 | Val Corr: 0.5252
  Epoch   80/1000 | Train: 0.030436 | Val Loss: 0.181136 | Val Corr: 0.5906
  Epoch  100/1000 | Train: 0.028582 | Val Loss: 0.173258 | Val Corr: 0.6117
  Epoch  120/1000 | Train: 0.033142 | Val Loss: 0.174546 | Val Corr: 0.5674
  Epoch  140/1000 | Train: 0.027296 | Val Loss: 0.189587 | Val Corr: 0.5002
  Epoch  160/1000 | Train: 0.027101 | Val Loss: 0.202675 | Val Corr: 0.5185
  Epoch  180/1000 | Train: 0.025644 | Val Loss: 0.208695 | Val Corr: 0.5278
  Epoch  200/1000 | Train: 0.022205 | Val Loss: 0.200249 | Val Corr: 0.5582
  Epoch  220/1000 | Train: 0.023324 | Val Loss: 0.202762 | Val Corr: 0.5447
  Epoch  240/1000 | Train: 0.021030 | Val Loss: 0.217475 | Val Corr: 0.5107
  Epoch  260/1000 | Train: 0.020945 | Val Loss: 0.208531 | Val Corr: 0.5318
  Early stopping at epoch 268
    [lecun] s1000: R²=0.2831, MAPE=19.62%
  80% PI (q10–q90): coverage=0.487, avg_width=9809.8 kg

  >>> Best: [lecun] seed=38  R²=0.5405 <<<
  >>> Ensemble top-20: R²=0.4815, MAPE=15.79% <<<

=======================================================
  INVERNADERO 4 - MÉTRICAS (Test: T17, h=4 semanas)
=======================================================
  RMSE (kg)      :  7169.4185
  R²             :     0.5405
  NSE            :     0.5405
  PBIAS (%)      :     4.2302
  MAPE (%)       :    15.8221
=======================================================
  >>> MAPE:    15.8221% <<<
=======================================================
Saved: /Users/josuetapiahernandez/Documents/Huerta_Prediction/Models/results/quantile_inv4_results.png

  Top-25 R²: mean=0.4308, std=0.0349

Best model → results/best_cnn_rnn_inv4.pt
Metrics    → results/cnn_rnn_inv4_metrics.csv
Predictions → results/cnn_rnn_inv4_predictions.npz
